# Blender 4.4.3
# www.blender.org
mtllib map1.mtl
o Plane
v -29.200001 0.000000 7.000000
v 39.000000 0.000000 7.000000
v -29.200001 0.000000 0.000000
v 39.000000 0.000000 0.000000
v 1.055160 0.000000 7.000000
v 1.055160 0.000000 0.000000
v -0.645138 0.000000 0.000000
v -0.645138 0.000000 7.000000
v 1.055160 0.000000 7.200000
v -0.645138 0.000000 7.200000
v 1.055160 0.000000 10.000000
v -0.645138 0.000000 10.000000
v -6.200000 0.000000 10.000000
v -6.200000 0.000000 7.200000
v -5.700000 0.000000 10.000000
v -5.700000 0.000000 7.200000
v -4.100000 0.000000 10.000000
v -4.100000 0.000000 7.200000
v -5.700000 0.000000 10.200000
v -4.100000 0.000000 10.200000
v -7.800000 0.000000 10.000000
v -7.800000 0.000000 7.200000
v -6.200000 0.000000 10.200000
v -7.800000 0.000000 10.200000
v -6.200000 0.000000 15.000000
v -7.800000 0.000000 15.000000
v -11.000000 0.000000 10.200000
v -11.000000 0.000000 15.000000
v -5.700000 0.000000 13.000000
v -4.100000 0.000000 13.000000
v -2.700000 0.000000 10.200000
v -2.700000 0.000000 13.000000
v -5.700000 0.000000 36.400188
v -4.100000 0.000000 36.400188
v -2.700000 0.000000 36.400188
v 8.000000 0.000000 10.200000
v 8.000000 0.000000 13.000000
v 1.200000 0.000000 10.200000
v 1.200000 0.000000 13.000000
v 2.800000 0.000000 13.000000
v 2.800000 0.000000 10.200000
v 1.200000 0.000000 13.200000
v 2.800000 0.000000 13.200000
v -6.200000 0.000000 15.200000
v -7.800000 0.000000 15.200000
v -6.200000 0.000000 16.000000
v -7.800000 0.000000 16.000000
v -17.000423 0.000000 15.200000
v -17.000423 0.000000 16.000000
v -6.200000 0.000000 36.000000
v -7.800000 0.000000 36.000000
v -17.000423 0.000000 36.000000
v -7.800000 0.000000 28.000000
v -17.000423 0.000000 28.000000
v -6.200000 0.000000 28.000000
v -29.000423 0.000000 36.000000
v -29.000423 0.000000 28.000000
v -19.000423 0.000000 36.000000
v -19.000423 0.000000 28.000000
v -7.800000 0.000000 26.000000
v -6.200000 0.000000 26.000000
v -17.000423 0.000000 26.000000
v -7.800000 0.000000 21.000000
v -6.200000 0.000000 21.000000
v -17.000423 0.000000 21.000000
v -17.000423 0.000000 22.600000
v -7.800000 0.000000 22.600000
v -6.200000 0.000000 22.600000
v -12.400211 0.000000 16.000000
v -12.400211 0.000000 15.200000
v -12.400211 0.000000 36.000000
v -12.400211 0.000000 28.000000
v -12.400211 0.000000 26.000000
v -12.400211 0.000000 21.000000
v -12.400211 0.000000 22.600000
v -17.200424 0.000000 21.000000
v -17.200424 0.000000 22.600000
v -22.900425 0.000000 21.000000
v -22.900425 0.000000 22.600000
v -17.200424 0.000000 25.900000
v -22.900425 0.000000 26.000000
v -18.995424 0.000000 21.000000
v -18.995424 0.000000 22.600000
v -18.995424 0.000000 26.000000
v -22.900425 0.000000 27.799999
v -19.095425 0.000000 27.799999
v -20.200171 0.000000 21.000000
v -20.200171 0.000000 22.600000
v -20.200171 0.000000 26.000000
v -20.200171 0.000000 27.799999
v -21.799999 0.000000 21.000000
v -21.799999 0.000000 22.600000
v -21.799999 0.000000 26.000000
v -21.799999 0.000000 27.799999
v -21.799999 0.000000 28.000000
v -21.799999 0.000000 36.000000
v -20.200001 0.000000 36.000000
v -20.200001 0.000000 28.000000
v -5.700000 0.000000 39.400372
v -4.100000 0.000000 39.400372
v -2.700000 0.000000 39.400372
v -7.800001 0.000000 36.400188
v -7.800001 0.000000 39.400372
v -5.900000 0.000000 15.200000
v -5.900000 0.000000 16.000000
v -5.900000 0.000000 36.000000
v -5.900000 0.000000 28.000000
v -5.900000 0.000000 26.000000
v -5.900000 0.000000 21.000000
v -5.900000 0.000000 22.600000
v -6.200000 0.000000 36.200001
v -7.800000 0.000000 36.200001
v -17.000423 0.000000 36.200001
v -29.000423 0.000000 36.200001
v -19.000423 0.000000 36.200001
v -12.400211 0.000000 36.200001
v -21.799999 0.000000 36.200001
v -20.200001 0.000000 36.200001
v -5.900000 0.000000 36.200001
v -2.700000 0.000000 28.000000
v -4.100000 0.000000 28.000000
v -5.700000 0.000000 28.000000
v -2.700000 0.000000 26.400000
v -4.100000 0.000000 26.400000
v -5.700000 0.000000 26.400000
v -6.200000 0.000000 26.400000
v -5.900000 0.000000 26.400000
v -4.100000 0.000000 29.000000
v -5.700000 0.000000 29.000000
v -2.700000 0.000000 29.000000
v -2.700000 0.000000 25.399998
v -4.100000 0.000000 25.399998
v -5.700000 0.000000 25.399998
v -6.200000 0.000000 25.400000
v -5.900000 0.000000 25.400000
v -2.700000 0.000000 21.000000
v -4.100000 0.000000 21.000000
v -5.700000 0.000000 21.000000
v -4.100000 0.000000 22.600000
v -5.700000 0.000000 22.600000
v -2.700000 0.000000 22.600000
v -6.200000 0.000000 29.000000
v -5.900000 0.000000 29.000000
v -4.100000 0.000000 35.999996
v -5.700000 0.000000 35.999996
v -2.700000 0.000000 35.999996
v -6.200000 0.000000 36.400188
v -6.200000 0.000000 39.400372
v -4.100000 0.000000 36.202011
v -5.700000 0.000000 36.199883
v -2.700000 0.000000 36.202011
v -12.400001 0.000000 36.400188
v -12.400001 0.000000 39.400372
v -17.000000 0.000000 36.400188
v -17.000000 0.000000 39.400372
v -19.000000 0.000000 36.400188
v -19.000000 0.000000 39.400372
v -20.200001 0.000000 36.400188
v -20.200001 0.000000 39.400372
v -21.800001 0.000000 36.404022
v -21.800001 0.000000 39.400372
v -29.000002 0.000000 36.404022
v -29.000002 0.000000 39.400372
v -5.900000 0.000000 39.400372
v -5.900000 0.000000 36.400188
v 1.200000 0.000000 18.000000
v 2.800000 0.000000 18.000000
v 1.200000 0.000000 15.800000
v 2.800000 0.000000 15.800000
v 2.800000 0.000000 14.200000
v 1.200000 0.000000 14.200000
v 1.000000 0.000000 15.800000
v 1.000000 0.000000 14.200000
v -2.500000 0.000000 15.800000
v -2.500000 0.000000 14.200000
v 1.000000 0.000000 13.200000
v -2.500000 0.000000 13.200000
v 1.000000 0.000000 17.800001
v -2.500000 0.000000 17.800001
v -2.000000 0.000000 36.400188
v -2.000000 0.000000 39.400372
v 5.500000 0.000000 36.400188
v 5.500000 0.000000 39.400372
v -2.000000 0.000000 35.000187
v 5.500000 0.000000 35.000187
v -2.000000 0.000000 40.599998
v 5.500000 0.000000 40.599998
v 1.200000 0.000000 34.299999
v 2.800000 0.000000 34.299999
v -2.000000 0.000000 18.000000
v -2.000000 0.000000 34.299999
v 20.000000 0.000000 18.000000
v 20.000000 0.000000 34.299999
v 6.200000 0.000000 18.000000
v 6.200000 0.000000 34.299999
v 7.799999 0.000000 34.299999
v 7.800000 0.000000 18.000000
v 6.200000 0.000000 17.799999
v 7.800000 0.000000 17.799999
v 6.200000 0.000000 13.199999
v 7.800000 0.000000 13.199999
v 3.000000 0.000000 17.799999
v 3.000000 0.000000 13.199999
v 20.000000 0.000000 40.599998
v 6.200000 0.000000 40.599998
v 7.799999 0.000000 40.599998
v 6.200000 0.000000 39.400002
v 7.799999 0.000000 39.400002
v 20.000000 0.000000 39.400002
v 7.799999 0.000000 36.400002
v 20.000000 0.000000 36.400002
v 6.200000 0.000000 36.400002
v -7.800000 0.000000 17.000000
v -6.200000 0.000000 17.000000
v -17.000423 0.000000 17.000000
v -12.400211 0.000000 17.000000
v -5.900000 0.000000 17.000000
v -17.000423 0.000000 18.600000
v -12.400211 0.000000 18.600000
v -7.800000 0.000000 18.600000
v -6.200000 0.000000 18.600000
v -5.900000 0.000000 18.600000
v -17.200424 0.000000 17.000000
v -17.200424 0.000000 18.600000
v -20.200171 0.000000 20.799999
v -21.799999 0.000000 20.799999
v -19.800171 0.000000 20.000000
v -19.800171 0.000000 20.799999
v -21.799999 0.000000 20.000000
v -20.200171 0.000000 20.000000
v -22.199999 0.000000 20.799999
v -22.199999 0.000000 20.000000
v -17.700424 0.000000 17.000000
v -17.700424 0.000000 18.600000
v -17.200424 0.000000 19.000000
v -17.700424 0.000000 19.000000
v -17.200424 0.000000 16.600000
v -17.700424 0.000000 16.600000
v -19.800425 0.000000 17.000000
v -19.800425 0.000000 18.600000
v -19.800425 0.000000 19.000000
v -19.800425 0.000000 16.600000
v -21.799999 0.000000 19.000000
v -20.200171 0.000000 19.000000
v -22.199999 0.000000 19.000000
v -20.200171 0.000000 18.600000
v -21.799999 0.000000 17.000000
v -22.199999 0.000000 17.000000
v -21.799999 0.000000 16.600000
v -22.199999 0.000000 16.600000
v 2.800000 0.000000 31.000002
v 1.200000 0.000000 31.000002
v -2.000000 0.000000 31.000002
v 20.000000 0.000000 31.000002
v 6.200000 0.000000 31.000002
v 7.799999 0.000000 31.000002
v 2.800000 0.000000 29.399635
v 20.000000 0.000000 29.399635
v 6.200000 0.000000 29.399635
v 7.799999 0.000000 29.399635
v 1.200000 0.000000 29.399635
v -2.000000 0.000000 29.399635
v 20.200001 0.000000 31.000002
v 20.200001 0.000000 29.399635
v -5.700000 0.000000 45.754536
v -4.100000 0.000000 45.754536
v -2.700000 0.000000 44.599998
v -7.800001 0.000000 45.754536
v -6.200000 0.000000 45.754536
v -12.400001 0.000000 45.754536
v -17.000000 0.000000 45.754536
v -19.000000 0.000000 45.754536
v -20.200001 0.000000 45.754536
v -21.800001 0.000000 45.754536
v -29.000002 0.000000 45.754536
v -5.900000 0.000000 45.754536
v -37.200001 0.000000 7.000000
v -37.200001 0.000000 0.000000
v -29.200001 0.000000 66.000000
v -37.200001 0.000000 66.000000
v -20.200001 0.000000 43.799999
v -19.000000 0.000000 43.799999
v -5.700000 0.000000 43.799999
v -4.100000 0.000000 43.799999
v -5.900000 0.000000 43.799999
v -17.000000 0.000000 43.799999
v -12.400001 0.000000 43.799999
v -2.700000 0.000000 42.999996
v -7.800001 0.000000 43.799999
v -6.200000 0.000000 43.799999
v -29.000002 0.000000 43.799999
v -21.800001 0.000000 43.799999
v -37.200001 0.000000 39.400002
v -29.200001 0.000000 39.400002
v -37.200001 0.000000 43.799999
v -29.200001 0.000000 43.799999
v 5.200000 0.000000 13.000000
v 5.200000 0.000000 10.200000
v 6.800000 0.000000 13.000000
v 6.800000 0.000000 10.200000
v 5.200000 0.000000 10.000000
v 6.800000 0.000000 10.000000
v 5.200000 0.000000 7.200000
v 6.800000 0.000000 7.200000
v 1.300000 0.000000 10.000000
v 1.300000 0.000000 7.200000
v 8.500000 0.000000 10.000000
v 8.500000 0.000000 7.200000
v 20.000000 0.000000 7.783016
v 20.000000 0.000000 13.000000
v 8.000000 0.000000 17.299999
v 20.000000 0.000000 17.299999
v 8.997275 0.000000 13.000000
v 8.997275 0.000000 10.200000
v 8.997275 0.000000 17.299999
v 11.338629 0.000000 13.000000
v 11.338629 0.000000 17.299999
v 11.338629 0.000000 7.783016
v 24.400002 0.000000 31.000002
v 24.400002 0.000000 29.399635
v 20.200001 0.000000 26.999636
v 24.400002 0.000000 26.999636
v 20.200001 0.000000 32.500000
v 24.400002 0.000000 32.500000
v 2.800000 0.000000 25.000000
v 20.000000 0.000000 25.000000
v 6.200000 0.000000 25.000000
v 7.800000 0.000000 25.000000
v 1.200000 0.000000 25.000000
v -2.000000 0.000000 25.000000
v 2.800000 0.000000 23.400000
v 20.000000 0.000000 23.400000
v 6.200000 0.000000 23.400000
v 7.800000 0.000000 23.400000
v 1.200000 0.000000 23.400000
v -2.000000 0.000000 23.400000
v 20.200001 0.000000 25.000000
v 20.200001 0.000000 23.400000
v 24.400002 0.000000 25.000000
v 24.400002 0.000000 23.400000
v 20.200001 0.000000 26.799999
v 24.400002 0.000000 26.799999
v 20.200001 0.000000 18.000000
v 24.400002 0.000000 18.000000
v -6.200000 0.000000 13.000000
v -7.800000 0.000000 13.000000
v -11.000000 0.000000 13.000000
v -6.200000 0.000000 11.400000
v -7.800000 0.000000 11.400000
v -11.000000 0.000000 11.400000
v -11.200000 0.000000 13.000000
v -11.200000 0.000000 11.400000
v -14.200000 0.000000 13.000000
v -14.200000 0.000000 11.400000
v -11.200000 0.000000 15.000000
v -14.200000 0.000000 15.000000
v -11.200000 0.000000 7.199999
v -14.200000 0.000000 7.199999
v -14.200000 0.000000 10.000000
v -11.200000 0.000000 10.000000
v -8.000000 0.000000 7.199999
v -8.000000 0.000000 10.000000
v -14.400000 0.000000 13.000000
v -14.400000 0.000000 11.400000
v -15.000000 0.000000 11.000000
v -15.000000 0.000000 11.400000
v -15.000000 0.000000 13.000000
v -14.400000 0.000000 11.000000
v -15.000000 0.000000 13.400000
v -14.400000 0.000000 13.400000
v -20.200001 0.000000 16.600000
v -20.200001 0.000000 17.000000
v -19.800425 0.000000 15.200001
v -21.799999 0.000000 15.200001
v -22.199999 0.000000 15.200001
v -20.200001 0.000000 15.200001
v -21.799999 0.000000 15.000001
v -20.200001 0.000000 15.000001
v -21.799999 0.000000 13.400001
v -20.200001 0.000000 13.400001
v -19.800001 0.000000 15.000001
v -19.800001 0.000000 13.400001
v -22.199999 0.000000 15.000001
v -22.199999 0.000000 13.400001
v -19.800001 0.000000 11.000000
v -19.800001 0.000000 11.400000
v -19.800001 0.000000 13.000000
v -20.200001 0.000000 13.000001
v -21.799999 0.000000 11.000000
v -22.199999 0.000000 11.000000
v -21.799999 0.000000 11.400000
v -22.199999 0.000000 11.400000
v -22.199999 0.000000 13.000000
v -21.799999 0.000000 13.000000
v -20.200001 0.000000 11.400000
v -20.200001 0.000000 11.000000
v -28.999998 0.000000 13.400001
v -28.999998 0.000000 11.000000
v -28.999998 0.000000 11.400000
v -28.999998 0.000000 13.000000
v -16.200001 0.000000 13.000000
v -16.200001 0.000000 11.400000
v -16.200001 0.000000 11.000000
v -16.200001 0.000000 13.400000
v -17.799999 0.000000 13.000000
v -17.799999 0.000000 11.400000
v -17.799999 0.000000 11.000000
v -17.799999 0.000000 13.400000
v -16.200001 0.000000 10.800000
v -17.799999 0.000000 10.800000
v -16.200001 0.000000 7.200000
v -17.799999 0.000000 7.200000
v -14.400001 0.000000 10.800000
v -14.400001 0.000000 7.200000
v -19.799999 0.000000 10.800000
v -19.799999 0.000000 7.200000
v -21.799999 0.000000 10.800000
v -20.200001 0.000000 10.800000
v -21.799999 0.000000 7.200000
v -20.200001 0.000000 7.200000
v -20.000000 0.000000 10.800000
v -20.000000 0.000000 7.200000
v -25.400000 0.000000 10.800000
v -25.400000 0.000000 7.200000
v -27.000000 0.000000 11.400000
v -27.000000 0.000000 13.000000
v -27.000000 0.000000 11.000000
v -27.000000 0.000000 13.400001
v -28.600000 0.000000 11.400000
v -28.600000 0.000000 11.000000
v -28.600000 0.000000 13.000000
v -28.600000 0.000000 13.400001
v -27.000000 0.000000 10.800000
v -28.600000 0.000000 10.800000
v -27.000000 0.000000 7.200000
v -28.600000 0.000000 7.200000
v -29.000000 0.000000 10.800000
v -29.000000 0.000000 7.200000
v -25.600000 0.000000 10.800000
v -25.600000 0.000000 7.200000
v -27.000000 0.000000 7.400000
v -28.600000 0.000000 7.400000
v -29.000000 0.000000 7.400000
v -25.600000 0.000000 7.400000
v -28.600000 0.000000 9.000000
v -29.000000 0.000000 9.000000
v -27.000000 0.000000 9.000000
v -25.600000 0.000000 9.000000
v -20.200001 0.000000 9.000000
v -21.799999 0.000000 9.000000
v -20.000000 0.000000 9.000000
v -25.400000 0.000000 9.000000
v -20.200001 0.000000 7.400000
v -20.000000 0.000000 7.400000
v -21.799999 0.000000 7.400000
v -25.400000 0.000000 7.400000
v -2.500000 0.000000 44.599998
v -2.500000 0.000000 42.999996
v 3.400000 0.000000 44.599998
v 3.400000 0.000000 42.999996
v -2.500000 0.000000 40.799995
v 3.400000 0.000000 40.799995
v 5.000000 0.000000 44.599998
v 5.000000 0.000000 42.999996
v 5.000000 0.000000 40.799995
v 7.799999 0.000000 44.599998
v 7.799999 0.000000 42.999996
v 7.799999 0.000000 40.799995
v 6.200000 0.000000 42.999996
v 6.200000 0.000000 40.799995
v 6.200000 0.000000 44.599998
v 3.400000 0.000000 36.400188
v 3.400000 0.000000 39.400372
v 3.400000 0.000000 35.000187
v 3.400000 0.000000 40.599998
v 5.000000 0.000000 39.400372
v 5.000000 0.000000 40.599998
v 5.000000 0.000000 36.400188
v 5.000000 0.000000 35.000187
v -2.500000 0.000000 46.360306
v 3.400000 0.000000 46.360306
v 5.000000 0.000000 46.360306
v 7.799999 0.000000 46.360306
v 6.200000 0.000000 46.360306
v -21.799999 0.000000 18.600000
v -22.199999 0.000000 18.600000
v -22.400000 0.000000 17.000000
v -22.400000 0.000000 18.600000
v -23.900000 0.000000 17.000000
v -23.900000 0.000000 18.600000
v -22.400000 0.000000 13.600000
v -23.900000 0.000000 13.600000
v -22.400000 0.000000 20.800001
v -23.900000 0.000000 20.800001
v -29.000000 0.000000 17.000000
v -29.000000 0.000000 18.600000
v -29.000000 0.000000 13.600000
v -29.000000 0.000000 20.800001
v -26.000000 0.000000 18.600000
v -26.000000 0.000000 20.800001
v -26.000000 0.000000 13.600000
v -26.000000 0.000000 17.000000
v -27.600000 0.000000 18.600000
v -27.600000 0.000000 13.600000
v -27.600000 0.000000 20.800001
v -27.600000 0.000000 17.000000
v -26.000000 0.000000 21.000002
v -27.600000 0.000000 21.000002
v -26.000000 0.000000 22.000002
v -27.600000 0.000000 22.000002
v -23.100000 0.000000 21.000002
v -23.100000 0.000000 22.000002
v -29.000000 0.000000 21.000002
v -29.000000 0.000000 22.000002
v -26.000000 0.000000 27.800003
v -27.600000 0.000000 27.800003
v -23.100000 0.000000 27.800003
v -29.000000 0.000000 27.800003
v -29.200001 4.000000 7.000000
v -29.000423 4.000000 36.000000
v -29.000423 4.000000 28.000000
v -22.900425 4.000000 21.000000
v -22.900425 4.000000 22.600000
v -22.900425 4.000000 26.000000
v -22.900425 4.000000 27.799999
v -21.799999 4.000000 21.000000
v -21.799999 4.000000 27.799999
v -21.799999 4.000000 28.000000
v -29.000423 4.000000 36.200001
v -21.799999 4.000000 36.200001
v -21.800001 4.000000 36.404022
v -29.000002 4.000000 36.404022
v -29.000002 4.000000 39.400372
v -21.799999 4.000000 20.799999
v -22.199999 4.000000 20.799999
v -22.199999 4.000000 20.000000
v -22.199999 4.000000 19.000000
v -22.199999 4.000000 17.000000
v -22.199999 4.000000 16.600000
v -29.200001 4.000000 39.400002
v -21.799999 4.000000 15.200001
v -22.199999 4.000000 15.200001
v -22.199999 4.000000 15.000001
v -22.199999 4.000000 13.400001
v -28.999998 4.000000 13.400001
v -28.999998 4.000000 11.000000
v -28.999998 4.000000 11.400000
v -28.999998 4.000000 13.000000
v -27.000000 4.000000 13.400001
v -28.600000 4.000000 11.000000
v -28.600000 4.000000 13.400001
v -28.600000 4.000000 10.800000
v -29.000000 4.000000 10.800000
v -29.000000 4.000000 7.200000
v -29.000000 4.000000 7.400000
v -29.000000 4.000000 9.000000
v -22.199999 4.000000 18.600000
v -22.400000 4.000000 17.000000
v -22.400000 4.000000 18.600000
v -22.400000 4.000000 13.600000
v -23.900000 4.000000 13.600000
v -22.400000 4.000000 20.800001
v -23.900000 4.000000 20.800001
v -29.000000 4.000000 17.000000
v -29.000000 4.000000 18.600000
v -29.000000 4.000000 13.600000
v -29.000000 4.000000 20.800001
v -26.000000 4.000000 20.800001
v -26.000000 4.000000 13.600000
v -27.600000 4.000000 13.600000
v -27.600000 4.000000 20.800001
v -26.000000 4.000000 21.000002
v -27.600000 4.000000 21.000002
v -23.100000 4.000000 21.000002
v -23.100000 4.000000 22.000002
v -29.000000 4.000000 21.000002
v -29.000000 4.000000 22.000002
v -26.000000 4.000000 27.800003
v -27.600000 4.000000 27.800003
v -23.100000 4.000000 27.800003
v -29.000000 4.000000 27.800003
v -11.000000 4.000000 15.000000
v -17.000423 4.000000 15.200000
v -17.000423 4.000000 16.000000
v -12.400211 4.000000 15.200000
v -17.000423 4.000000 17.000000
v -17.200424 4.000000 17.000000
v -17.200424 4.000000 16.600000
v -17.700424 4.000000 16.600000
v -19.800425 4.000000 16.600000
v -11.000000 4.000000 13.000000
v -11.200000 4.000000 13.000000
v -11.200000 4.000000 15.000000
v -14.200000 4.000000 15.000000
v -14.400000 4.000000 13.000000
v -15.000000 4.000000 13.400000
v -14.400000 4.000000 13.400000
v -19.800425 4.000000 15.200001
v -20.200001 4.000000 15.200001
v -20.200001 4.000000 15.000001
v -19.800001 4.000000 15.000001
v -19.800001 4.000000 13.400001
v -16.200001 4.000000 13.400000
v -17.799999 4.000000 13.400000
v -22.199999 4.000000 11.000000
v -21.799999 4.000000 10.800000
v -25.400000 4.000000 10.800000
v -27.000000 4.000000 11.000000
v -27.000000 4.000000 10.800000
v -25.600000 4.000000 10.800000
v -25.600000 4.000000 9.000000
v -25.400000 4.000000 9.000000
v -28.602291 0.000000 0.000000
v -28.602291 0.000000 7.000000
v -0.645138 4.000000 7.000000
v -6.200000 4.000000 7.200000
v -5.700000 4.000000 7.200000
v -4.100000 4.000000 7.200000
v -7.800000 4.000000 10.000000
v -7.800000 4.000000 7.200000
v -11.000000 4.000000 10.200000
v -11.000000 4.000000 11.400000
v -11.200000 4.000000 11.400000
v -14.200000 4.000000 11.400000
v -11.200000 4.000000 7.199999
v -14.200000 4.000000 7.199999
v -14.200000 4.000000 10.000000
v -11.200000 4.000000 10.000000
v -8.000000 4.000000 7.199999
v -8.000000 4.000000 10.000000
v -14.400000 4.000000 11.400000
v -15.000000 4.000000 11.000000
v -14.400000 4.000000 11.000000
v -19.800001 4.000000 11.000000
v -20.200001 4.000000 11.000000
v -16.200001 4.000000 11.000000
v -16.200001 4.000000 10.800000
v -17.799999 4.000000 10.800000
v -16.200001 4.000000 7.200000
v -17.799999 4.000000 7.200000
v -14.400001 4.000000 10.800000
v -14.400001 4.000000 7.200000
v -19.799999 4.000000 10.800000
v -19.799999 4.000000 7.200000
v -20.200001 4.000000 10.800000
v -21.799999 4.000000 7.200000
v -20.200001 4.000000 7.200000
v -20.000000 4.000000 10.800000
v -20.000000 4.000000 7.200000
v -25.400000 4.000000 7.200000
v -27.000000 4.000000 7.200000
v -28.600000 4.000000 7.200000
v -25.600000 4.000000 7.200000
v -20.000000 4.000000 9.000000
v -20.000000 4.000000 7.400000
v -25.400000 4.000000 7.400000
v -28.602291 4.000000 7.000000
v -17.000423 4.000000 21.000000
v -18.995424 4.000000 21.000000
v -20.200171 4.000000 21.000000
v -17.000423 4.000000 18.600000
v -17.200424 4.000000 18.600000
v -20.200171 4.000000 20.799999
v -19.800171 4.000000 20.000000
v -19.800171 4.000000 20.799999
v -17.200424 4.000000 19.000000
v -17.700424 4.000000 19.000000
v -19.800425 4.000000 19.000000
v -19.000423 4.000000 28.000000
v -17.000423 4.000000 26.000000
v -17.000423 4.000000 22.600000
v -17.200424 4.000000 22.600000
v -17.200424 4.000000 25.900000
v -19.095425 4.000000 27.799999
v -20.200171 4.000000 27.799999
v -20.200001 4.000000 28.000000
v -25.600000 2.850001 7.200000
v -14.200000 2.850001 10.000000
v -14.200000 2.850001 7.199999
v -25.400000 2.850001 7.200000
v -14.400001 2.850001 10.800000
v -16.200001 2.850001 10.800000
v -15.000000 2.850001 11.000000
v -14.400000 2.850001 11.000000
v -11.200000 2.850001 10.000000
v -11.200000 2.850001 11.400000
v -16.200001 2.850001 7.200000
v -14.400001 2.850001 7.200000
v -7.800000 2.850001 7.200000
v -21.799999 2.850001 7.200000
v -27.000000 2.850001 7.200000
v -19.799999 2.850001 10.800000
v -19.799999 2.850001 7.200000
v -8.000000 2.850001 7.199999
v -8.000000 2.850001 10.000000
v -17.799999 2.850001 7.200000
v -11.000000 2.850001 11.400000
v -6.200000 2.850001 7.200000
v -11.200000 2.850001 7.199999
v -17.799999 2.850001 10.800000
v -5.700000 2.850001 7.200000
v -28.602291 2.850001 7.000000
v -20.000000 2.850001 9.000000
v -20.000000 2.850001 10.800000
v -20.200001 2.850001 10.800000
v -20.200001 2.850001 11.000000
v -19.800001 2.850001 11.000000
v -17.799999 2.850001 11.000000
v -4.100000 2.850001 7.200000
v -28.600000 2.850001 7.200000
v -16.200001 2.850001 11.000000
v -14.400000 2.850001 11.400000
v -14.200000 2.850001 11.400000
v -20.200001 2.850001 7.200000
v -20.000000 2.850001 7.200000
v -20.000000 2.850001 7.400000
v -11.000000 2.850001 10.200000
v -11.200000 2.850000 15.000000
v -14.200000 2.850000 15.000000
v -17.799999 2.850000 13.400000
v -19.800001 2.850000 13.400001
v -17.200424 2.850000 16.600000
v -20.200001 2.850000 15.200001
v -19.800425 2.850000 15.200001
v -16.200001 2.850000 13.400000
v -14.400000 2.850000 13.400000
v -15.000000 2.850000 13.400000
v -11.200000 2.850000 13.000000
v -17.000423 2.850000 15.200000
v -12.400211 2.850000 15.200000
v -19.800425 2.850000 16.600000
v -14.200000 2.850000 13.000000
v -11.000000 2.850000 13.000000
v -17.000423 2.850000 17.000000
v -7.800000 2.850000 15.200000
v -14.400000 2.850000 13.000000
v -19.800001 2.850000 15.000001
v -11.000000 2.850000 15.000000
v -20.200001 2.850000 15.000001
v -17.700424 2.850000 16.600000
v -17.000423 2.850000 16.000000
v -14.200000 4.000000 13.002600
v -6.200000 4.000000 10.000000
v -5.700000 4.000000 10.000000
v -5.700000 4.000000 10.200000
v -6.200000 4.000000 10.200000
v -6.200000 4.000000 15.000000
v -5.700000 4.000000 13.000000
v -6.200000 4.000000 15.200000
v -5.900000 4.000000 15.200000
v -5.900000 4.000000 16.000000
v -5.900000 4.000000 21.000000
v -5.700000 4.000000 21.000000
v -5.900000 4.000000 17.000000
v -5.900000 4.000000 18.600000
v -6.200000 4.000000 13.000000
v -6.200000 4.000000 11.400000
v -6.200000 2.850000 11.400000
v -6.200000 2.850000 10.200000
v -5.900000 2.850000 21.000000
v -5.900000 2.850000 18.600000
v -6.200000 2.850000 13.000000
v -5.700000 2.850000 13.000000
v -5.700000 2.850000 21.000000
v -6.200000 2.850000 15.000000
v -5.900000 2.850000 16.000000
v -5.900000 2.850000 15.200000
v -6.200000 2.850000 10.000000
v -6.200000 2.850000 15.200000
v -5.900000 2.850000 17.000000
v -5.700000 2.850000 10.000000
v -5.700000 2.850000 10.200000
v -26.000000 2.850000 20.800001
v -26.000000 2.850000 21.000002
v -23.900000 2.850000 20.800001
v -22.400000 2.850000 20.800001
v -22.199999 2.850000 15.200001
v -22.400000 2.850000 18.600000
v -29.000423 2.850000 36.000000
v -29.000423 2.850000 36.200001
v -29.000000 2.850000 17.000000
v -29.000000 2.850000 18.600000
v -23.100000 2.850000 22.000002
v -23.100000 2.850000 21.000002
v -29.000000 2.850000 13.600000
v -29.000000 2.850000 20.800001
v -22.900425 2.850000 27.799999
v -21.799999 2.850000 27.799999
v -29.200001 2.850000 39.400002
v -29.200001 2.850000 7.000000
v -29.000000 2.850000 9.000000
v -29.000000 2.850000 10.800000
v -29.000000 2.850000 21.000002
v -29.000000 2.850000 22.000002
v -22.199999 2.850000 16.600000
v -22.900425 2.850000 21.000000
v -22.900425 2.850000 22.600000
v -27.600000 2.850000 13.600000
v -21.799999 2.850000 21.000000
v -29.000002 2.850000 39.400372
v -27.600000 2.850000 27.800003
v -26.000000 2.850000 27.800003
v -29.000002 2.850000 36.404022
v -21.799999 2.850000 15.000001
v -23.100000 2.850000 27.800003
v -21.800001 2.850000 36.404022
v -29.000000 2.850000 27.800003
v -23.900000 2.850000 13.600000
v -26.000000 2.850000 13.600000
v -22.900425 2.850000 26.000000
v -21.799999 2.850000 36.200001
v -29.000000 2.850000 7.200000
v -29.000000 2.850000 7.400000
v -22.199999 2.850000 19.000000
v -22.199999 2.850000 20.000000
v -21.799999 2.850000 20.799999
v -28.600000 2.850000 13.400001
v -27.000000 2.850000 13.400001
v -22.199999 2.850000 17.000000
v -22.199999 2.850000 18.600000
v -21.799999 2.850000 28.000000
v -22.400000 2.850000 17.000000
v -22.199999 2.850000 13.400001
v -22.199999 2.850000 15.000001
v -22.199999 2.850000 20.799999
v -28.999998 2.850000 13.000000
v -28.999998 2.850000 13.400001
v -28.999998 2.850000 11.000000
v -28.999998 2.850000 11.400000
v -29.000423 2.850000 28.000000
v -22.400000 2.850000 13.600000
v -27.000000 2.850000 10.800000
v -27.000000 2.850000 11.000000
v -25.600000 2.850000 9.000000
v -25.600000 2.850000 10.800000
v -22.199999 2.850000 11.000000
v -21.799999 2.850000 10.800000
v -25.400000 2.850000 10.800000
v -25.400000 2.850000 9.000000
v -21.799999 2.850000 11.000000
v -25.600000 4.000000 7.408010
v -25.600000 2.850000 7.408010
v -25.400000 2.850000 7.408010
v -28.599125 2.850000 10.800000
v -28.599125 2.850000 11.000000
v -21.796904 4.000000 11.000000
v -17.799824 4.000000 11.000000
v -21.798113 4.000000 15.000001
v -21.798113 2.850000 15.200001
v -19.800425 2.850000 19.000000
v -19.800171 2.850000 20.000000
v -19.800171 2.850000 20.799999
v -17.200424 2.850000 21.000000
v -17.000423 2.850000 21.000000
v -17.700424 2.850000 19.000000
v -17.200424 2.850000 18.600000
v -17.200424 2.850000 19.000000
v -18.995424 2.850000 21.000000
v -17.000423 2.850000 18.600000
v -17.200424 2.850000 17.000246
v -20.197798 2.850000 21.000000
v -20.197798 2.850000 20.799999
v -27.595016 2.850000 20.800001
v -27.595016 2.850000 21.000002
v -7.800632 4.000000 15.000000
v -7.800632 4.000000 15.200000
v -7.800632 2.850000 15.000000
v -17.200424 2.850000 25.900000
v -19.095425 2.850000 27.799999
v -17.000423 2.850000 26.000000
v -17.000423 2.850000 22.600000
v -20.200001 2.850000 28.000000
v -19.000423 2.850000 28.000000
v -17.200424 2.850000 22.600000
v -17.200424 4.000000 20.998962
v -20.203697 2.850000 27.799999
v -5.900000 4.000000 26.000000
v -5.700000 4.000000 26.400000
v -5.900000 4.000000 26.400000
v -5.700000 4.000000 25.399998
v -5.900000 4.000000 25.400000
v -5.900000 4.000000 28.000000
v -5.700000 4.000000 28.000000
v -5.900000 2.850000 26.000000
v -5.900000 2.850000 25.400000
v -5.700000 2.850000 26.400000
v -5.700000 2.850000 25.399998
v -5.700000 2.850000 28.000000
v -5.900000 2.850000 28.000000
v -5.900000 2.850000 26.404829
v -5.700000 4.000000 36.400188
v -5.700000 4.000000 36.199883
v -17.000423 4.000000 36.200001
v -19.000423 4.000000 36.200001
v -12.400211 4.000000 36.200001
v -20.200001 4.000000 36.200001
v -12.400001 4.000000 36.400188
v -17.000000 4.000000 36.400188
v -19.000000 4.000000 36.400188
v -12.400211 2.850000 36.200001
v -12.400001 2.850000 36.400188
v -17.000000 2.850000 36.400188
v -19.000000 2.850000 36.400188
v -17.000423 2.850000 36.200001
v -19.000423 2.850000 36.200001
v -20.200001 4.000000 36.404022
v -20.200001 2.850000 36.404022
v -20.199999 2.850000 36.200001
v -7.797299 4.000000 10.200000
v -7.797299 2.850000 10.200000
v -7.797299 2.850000 10.000000
v -5.700000 2.850000 36.199883
v -5.700000 2.850000 36.400188
v -5.900000 2.850000 36.400188
v -5.900000 4.000000 28.997343
v -5.700000 4.000000 28.997225
v -5.700000 2.850000 28.997225
v -5.900000 2.850000 28.997343
v -5.904528 4.000000 36.200001
v -5.904317 4.000000 36.400188
v -5.904528 2.850000 36.200001
v 39.000000 4.000000 7.000000
v 1.055160 4.000000 7.000000
v 1.055160 4.000000 10.000000
v -0.645138 4.000000 10.000000
v 1.055160 4.000000 7.200000
v -4.100000 4.000000 10.000000
v -4.100000 4.000000 10.200000
v -2.700000 4.000000 10.200000
v 8.000000 4.000000 10.200000
v 8.000000 4.000000 13.000000
v 1.200000 4.000000 10.200000
v 2.800000 4.000000 13.000000
v 2.800000 4.000000 10.200000
v 2.800000 4.000000 13.200000
v 2.800000 4.000000 15.800000
v 2.800000 4.000000 14.200000
v 20.000000 4.000000 18.000000
v 20.000000 4.000000 34.299999
v 6.200000 4.000000 18.000000
v 6.200000 4.000000 17.799999
v 6.200000 4.000000 13.199999
v 7.800000 4.000000 13.199999
v 3.000000 4.000000 17.799999
v 3.000000 4.000000 13.199999
v 20.000000 4.000000 40.599998
v 20.000000 4.000000 39.400002
v 20.000000 4.000000 36.400002
v 20.000000 4.000000 29.399635
v 20.200001 4.000000 29.399635
v -5.700000 4.000000 45.754536
v -4.100000 4.000000 45.754536
v -2.700000 4.000000 44.599998
v -7.800001 4.000000 45.754536
v -6.200000 4.000000 45.754536
v -12.400001 4.000000 45.754536
v -17.000000 4.000000 45.754536
v -19.000000 4.000000 45.754536
v -20.200001 4.000000 45.754536
v -21.800001 4.000000 45.754536
v -29.000002 4.000000 45.754536
v -5.900000 4.000000 45.754536
v -29.200001 4.000000 66.000000
v -29.000002 4.000000 43.799999
v -29.200001 4.000000 43.799999
v 5.200000 4.000000 13.000000
v 5.200000 4.000000 10.200000
v 6.800000 4.000000 13.000000
v 6.800000 4.000000 10.200000
v 6.800000 4.000000 10.000000
v 5.200000 4.000000 7.200000
v 6.800000 4.000000 7.200000
v 1.300000 4.000000 10.000000
v 1.300000 4.000000 7.200000
v 8.500000 4.000000 10.000000
v 8.500000 4.000000 7.200000
v 20.000000 4.000000 7.783016
v 20.000000 4.000000 13.000000
v 8.000000 4.000000 17.299999
v 20.000000 4.000000 17.299999
v 8.997275 4.000000 10.200000
v 8.997275 4.000000 17.299999
v 11.338629 4.000000 17.299999
v 11.338629 4.000000 7.783016
v 24.400002 4.000000 31.000002
v 24.400002 4.000000 29.399635
v 20.200001 4.000000 26.999636
v 24.400002 4.000000 26.999636
v 20.200001 4.000000 32.500000
v 24.400002 4.000000 32.500000
v 20.000000 4.000000 23.400000
v 20.200001 4.000000 23.400000
v 24.400002 4.000000 25.000000
v 24.400002 4.000000 23.400000
v 20.200001 4.000000 26.799999
v 24.400002 4.000000 26.799999
v 20.200001 4.000000 18.000000
v 24.400002 4.000000 18.000000
v -2.500000 4.000000 44.599998
v 7.799999 4.000000 44.599998
v 7.799999 4.000000 42.999996
v -2.500000 4.000000 46.360306
v 3.400000 4.000000 46.360306
v 5.000000 4.000000 46.360306
v 7.799999 4.000000 46.360306
v 6.200000 4.000000 46.360306
v -20.807379 4.000000 52.866009
v -8.386417 4.000000 53.148205
v 3.867119 4.000000 53.133137
v -29.200001 4.000000 45.803078
v -29.200001 0.000000 45.803078
v -37.200001 0.000000 45.803078
v -2.700000 4.000000 39.400372
v -2.000000 4.000000 39.400372
v -2.000000 4.000000 40.599998
v -2.500000 4.000000 42.999996
v -2.500000 4.000000 40.799995
v 3.400000 4.000000 40.799995
v 3.400000 4.000000 40.599998
v 5.500000 4.000000 39.400372
v 5.500000 4.000000 40.599998
v 6.200000 4.000000 40.599998
v 6.200000 4.000000 39.400002
v 5.000000 4.000000 40.799995
v 6.200000 4.000000 40.799995
v -2.700000 4.000000 13.000000
v -2.700000 4.000000 28.000000
v -2.700000 4.000000 26.400000
v -2.700000 4.000000 29.000000
v -2.700000 4.000000 25.399998
v -2.700000 4.000000 21.000000
v -2.700000 4.000000 22.600000
v -2.700000 4.000000 35.999996
v -2.700000 4.000000 36.202011
v 1.200000 4.000000 18.000000
v 1.200000 4.000000 14.200000
v 1.000000 4.000000 14.200000
v -2.500000 4.000000 15.800000
v -2.500000 4.000000 14.200000
v 1.000000 4.000000 13.200000
v -2.500000 4.000000 13.200000
v 1.000000 4.000000 17.800001
v -2.500000 4.000000 17.800001
v -2.000000 4.000000 35.000187
v 5.500000 4.000000 35.000187
v 1.200000 4.000000 34.299999
v 2.800000 4.000000 34.299999
v -2.000000 4.000000 18.000000
v -2.000000 4.000000 34.299999
v 6.200000 4.000000 34.299999
v -2.000000 4.000000 31.000002
v -2.000000 4.000000 29.399635
v -2.000000 4.000000 25.000000
v -2.000000 4.000000 23.400000
v 3.400000 4.000000 35.000187
v 5.000000 4.000000 35.000187
v 14.640565 4.000000 44.112526
v 23.080702 4.000000 38.816513
v 20.027580 0.000000 0.000000
v 20.027580 0.000000 7.000000
v 20.027580 4.000000 7.000000
v 28.301159 4.000000 26.539879
v 26.469969 4.000000 13.760486
v 39.000000 4.000000 66.000000
v 4.899998 4.000000 66.000000
v -12.150002 4.000000 66.000000
v 21.949999 4.000000 66.000000
v 39.000000 4.000000 36.500000
v 39.000000 4.000000 51.250000
v 39.000000 4.000000 21.750000
v 14.063195 4.000000 54.902702
v 25.138977 4.000000 50.796612
v 3.000000 2.850000 17.799999
v 3.000000 2.850000 13.199999
v 2.800000 2.850000 13.200000
v 2.800000 2.850000 14.200000
v 6.200000 2.850000 13.199999
v 20.200001 2.850000 26.999636
v 24.400002 2.850000 26.999636
v 6.200000 2.850000 17.799999
v 20.200001 2.850000 29.399635
v 2.800000 2.850000 15.800000
v 2.800000 2.850000 18.000000
v 1.300000 2.850000 10.000000
v 1.300000 2.850000 7.200000
v 20.000000 2.850000 40.599998
v 2.800000 2.850000 10.200000
v 24.400002 2.850000 29.399635
v 5.200000 2.850000 7.200000
v -29.000002 2.850000 45.754536
v 20.000000 2.850000 23.400000
v 20.200001 2.850000 23.400000
v 24.400002 2.850000 32.500000
v 20.200001 2.850000 32.500000
v 24.400002 2.850000 31.000002
v 8.500000 2.850000 7.200000
v 8.500000 2.850000 10.000000
v 1.055160 2.850000 7.000000
v 24.400002 2.850000 23.400000
v 24.400002 2.850000 25.000000
v 2.800000 2.850000 13.000000
v 20.200001 2.850000 31.000002
v 6.800000 2.850000 10.000000
v 20.000000 2.850000 34.299999
v 20.000000 2.850000 36.400002
v 6.800000 2.850000 7.200000
v 1.055160 2.850000 10.000000
v -0.645138 2.850000 10.000000
v 20.000000 2.850000 29.399635
v 7.799999 2.850000 42.999996
v 7.799999 2.850000 44.599998
v 20.000000 2.850000 7.783016
v 20.000000 2.850000 13.000000
v 1.055160 2.850000 7.200000
v 24.400002 2.850000 26.799999
v 20.200001 2.850000 26.799999
v -4.100000 2.850000 45.754536
v -5.700000 2.850000 45.754536
v 20.000000 2.850000 39.400002
v -2.700000 2.850000 44.599998
v 3.400000 2.850000 46.360306
v -2.500000 2.850000 46.360306
v 8.000000 2.850000 10.200000
v 8.997275 2.850000 10.200000
v -5.900000 2.850000 45.754536
v 20.000000 2.850000 18.000000
v 5.000000 2.850000 46.360306
v 20.000000 2.850000 17.299999
v 11.338629 2.850000 17.299999
v 20.200001 2.850000 18.000000
v 24.400002 2.850000 18.000000
v 6.200000 2.850000 18.000000
v -6.200000 2.850000 45.754536
v -7.800001 2.850000 45.754536
v 7.799999 2.850000 46.360306
v 6.200000 2.850000 46.360306
v 8.000000 2.850000 17.299999
v 8.000000 2.850000 13.000000
v -29.200001 2.850000 43.799999
v -29.200001 2.850000 66.000000
v -12.400001 2.850000 45.754536
v -4.100000 2.850000 10.000000
v -17.000000 2.850000 45.754536
v -4.100000 2.850000 10.200000
v -2.700000 2.850000 10.200000
v 11.338629 2.850000 7.783016
v -19.000000 2.850000 45.754536
v -2.500000 2.850000 44.599998
v 8.997275 2.850000 17.299999
v 5.200000 2.850000 13.000000
v -20.200001 2.850000 45.754536
v -21.800001 2.850000 45.754536
v 6.800000 2.850000 13.000000
v 6.800000 2.850000 10.200000
v 39.000000 2.850000 7.000000
v 7.800000 2.850000 13.199999
v 1.200000 2.850000 10.200000
v -29.200001 2.850000 45.803078
v 20.027580 2.850000 7.000000
v -2.700000 2.850001 21.000000
v -2.700000 2.850001 22.600000
v 5.000000 2.850001 35.000187
v 5.500000 2.850001 35.000187
v -2.700000 2.850001 29.000000
v -2.700000 2.850001 35.999996
v -2.000000 2.850001 23.400000
v -2.000000 2.850001 18.000000
v 1.000000 2.850001 15.800000
v 1.000000 2.850001 17.800001
v 2.800000 2.850001 34.299999
v 1.200000 2.850001 34.299999
v -2.500000 2.850001 17.800001
v -2.500000 2.850001 15.800000
v 1.200000 2.850001 14.200000
v 1.200000 2.850001 13.200000
v -2.700000 2.850001 13.000000
v -2.000000 2.850001 25.000000
v -2.700000 2.850001 25.399998
v -2.700000 2.850001 26.400000
v -2.000000 2.850001 34.299999
v -2.000000 2.850001 31.000002
v 1.200000 2.850001 15.800000
v 3.400000 2.850001 35.000187
v -2.000000 2.850001 29.399635
v 1.000000 2.850001 14.200000
v 1.200000 2.850001 18.000000
v -2.700000 2.850001 36.202011
v -2.500000 2.850001 14.200000
v -2.700000 2.850001 28.000000
v -2.000000 2.850001 35.000187
v -2.500000 2.850001 13.200000
v 1.000000 2.850001 13.200000
v 6.200000 2.850001 34.299999
v -2.700000 2.850000 39.400372
v -2.000000 2.850000 39.400372
v -2.500000 2.850000 42.999996
v -2.000000 2.850000 40.599998
v 3.400000 2.850000 40.599998
v 3.400000 2.850000 40.799995
v -2.500000 2.850000 40.799995
v 5.000000 2.850000 40.599998
v 5.500000 2.850000 40.599998
v 5.000000 2.850000 40.799995
v 5.500000 2.850000 39.400372
v 6.200000 2.850000 39.400002
v 6.200000 2.850000 40.599998
v 6.200000 2.850000 40.799995
v -0.640617 4.000000 7.200000
v -0.640617 2.850000 7.000000
v -0.640617 2.850000 7.200000
v 5.199307 4.000000 10.000000
v 5.199307 2.850000 10.000000
v 5.199307 2.850000 10.200000
v 1.202881 4.000000 13.000000
v 1.202881 4.000000 13.200000
v 1.202881 2.850000 13.000000
v 1.200000 0.000000 17.799997
v 2.800000 0.000000 17.799997
v 2.800000 4.000000 17.799997
v 1.200000 4.000000 17.799997
v 1.200000 2.850001 17.799997
v 2.799577 4.000000 18.000000
v 2.799577 2.850001 17.799997
v 7.799711 4.000000 18.000000
v 7.799711 4.000000 17.799999
v 7.799711 2.850000 17.799999
v 7.799711 2.850000 18.000000
v -2.700000 4.000000 43.003799
v -2.700000 2.850000 43.003799
v -2.700000 4.000000 36.407166
v -2.000000 4.000000 36.407166
v -2.700000 2.850000 36.407166
v -2.000000 2.850000 36.407166
v 4.998635 4.000000 40.599998
v 1.000000 4.000000 15.794895
v 7.796848 4.000000 40.599998
v 7.796848 4.000000 40.799995
v 7.796848 2.850000 40.599998
v 7.796848 2.850000 40.799995
v 5.500000 4.000000 36.401249
v 6.200000 4.000000 36.400879
v 5.500000 2.850000 36.401249
v 6.200000 2.850000 36.400879
v 20.000000 4.000000 25.000345
v 20.200001 4.000000 25.000345
v 20.000000 2.850000 25.000345
v 20.200001 2.850000 25.000345
v 20.000000 4.000000 30.992758
v 20.200001 4.000000 30.992758
v 1.200000 4.000000 15.794895
v 20.000000 2.850000 30.992758
v -29.000002 2.850000 43.796867
vn -0.0000 1.0000 -0.0000
vn -0.0000 -0.0000 -1.0000
vn -0.0000 -1.0000 -0.0000
vn -0.0000 -0.0000 1.0000
vn -1.0000 -0.0000 -0.0000
vn 1.0000 -0.0000 -0.0000
vn 1.0000 0.0012 -0.0005
vn -1.0000 -0.0000 0.0003
vn 0.0003 0.0005 1.0000
vn -0.7080 -0.0000 -0.7062
vn 0.7071 -0.0000 0.7071
vn 1.0000 -0.0016 -0.0000
vn 1.0000 -0.0009 -0.0000
vn -0.0000 -0.0028 1.0000
vn 1.0000 -0.0005 -0.0005
vn 1.0000 0.0001 -0.0016
vn 0.0006 -0.0000 1.0000
vn 1.0000 -0.0017 -0.0000
vn 1.0000 -0.0003 -0.0047
vn -0.0019 -0.0000 1.0000
vn 1.0000 -0.0003 -0.0000
vn -1.0000 0.0008 -0.0000
vn -1.0000 -0.0006 0.0097
vn 0.0121 -0.0008 0.9999
vn 0.0003 0.0010 1.0000
vn 0.0032 -0.0000 1.0000
vn 0.0016 -0.0007 1.0000
vn 1.0000 -0.0000 -0.0011
vn -0.0006 -0.0000 -1.0000
vn -0.9999 -0.0008 0.0113
vn -1.0000 -0.0000 -0.0006
vn -1.0000 -0.0000 0.0014
vn -0.6362 -0.0000 -0.7715
vn 0.7183 -0.0000 0.6958
vn -1.0000 -0.0000 -0.0001
vn 1.0000 -0.0013 0.0014
vn 1.0000 0.0002 -0.0000
vn -1.0000 -0.0001 -0.0000
vn -0.0078 -0.0006 -1.0000
vn -1.0000 -0.0006 0.0007
vn -1.0000 -0.0011 -0.0000
vn 0.0181 -0.0013 -0.9998
vn -0.0000 0.0001 -1.0000
vn -1.0000 -0.0001 0.0011
vn 1.0000 -0.0005 0.0072
vn -0.0000 -0.0024 1.0000
vn 0.0004 -0.0003 1.0000
vn 0.0095 -0.0007 1.0000
vn -0.0005 -0.0000 -1.0000
vn -1.0000 -0.0001 -0.0001
vn -1.0000 0.0002 -0.0001
vt 0.796708 0.000000
vt 1.000000 0.000000
vt 1.000000 1.000000
vt 0.796708 1.000000
vt 0.516130 0.000000
vt 0.593416 0.000000
vt 0.593416 1.000000
vt 0.516130 1.000000
vt 0.010804 0.000000
vt 0.010804 1.000000
vt 0.000000 0.000000
vt 0.000000 1.000000
vt 0.516130 0.000000
vt 0.010804 0.000000
vt 0.796708 0.000000
s 0
usemtl 
f 1060/1/1 2/2/1 4/3/1 1059/4/1
f 8/5/1 5/6/1 6/7/1 7/8/1
f 614/9/1 8/5/1 7/8/1 613/10/1
f 5/6/1 8/5/1 10/5/1 9/6/1
f 9/6/1 10/5/1 12/5/1 11/6/1
f 15/5/1 16/5/1 14/5/1 13/5/1
f 17/5/1 18/5/1 16/5/1 15/5/1
f 12/5/1 10/5/1 18/5/1 17/5/1
f 17/5/1 15/5/1 19/5/1 20/5/1
f 13/5/1 14/5/1 22/5/1 21/5/1
f 13/5/1 21/5/1 24/5/1 23/5/1
f 345/5/1 346/5/1 26/5/1 25/5/1
f 349/5/1 24/5/1 27/5/1 350/5/1
f 20/5/1 19/5/1 29/5/1 30/5/1
f 20/5/1 30/5/1 32/5/1 31/5/1
f 151/5/1 149/5/1 34/5/1 35/5/1
f 149/5/1 150/5/1 33/5/1 34/5/1
f 300/5/1 299/5/1 37/5/1 36/5/1
f 31/5/1 32/5/1 39/5/1 38/5/1
f 38/5/1 39/5/1 40/5/1 41/5/1
f 40/5/1 39/5/1 42/5/1 43/5/1
f 25/5/1 26/5/1 45/5/1 44/5/1
f 44/5/1 45/5/1 47/5/1 46/5/1
f 69/5/1 70/5/1 48/5/1 49/5/1
f 72/5/1 54/5/1 52/5/1 71/5/1
f 55/5/1 142/5/1 143/5/1 107/5/1
f 61/5/1 126/5/1 127/5/1 108/5/1
f 73/5/1 62/5/1 54/5/1 72/5/1
f 96/5/1 95/5/1 57/5/1 56/5/1
f 52/5/1 54/5/1 59/5/1 58/5/1
f 75/5/1 66/5/1 62/5/1 73/5/1
f 68/5/1 134/5/1 135/5/1 110/5/1
f 54/5/1 62/5/1 59/5/1
f 221/5/1 220/5/1 63/5/1 64/5/1
f 219/5/1 218/5/1 65/5/1 74/5/1
f 64/5/1 63/5/1 67/5/1 68/5/1
f 74/5/1 65/5/1 66/5/1 75/5/1
f 63/5/1 74/5/1 75/5/1 67/5/1
f 220/5/1 219/5/1 74/5/1 63/5/1
f 67/5/1 75/5/1 73/5/1 60/5/1
f 60/5/1 73/5/1 72/5/1 53/5/1
f 53/5/1 72/5/1 71/5/1 51/5/1
f 47/5/1 45/5/1 70/5/1 69/5/1
f 66/5/1 65/5/1 76/5/1 77/5/1
f 92/5/1 91/5/1 78/5/1 79/5/1
f 92/5/1 79/5/1 81/5/1 93/5/1
f 77/5/1 83/5/1 84/5/1 80/5/1
f 77/5/1 76/5/1 82/5/1 83/5/1
f 93/5/1 81/5/1 85/5/1 94/5/1
f 84/5/1 89/5/1 90/5/1 86/5/1
f 83/5/1 88/5/1 89/5/1 84/5/1
f 83/5/1 82/5/1 87/5/1 88/5/1
f 89/5/1 93/5/1 94/5/1 90/5/1
f 88/5/1 92/5/1 93/5/1 89/5/1
f 88/5/1 87/5/1 91/5/1 92/5/1
f 97/5/1 98/5/1 95/5/1 96/5/1
f 58/5/1 59/5/1 98/5/1 97/5/1
f 94/5/1 95/5/1 98/5/1 90/5/1
f 84/5/1 86/5/1 80/5/1
f 35/5/1 34/5/1 100/5/1 101/5/1
f 34/5/1 33/5/1 99/5/1 100/5/1
f 148/5/1 147/5/1 102/5/1 103/5/1
f 64/5/1 68/5/1 110/5/1 109/5/1
f 44/5/1 46/5/1 105/5/1 104/5/1
f 126/5/1 55/5/1 107/5/1 127/5/1
f 221/5/1 64/5/1 109/5/1 222/5/1
f 134/5/1 61/5/1 108/5/1 135/5/1
f 142/5/1 50/5/1 106/5/1 143/5/1
f 71/5/1 52/5/1 113/5/1 116/5/1
f 51/5/1 71/5/1 116/5/1 112/5/1
f 106/5/1 50/5/1 111/5/1 119/5/1
f 97/5/1 96/5/1 117/5/1 118/5/1
f 58/5/1 97/5/1 118/5/1 115/5/1
f 96/5/1 56/5/1 114/5/1 117/5/1
f 50/5/1 51/5/1 112/5/1 111/5/1
f 52/5/1 58/5/1 115/5/1 113/5/1
f 124/5/1 125/5/1 122/5/1 121/5/1
f 123/5/1 124/5/1 121/5/1 120/5/1
f 131/5/1 132/5/1 124/5/1 123/5/1
f 132/5/1 133/5/1 125/5/1 124/5/1
f 61/5/1 60/5/1 126/5/1
f 60/5/1 53/5/1 126/5/1
f 55/5/1 126/5/1 53/5/1
f 125/5/1 127/5/1 107/5/1 122/5/1
f 121/5/1 122/5/1 129/5/1 128/5/1
f 120/5/1 121/5/1 128/5/1 130/5/1
f 139/5/1 140/5/1 133/5/1 132/5/1
f 141/5/1 139/5/1 132/5/1 131/5/1
f 61/5/1 134/5/1 60/5/1
f 68/5/1 67/5/1 134/5/1
f 67/5/1 60/5/1 134/5/1
f 32/5/1 30/5/1 137/5/1 136/5/1
f 30/5/1 29/5/1 138/5/1 137/5/1
f 136/5/1 137/5/1 139/5/1 141/5/1
f 137/5/1 138/5/1 140/5/1 139/5/1
f 135/5/1 133/5/1 140/5/1 110/5/1
f 110/5/1 140/5/1 138/5/1 109/5/1
f 51/5/1 142/11/1 53/5/1
f 142/11/1 55/5/1 53/5/1
f 51/5/1 50/5/1 142/11/1
f 128/5/1 129/5/1 145/5/1 144/5/1
f 130/5/1 128/5/1 144/5/1 146/5/1
f 106/5/1 145/5/1 129/5/1 143/5/1
f 119/11/1 145/5/1 106/5/1
f 164/5/1 165/5/1 147/5/1 148/5/1
f 119/11/1 150/5/1 145/5/1
f 144/5/1 145/5/1 150/5/1 149/5/1
f 146/5/1 144/5/1 149/5/1 151/5/1
f 99/5/1 33/5/1 165/5/1 164/5/1
f 103/5/1 102/5/1 152/5/1 153/5/1
f 153/5/1 152/5/1 154/5/1 155/5/1
f 155/5/1 154/5/1 156/5/1 157/5/1
f 157/5/1 156/5/1 158/5/1 159/5/1
f 159/5/1 158/5/1 160/5/1 161/5/1
f 161/5/1 160/5/1 162/5/1 163/5/1
f 117/5/1 160/5/1 158/5/1 118/5/1
f 116/5/1 152/5/1 102/5/1 112/5/1
f 147/5/1 111/5/1 112/5/1 102/5/1
f 111/5/1 147/5/1 165/5/1 119/5/1
f 1218/5/1 1217/5/1 166/5/1 167/5/1
f 170/5/1 171/5/1 168/5/1 169/5/1
f 43/5/1 42/5/1 171/5/1 170/5/1
f 168/5/1 171/5/1 173/5/1 172/5/1
f 172/5/1 173/5/1 175/5/1 174/5/1
f 175/5/1 173/5/1 176/5/1 177/5/1
f 172/5/1 174/5/1 179/5/1 178/5/1
f 35/5/1 101/5/1 181/5/1 180/5/1
f 478/5/1 476/5/1 183/5/1 182/5/1
f 478/5/1 182/5/1 185/5/1 479/5/1
f 473/5/1 181/5/1 186/5/1 475/5/1
f 251/5/1 252/5/1 188/5/1 189/5/1
f 335/5/1 166/5/1 190/5/1 336/5/1
f 256/5/1 196/5/1 193/5/1 254/5/1
f 251/5/1 189/5/1 195/5/1 255/5/1
f 255/5/1 195/5/1 196/5/1 256/5/1
f 194/5/1 197/5/1 199/5/1 198/5/1
f 198/5/1 199/5/1 201/5/1 200/5/1
f 198/5/1 200/5/1 203/5/1 202/5/1
f 208/5/1 207/5/1 205/5/1 206/5/1
f 209/5/1 208/5/1 206/5/1 204/5/1
f 211/5/1 210/5/1 208/5/1 209/5/1
f 210/5/1 212/5/1 207/5/1 208/5/1
f 196/5/1 195/5/1 212/5/1 210/5/1
f 193/5/1 196/5/1 210/5/1 211/5/1
f 183/5/1 207/5/1 212/5/1 182/5/1
f 46/5/1 214/5/1 217/5/1 105/5/1
f 47/5/1 69/5/1 216/5/1 213/5/1
f 69/5/1 49/5/1 215/5/1 216/5/1
f 46/5/1 47/5/1 213/5/1 214/5/1
f 214/5/1 221/5/1 222/5/1 217/5/1
f 213/5/1 216/5/1 219/5/1 220/5/1
f 216/5/1 215/5/1 218/5/1 219/5/1
f 214/5/1 213/5/1 220/5/1 221/5/1
f 218/5/1 215/5/1 223/5/1 224/5/1
f 91/5/1 87/5/1 225/5/1 226/5/1
f 226/5/1 225/5/1 230/5/1 229/5/1
f 230/5/1 225/5/1 228/5/1 227/5/1
f 226/5/1 229/5/1 232/5/1 231/5/1
f 224/5/1 223/5/1 233/5/1 234/5/1
f 224/5/1 234/5/1 236/5/1 235/5/1
f 233/5/1 223/5/1 237/5/1 238/5/1
f 233/5/1 238/5/1 242/5/1 239/5/1
f 236/5/1 234/5/1 240/5/1 241/5/1
f 234/5/1 233/5/1 239/5/1 240/5/1
f 232/5/1 229/5/1 243/5/1 245/5/1
f 229/5/1 230/5/1 244/5/1 243/5/1
f 230/5/1 227/5/1 241/5/1 244/5/1
f 246/11/1 244/5/1 241/5/1 240/5/1
f 486/5/1 485/5/1 247/5/1 248/5/1
f 248/5/1 247/5/1 249/5/1 250/5/1
f 371/5/1 249/5/1 247/5/1 372/5/1
f 246/11/1 239/5/1 372/5/1
f 243/5/1 244/5/1 246/11/1 485/5/1
f 485/5/1 246/11/1 247/5/1
f 240/5/1 239/5/1 246/11/1
f 259/5/1 255/5/1 256/5/1 260/5/1
f 257/5/1 251/5/1 255/5/1 259/5/1
f 260/5/1 256/5/1 254/5/1 258/5/1
f 188/5/1 252/5/1 253/5/1 191/5/1
f 257/5/1 261/5/1 252/5/1 251/5/1
f 325/5/1 329/5/1 261/5/1 257/5/1
f 328/5/1 260/5/1 258/5/1 326/5/1
f 325/5/1 257/5/1 259/5/1 327/5/1
f 327/5/1 259/5/1 260/5/1 328/5/1
f 252/5/1 261/5/1 262/5/1 253/5/1
f 258/5/1 254/5/1 263/5/1 264/5/1
f 282/5/1 281/5/1 273/5/1 272/5/1
f 284/5/1 283/5/1 265/5/1 266/5/1
f 283/5/1 285/5/1 276/5/1 265/5/1
f 286/5/1 282/5/1 272/5/1 271/5/1
f 287/5/1 286/5/1 271/5/1 270/5/1
f 288/5/1 284/5/1 266/5/1 267/5/1
f 289/5/1 287/5/1 270/5/1 268/5/1
f 285/5/1 290/5/1 269/5/1 276/5/1
f 292/5/1 291/5/1 275/5/1 274/5/1
f 290/5/1 289/5/1 268/5/1 269/5/1
f 281/5/1 292/5/1 274/5/1 273/5/1
f 1/11/1 3/12/1 278/12/1 277/11/1
f 1011/11/1 1012/11/1 280/11/1 279/11/1
f 159/5/1 161/5/1 292/5/1 281/5/1
f 148/5/1 103/5/1 289/5/1 290/5/1
f 161/5/1 163/5/1 291/5/1 292/5/1
f 164/5/1 148/5/1 290/5/1 285/5/1
f 103/5/1 153/5/1 287/5/1 289/5/1
f 101/5/1 100/5/1 284/5/1 288/5/1
f 153/5/1 155/5/1 286/5/1 287/5/1
f 155/5/1 157/5/1 282/5/1 286/5/1
f 99/5/1 164/5/1 285/5/1 283/5/1
f 100/5/1 99/5/1 283/5/1 284/5/1
f 157/5/1 159/5/1 281/5/1 282/5/1
f 1/11/1 277/11/1 293/11/1 294/11/1
f 294/11/1 293/11/1 295/11/1 296/11/1
f 163/5/1 294/11/1 296/11/1 291/5/1
f 41/5/1 40/5/1 297/5/1 298/5/1
f 298/5/1 297/5/1 299/5/1 300/5/1
f 298/5/1 300/5/1 302/5/1 301/5/1
f 301/5/1 302/5/1 304/5/1 303/5/1
f 301/5/1 303/5/1 306/5/1 305/5/1
f 304/5/1 302/5/1 307/5/1 308/5/1
f 318/5/1 316/5/1 310/5/1 309/5/1
f 313/5/1 37/5/1 311/5/1 315/5/1
f 316/5/1 313/5/1 315/5/1 317/5/1
f 36/5/1 37/5/1 313/5/1 314/5/1
f 310/5/1 316/5/1 317/5/1 312/5/1
f 314/5/1 313/5/1 316/5/1 318/5/1
f 264/5/1 263/5/1 319/5/1 320/5/1
f 264/5/1 320/5/1 322/5/1 321/5/1
f 319/5/1 263/5/1 323/5/1 324/5/1
f 333/5/1 327/5/1 328/5/1 334/5/1
f 331/5/1 325/5/1 327/5/1 333/5/1
f 334/5/1 328/5/1 326/5/1 332/5/1
f 331/5/1 335/5/1 329/5/1 325/5/1
f 261/5/1 329/5/1 330/5/1 262/5/1
f 167/5/1 166/5/1 335/5/1 331/5/1
f 197/5/1 334/5/1 332/5/1 192/5/1
f 167/5/1 331/5/1 333/5/1 194/5/1
f 194/5/1 333/5/1 334/5/1 197/5/1
f 329/5/1 335/5/1 336/5/1 330/5/1
f 332/5/1 326/5/1 337/5/1 338/5/1
f 338/5/1 337/5/1 339/5/1 340/5/1
f 339/5/1 337/5/1 341/5/1 342/5/1
f 338/5/1 340/5/1 344/5/1 343/5/1
f 26/5/1 346/5/1 347/5/1 28/5/1
f 348/5/1 349/5/1 346/5/1 345/5/1
f 23/5/1 24/5/1 349/5/1 348/5/1
f 346/5/1 349/5/1 350/5/1 347/5/1
f 347/5/1 350/5/1 352/5/1 351/5/1
f 351/5/1 352/5/1 354/5/1 353/5/1
f 351/5/1 353/5/1 356/5/1 355/5/1
f 359/5/1 360/5/1 357/5/1 358/5/1
f 354/5/1 352/5/1 360/5/1 359/5/1
f 357/5/1 360/5/1 362/5/1 361/5/1
f 353/5/1 354/5/1 364/5/1 363/5/1
f 366/5/1 364/5/1 368/5/1 365/5/1
f 363/5/1 367/5/1 369/5/1 370/5/1
f 363/5/1 364/5/1 366/5/1 367/5/1
f 242/5/1 371/5/1 372/5/1 239/5/1
f 372/5/1 247/5/1 246/11/1
f 371/5/1 242/5/1 373/5/1 376/5/1
f 249/5/1 371/5/1 376/5/1 374/5/1
f 250/5/1 249/5/1 374/5/1 375/5/1
f 374/5/1 376/5/1 378/5/1 377/5/1
f 377/5/1 378/5/1 380/5/1 379/5/1
f 380/5/1 378/5/1 381/5/1 382/5/1
f 377/5/1 379/5/1 384/5/1 383/5/1
f 408/5/1 405/5/1 387/5/1 382/5/1
f 405/5/1 406/5/1 386/5/1 387/5/1
f 406/5/1 407/5/1 385/5/1 386/5/1
f 388/11/1 380/5/1 382/5/1 387/5/1
f 392/5/1 391/5/1 389/5/1 390/5/1
f 393/5/1 394/5/1 391/5/1 392/5/1
f 396/5/1 395/5/1 386/5/1 385/5/1
f 384/5/1 379/5/1 394/5/1 393/5/1
f 389/5/1 391/5/1 395/5/1 396/5/1
f 386/5/1 395/5/1 388/11/1 387/5/1
f 379/5/1 380/5/1 388/11/1 394/5/1
f 391/5/1 394/5/1 388/11/1 395/5/1
f 431/5/1 429/5/1 399/5/1 400/5/1
f 429/5/1 430/5/1 398/5/1 399/5/1
f 432/5/1 431/5/1 400/5/1 397/5/1
f 366/5/1 365/5/1 403/5/1 402/5/1
f 367/5/1 366/5/1 402/5/1 401/5/1
f 369/5/1 367/5/1 401/5/1 404/5/1
f 402/5/1 403/5/1 407/5/1 406/5/1
f 401/5/1 402/5/1 406/5/1 405/5/1
f 404/5/1 401/5/1 405/5/1 408/5/1
f 407/5/1 403/5/1 409/5/1 410/5/1
f 410/5/1 409/5/1 411/5/1 412/5/1
f 411/5/1 409/5/1 413/5/1 414/5/1
f 410/5/1 412/5/1 416/5/1 415/5/1
f 389/5/1 396/5/1 418/5/1 417/5/1
f 455/5/1 453/5/1 420/5/1 419/5/1
f 449/5/1 418/5/1 421/5/1 451/5/1
f 455/5/1 419/5/1 424/5/1 456/5/1
f 384/5/1 393/5/1 426/5/1 428/5/1
f 392/5/1 390/5/1 427/5/1 425/5/1
f 393/5/1 392/5/1 425/5/1 426/5/1
f 428/5/1 426/5/1 431/5/1 432/5/1
f 425/5/1 427/5/1 430/5/1 429/5/1
f 426/5/1 425/5/1 429/5/1 431/5/1
f 430/5/1 427/5/1 433/5/1 434/5/1
f 442/5/1 441/5/1 435/5/1 436/5/1
f 442/5/1 436/5/1 438/5/1 443/5/1
f 447/5/1 433/5/1 439/5/1 448/5/1
f 435/5/1 441/5/1 444/5/1 440/5/1
f 445/5/1 442/5/1 443/5/1 446/5/1
f 445/5/1 447/5/1 441/5/1 442/5/1
f 434/5/1 433/5/1 447/5/1 445/5/1
f 434/5/1 445/5/1 446/5/1 437/5/1
f 441/5/1 447/5/1 448/5/1 444/5/1
f 417/5/1 450/5/1 452/5/1 423/5/1
f 453/5/1 449/5/1 451/5/1 454/5/1
f 417/5/1 418/5/1 449/5/1 450/5/1
f 420/5/1 453/5/1 454/5/1 422/5/1
f 450/5/1 455/5/1 456/5/1 452/5/1
f 450/5/1 449/5/1 453/5/1 455/5/1
f 448/5/1 452/5/1 456/5/1 444/5/1
f 288/5/1 267/5/1 457/5/1 458/5/1
f 458/5/1 457/5/1 459/5/1 460/5/1
f 458/5/1 460/5/1 462/5/1 461/5/1
f 462/5/1 460/5/1 464/5/1 465/5/1
f 460/5/1 459/5/1 463/5/1 464/5/1
f 470/5/1 469/5/1 467/5/1 468/5/1
f 469/5/1 471/5/1 466/5/1 467/5/1
f 464/5/1 463/5/1 471/5/1 469/5/1
f 465/5/1 464/5/1 469/5/1 470/5/1
f 476/5/1 473/5/1 475/5/1 477/5/1
f 180/5/1 472/5/1 474/5/1 184/5/1
f 180/5/1 181/5/1 473/5/1 472/5/1
f 183/5/1 476/5/1 477/5/1 187/5/1
f 472/5/1 478/5/1 479/5/1 474/5/1
f 472/5/1 473/5/1 476/5/1 478/5/1
f 205/5/1 470/5/1 468/5/1 206/5/1
f 465/5/1 477/5/1 475/5/1 462/5/1
f 471/5/1 463/5/1 482/5/1 484/5/1
f 459/5/1 457/5/1 480/5/1 481/5/1
f 463/5/1 459/5/1 481/5/1 482/5/1
f 466/5/1 471/5/1 484/5/1 483/5/1
f 245/5/1 243/5/1 485/5/1 486/5/1
f 776/5/2 775/5/2 563/5/2 562/5/2
f 488/5/1 487/5/1 489/5/1 490/5/1
f 489/5/1 487/5/1 491/5/1 492/5/1
f 488/5/1 490/5/1 494/5/1 493/5/1
f 505/5/1 503/5/1 496/5/1 498/5/1
f 506/5/1 504/5/1 497/5/1 495/5/1
f 503/5/1 506/5/1 495/5/1 496/5/1
f 490/5/1 489/5/1 502/5/1 499/5/1
f 489/5/1 492/5/1 501/5/1 502/5/1
f 494/5/1 490/5/1 499/5/1 500/5/1
f 499/5/1 502/5/1 506/5/1 503/5/1
f 502/5/1 501/5/1 504/5/1 506/5/1
f 500/5/1 499/5/1 503/5/1 505/5/1
f 773/11/3 774/11/3 864/11/3 863/11/3
f 507/5/1 508/5/1 510/5/1 509/5/1
f 507/5/1 509/5/1 512/5/1 511/5/1
f 510/5/1 508/5/1 513/5/1 514/5/1
f 510/5/1 514/5/1 518/5/1 516/5/1
f 512/5/1 509/5/1 515/5/1 517/5/1
f 509/5/1 510/5/1 516/5/1 515/5/1
f 777/5/4 849/5/4 541/5/4 542/5/4
f 608/5/1 609/5/1 552/5/1 550/5/1
f 778/5/5 776/5/5 562/5/5 559/5/5
f 780/5/6 779/5/6 520/5/6 529/5/6
f 782/5/6 781/5/6 564/5/6 565/5/6
f 784/5/5 783/5/5 575/5/5 574/5/5
f 781/5/6 785/5/6 566/5/6 564/5/6
f 786/5/6 782/5/6 565/5/6 567/5/6
f 788/5/2 787/5/2 525/5/2 527/5/2
f 774/5/4 784/5/4 574/5/4 572/5/4
f 790/11/5 789/11/5 540/11/5 519/11/5
f 792/5/6 791/5/6 556/5/6 553/5/6
f 794/5/6 793/5/6 576/5/6 577/5/6
f 775/5/2 773/13/2 568/5/2 563/5/2
f 795/5/6 777/5/6 542/5/6 539/5/6
f 797/5/6 796/5/6 522/5/6 523/5/6
f 793/5/4 864/5/4 573/5/4 576/5/4
f 844/5/2 792/5/2 553/5/2 552/5/2
f 785/5/4 798/5/4 570/5/4 566/5/4
f 796/5/4 799/5/4 526/5/4 522/5/4
f 800/5/6 533/5/6 964/5/6 1252/5/6
f 802/5/2 801/5/2 579/5/2 578/5/2
f 800/5/6 803/5/6 532/5/6 533/5/6
f 723/5/4 599/5/4 541/5/4 849/5/4
f 805/5/2 802/5/2 578/5/2 580/5/2
f 803/5/4 806/5/4 531/5/4 532/5/4
f 801/5/2 807/5/2 581/5/2 579/5/2
f 809/5/4 808/5/4 561/5/4 569/5/4
f 810/5/6 797/5/6 523/5/6 524/5/6
f 807/5/6 794/5/6 577/5/6 581/5/6
f 894/5/1 896/5/1 906/5/1 899/5/1 898/5/1 897/5/1 895/5/1 893/5/1
f 813/5/6 812/5/6 554/5/6 555/5/6
f 815/5/6 814/5/6 537/5/6 536/5/6
f 526/5/4 799/5/4 861/5/4 660/5/4
f 818/5/2 817/5/2 551/5/2 549/5/2
f 788/5/2 527/5/2 675/5/2 876/5/2
f 783/5/5 805/5/5 580/5/5 575/5/5
f 486/5/1 248/5/1 487/5/1 488/5/1
f 824/5/6 823/5/6 544/5/6 543/5/6
f 798/5/4 809/5/4 569/5/4 570/5/4
f 811/5/2 780/5/2 529/5/2 530/5/2
f 820/5/3 778/5/3 822/5/3 819/5/3
f 825/5/6 815/5/6 536/5/6 535/5/6
f 863/5/2 786/5/2 567/5/2 571/5/2
f 559/5/1 557/5/1 538/5/1 558/5/1
f 827/5/6 826/5/6 548/5/6 545/5/6
f 804/5/2 824/5/2 543/5/2 848/5/2
f 791/5/6 813/5/6 555/5/6 556/5/6
f 829/5/6 828/5/6 546/5/6 547/5/6
f 816/5/2 825/5/2 535/5/2 534/5/2
f 787/5/6 810/5/6 524/5/6 525/5/6
f 826/5/6 829/5/6 547/5/6 548/5/6
f 779/5/6 830/5/6 521/5/6 520/5/6
f 817/5/2 827/5/2 545/5/2 551/5/2
f 814/5/6 820/5/6 557/5/6 537/5/6
f 808/5/4 831/5/4 560/5/4 561/5/4
f 500/11/1 505/5/1 508/5/1 507/11/1
f 830/5/4 821/5/4 528/5/4 521/5/4
f 831/5/5 822/5/5 558/5/5 560/5/5
f 828/5/4 845/5/4 550/5/4 546/5/4
f 572/11/1 568/5/1 571/5/1 573/11/1
f 823/5/2 818/5/2 549/5/2 544/5/2
f 819/5/6 795/5/6 539/5/6 538/5/6
f 521/5/1 528/5/1 527/5/1 525/5/1 524/5/1 523/5/1 575/5/1 580/5/1 578/5/1 579/5/1 581/5/1
f 522/5/1 526/5/1 534/5/1 535/5/1 536/5/1 537/5/1 557/5/1 559/5/1 562/5/1 563/5/1 568/5/1 572/11/1 574/5/1 575/5/1 523/5/1
f 529/5/1 532/5/1 531/5/1 530/5/1
f 538/5/1 539/5/1 542/5/1 541/5/1 848/5/1 543/5/1 544/5/1 549/5/1 570/5/1 569/5/1 561/5/1 560/5/1 558/5/1
f 521/5/1 581/5/1 577/5/1 576/5/1 573/5/1 571/5/1 567/5/1 565/5/1 564/5/1 566/5/1 570/5/1 549/5/1 551/5/1 545/5/1 548/5/1 547/5/1 546/5/1 550/5/1 552/5/1 553/5/1 556/5/1 555/5/1 554/5/1 519/11/1 540/11/1 533/5/1 532/5/1 529/5/1 520/5/1
f 718/5/2 719/5/2 594/5/2 593/5/2
f 720/5/2 721/5/2 602/5/2 604/5/2
f 722/5/5 860/5/5 587/5/5 588/5/5
f 723/5/4 724/5/4 598/5/4 599/5/4
f 725/5/2 720/5/2 604/5/2 603/5/2
f 726/5/2 727/5/2 596/5/2 597/5/2
f 728/5/5 718/5/5 593/5/5 592/5/5
f 729/5/4 730/5/4 585/5/4 583/5/4
f 724/5/5 731/13/5 590/5/5 598/5/5
f 719/5/6 732/5/6 742/5/6 594/5/6
f 622/5/1 623/5/1 592/5/1 591/5/1
f 661/5/6 859/5/6 734/5/6 586/5/6
f 765/5/3 769/5/3 735/5/3 867/5/3
f 727/5/2 725/5/2 603/5/2 596/5/2
f 736/5/5 726/5/5 597/5/5 595/5/5
f 721/5/5 737/5/5 601/5/5 602/5/5
f 738/5/6 733/5/6 591/5/6 582/5/6
f 737/5/2 739/5/2 600/5/2 601/5/2
f 867/5/2 738/5/2 582/5/2 865/5/2
f 731/13/4 740/5/4 589/5/4 590/5/4
f 712/5/3 713/5/3 732/5/3 736/5/3
f 730/5/4 735/5/4 866/5/4 585/5/4
f 599/5/1 600/5/1 848/5/1 541/5/1
f 741/5/6 729/5/6 583/5/6 584/5/6
f 740/5/4 722/5/4 588/5/4 589/5/4
f 734/5/6 741/5/6 584/5/6 586/5/6
f 591/5/1 592/5/1 593/5/1 594/5/1 742/5/1 595/5/1 597/5/1 596/5/1 603/5/1 604/5/1 602/5/1 601/5/1 600/5/1 599/5/1 598/5/1 590/5/1 589/5/1 588/5/1 587/5/1 586/5/1 584/5/1 583/5/1 585/5/1 866/5/1 865/5/1 582/5/1
f 832/5/3 833/5/3 845/5/3 844/5/3
f 834/5/5 835/5/5 610/5/5 611/5/5
f 833/5/4 836/5/4 605/5/4 608/5/4
f 837/5/2 838/5/2 607/5/2 606/5/2
f 834/5/5 611/5/5 841/5/5 842/5/5
f 635/5/1 645/5/1 606/5/1 846/5/1
f 836/5/4 840/5/4 846/5/4 605/5/4
f 835/5/2 832/5/2 609/5/2 610/5/2
f 838/5/6 839/5/6 612/5/6 607/5/6
f 846/5/1 606/5/1 607/5/1 612/5/1 611/5/1 610/5/1 609/5/1 608/5/1 605/5/1
f 1/11/1 614/9/1 613/10/1 3/12/1
f 677/5/5 842/5/5 841/5/5 653/5/5
f 678/5/6 679/5/6 626/5/6 627/5/6
f 843/5/6 680/5/6 650/5/6 656/5/6
f 681/5/2 682/5/2 637/5/2 641/5/2
f 683/5/4 684/5/4 633/5/4 632/5/4
f 685/5/5 686/5/5 623/5/5 628/5/5
f 687/5/4 688/5/4 642/5/4 639/5/4
f 911/5/7 689/5/7 620/5/7 619/5/7
f 680/5/4 690/5/4 646/5/4 650/5/4
f 691/5/4 677/5/4 653/5/4 651/5/4
f 692/5/6 693/5/6 644/5/6 643/5/6
f 694/5/5 695/5/5 630/5/5 629/5/5
f 693/5/4 696/5/4 640/5/4 644/5/4
f 697/5/6 622/5/6 591/5/6 733/5/6
f 689/5/4 698/5/4 616/5/4 620/5/4
f 699/5/4 694/5/4 629/5/4 625/5/4
f 700/5/2 692/5/2 643/5/2 638/5/2
f 695/5/2 685/5/2 628/5/2 630/5/2
f 698/5/4 701/5/4 617/5/4 616/5/4
f 1209/5/2 702/14/2 657/9/2 615/5/2
f 703/5/5 704/5/5 648/5/5 654/5/5
f 645/5/2 705/5/2 837/5/2 606/5/2
f 759/5/4 746/5/4 909/5/4 910/5/4
f 707/5/4 708/5/4 847/5/4 634/5/4
f 701/5/4 709/5/4 618/5/4 617/5/4
f 710/5/4 691/5/4 651/5/4 652/5/4
f 636/5/1 637/5/1 638/5/1 847/5/1
f 711/5/4 683/5/4 632/5/4 636/5/4
f 713/5/6 624/5/6 742/5/6 732/5/6
f 690/5/4 714/5/4 647/5/4 646/5/4
f 706/5/4 707/5/4 634/5/4 635/5/4
f 682/5/3 711/5/3 708/5/3 700/5/3
f 438/5/4 436/5/4 710/5/4 812/5/4
f 696/5/4 687/5/4 639/5/4 640/5/4
f 709/5/4 1210/5/4 1208/5/4 618/5/4
f 684/5/5 712/5/5 631/5/5 633/5/5
f 679/5/4 699/5/4 625/5/4 626/5/4
f 715/5/5 716/5/5 655/5/5 649/5/5
f 713/5/6 678/5/6 627/5/6 624/5/6
f 716/5/5 703/5/5 654/5/5 655/5/5
f 697/5/6 717/5/6 621/5/6 622/5/6
f 704/5/2 705/5/2 645/5/2 648/5/2
f 688/5/5 681/5/5 641/5/5 642/5/5
f 717/5/4 910/5/4 909/5/4 621/5/4
f 714/5/4 715/5/4 649/5/4 647/5/4
f 657/11/1 652/11/1 651/5/1 653/5/1 841/5/1 656/5/1 650/5/1 646/5/1 647/5/1 649/5/1 655/5/1 654/5/1 648/5/1 645/5/1 635/5/1 634/5/1 847/5/1 638/5/1 643/5/1 644/5/1 640/5/1 639/5/1 642/5/1 641/5/1 637/5/1 636/5/1 632/5/1 633/5/1 631/5/1 624/5/1 627/5/1 626/5/1 625/5/1 629/5/1 630/5/1 628/5/1 623/5/1 622/5/1 621/5/1 909/5/1 619/5/1 620/5/1 616/5/1 617/5/1 618/5/1 1208/5/1 615/5/1
f 850/5/8 851/5/8 664/5/8 668/5/8
f 851/5/5 852/5/5 665/5/5 664/5/5
f 855/5/2 850/5/2 668/5/2 667/5/2
f 856/5/5 857/5/5 666/5/5 662/5/5
f 534/5/1 526/5/1 660/5/1 663/5/1
f 858/5/9 853/5/9 875/5/9 659/5/9
f 854/5/6 859/5/6 661/5/6 658/5/6
f 852/5/2 862/5/2 663/5/2 665/5/2
f 856/5/5 662/5/5 587/5/5 860/5/5
f 857/5/2 855/5/2 667/5/2 666/5/2
f 861/5/4 858/5/4 659/5/4 660/5/4
f 661/5/1 662/5/1 666/5/1 667/5/1 668/5/1 664/5/1 665/5/1 663/5/1 660/5/1 659/5/1 875/5/1 658/5/1
f 868/5/10 869/5/10 674/5/10 673/5/10
f 870/5/6 871/5/6 671/5/6 670/5/6
f 872/5/4 873/5/4 669/5/4 676/5/4
f 873/5/11 870/5/11 670/5/11 669/5/11
f 874/5/5 868/5/5 673/5/5 672/5/5
f 528/5/4 821/5/4 872/5/4 676/5/4
f 869/5/2 876/5/2 675/5/2 674/5/2
f 671/5/1 672/5/1 673/5/1 674/5/1 675/5/1 676/5/1 669/5/1 670/5/1
f 420/5/4 422/5/4 715/5/4 714/5/4
f 27/5/4 24/5/4 910/5/4 717/5/4
f 414/5/5 413/5/5 681/5/5 688/5/5
f 421/5/2 418/5/2 705/5/2 704/5/2
f 350/5/6 27/5/6 717/5/6 697/5/6
f 454/5/5 451/5/5 703/5/5 716/5/5
f 354/5/6 359/5/6 678/5/6 713/5/6
f 422/5/5 454/5/5 716/5/5 715/5/5
f 358/5/4 357/5/4 699/5/4 679/5/4
f 368/5/5 364/5/5 712/5/5 684/5/5
f 18/5/4 10/5/4 1210/5/4 709/5/4
f 412/5/4 411/5/4 687/5/4 696/5/4
f 10/5/12 8/5/12 1209/5/12 1210/5/12
f 812/5/4 710/5/4 652/5/4 554/5/4
f 407/5/6 410/5/6 700/5/6 708/5/6
f 396/5/4 385/5/4 707/5/4 706/5/4
f 419/5/4 420/5/4 714/5/4 690/5/4
f 364/5/4 354/5/4 713/5/4 712/5/4
f 403/5/4 365/5/4 683/5/4 711/5/4
f 409/5/5 403/5/5 711/5/5 682/5/5
f 436/5/4 435/5/4 691/5/4 710/5/4
f 16/5/4 18/5/4 709/5/4 701/5/4
f 385/5/4 407/5/4 708/5/4 707/5/4
f 24/5/13 21/5/13 911/5/13 910/5/13
f 418/5/5 396/5/5 706/5/5 705/5/5
f 451/5/5 421/5/5 704/5/5 703/5/5
f 8/5/2 614/9/2 702/14/2 1209/5/2
f 444/5/14 456/5/14 843/5/14 842/5/14
f 14/5/4 16/5/4 701/5/4 698/5/4
f 362/5/2 360/5/2 685/5/2 695/5/2
f 410/5/2 415/5/2 692/5/2 700/5/2
f 357/5/4 361/5/4 694/5/4 699/5/4
f 22/5/4 14/5/4 698/5/4 689/5/4
f 352/5/4 350/5/4 697/5/4 686/5/4
f 416/5/4 412/5/4 696/5/4 693/5/4
f 361/5/5 362/5/5 695/5/5 694/5/5
f 415/5/6 416/5/6 693/5/6 692/5/6
f 435/5/4 440/5/4 677/5/4 691/5/4
f 424/5/4 419/5/4 690/5/4 680/5/4
f 21/5/15 22/5/15 689/5/15 911/5/15
f 411/5/4 414/5/4 688/5/4 687/5/4
f 360/5/5 352/5/5 686/5/5 685/5/5
f 365/5/4 368/5/4 684/5/4 683/5/4
f 413/5/2 409/5/2 682/5/2 681/5/2
f 456/5/6 424/5/6 680/5/6 843/5/6
f 359/5/6 358/5/6 679/5/6 678/5/6
f 440/5/5 444/5/5 842/5/5 677/5/5
f 215/5/6 49/5/6 741/5/6 734/5/6
f 238/5/4 237/5/4 722/5/4 740/5/4
f 49/5/6 48/5/6 729/5/6 741/5/6
f 378/5/5 376/5/5 723/5/5 739/5/5
f 70/5/4 45/5/4 735/5/4 730/5/4
f 353/5/2 363/5/2 736/5/2 732/5/2
f 242/5/4 238/5/4 740/5/4 731/13/4
f 26/5/2 28/5/2 738/5/2 867/5/2
f 381/5/2 378/5/2 739/5/2 737/5/2
f 28/5/6 347/5/6 733/5/6 738/5/6
f 382/5/5 381/5/5 737/5/5 721/5/5
f 363/5/5 370/5/5 726/5/5 736/5/5
f 369/5/2 404/5/2 725/5/2 727/5/2
f 45/5/16 26/5/16 867/5/16 735/5/16
f 223/5/17 215/5/17 734/5/17 860/5/17
f 347/5/2 351/5/2 728/5/2 733/5/2
f 356/5/6 353/5/6 732/5/6 719/5/6
f 373/5/5 242/5/5 731/13/5 724/5/5
f 48/5/4 70/5/4 730/5/4 729/5/4
f 351/5/5 355/5/5 718/5/5 728/5/5
f 370/5/2 369/5/2 727/5/2 726/5/2
f 404/5/2 408/5/2 720/5/2 725/5/2
f 376/5/4 373/5/4 724/5/4 723/5/4
f 237/5/5 223/5/5 860/5/5 722/5/5
f 408/5/2 382/5/2 721/5/2 720/5/2
f 355/5/2 356/5/2 719/5/2 718/5/2
f 686/5/3 697/5/3 733/5/3 728/5/3
f 623/5/5 686/5/5 728/5/5 592/5/5
f 624/5/1 631/5/1 595/5/1 742/5/1
f 631/5/5 712/5/5 736/5/5 595/5/5
f 759/5/5 758/5/5 757/5/5 746/5/5
f 761/5/5 760/5/5 752/5/5 755/5/5
f 758/5/5 762/5/5 756/5/5 757/5/5
f 764/5/6 763/5/6 748/5/6 753/5/6
f 762/5/5 765/5/5 747/5/5 756/5/5
f 767/5/5 766/5/5 751/5/5 750/5/5
f 887/5/3 885/5/3 760/5/3 764/5/3
f 746/5/1 743/5/1 619/5/1 909/5/1
f 769/5/4 767/5/4 750/5/4 749/5/4
f 766/5/5 770/5/5 754/5/5 751/5/5
f 771/5/2 768/5/2 743/5/2 744/5/2
f 770/5/5 761/5/5 755/5/5 754/5/5
f 1142/5/3 1144/5/3 772/5/3 771/5/3
f 747/5/2 765/5/2 867/5/2 865/5/2
f 763/5/6 772/5/6 745/5/6 748/5/6
f 743/5/1 746/5/1 757/5/1 756/5/1 747/5/1 749/5/1 750/5/1 751/5/1 754/5/1 755/5/1 752/5/1 753/5/1 748/5/1 745/5/1 744/5/1
f 29/5/6 19/5/6 772/5/6 763/5/6
f 25/5/5 44/5/5 769/5/5 765/5/5
f 19/5/6 15/5/6 771/5/6 772/5/6
f 217/5/5 222/5/5 761/5/5 770/5/5
f 15/5/2 13/5/2 768/5/2 771/5/2
f 105/5/5 217/5/5 770/5/5 766/5/5
f 44/5/4 104/5/4 767/5/4 769/5/4
f 13/5/5 23/5/5 759/5/5 768/5/5
f 109/5/4 138/5/4 764/5/4 760/5/4
f 104/5/5 105/5/5 766/5/5 767/5/5
f 345/5/5 25/5/5 765/5/5 762/5/5
f 138/5/6 29/5/6 763/5/6 764/5/6
f 348/5/5 345/5/5 762/5/5 758/5/5
f 222/5/5 109/5/5 760/5/5 761/5/5
f 23/5/5 348/5/5 758/5/5 759/5/5
f 248/5/6 250/5/6 795/5/6 819/5/6
f 384/5/2 428/5/2 818/5/2 823/5/2
f 505/5/18 863/5/18 864/5/18 508/5/18
f 398/5/4 430/5/4 845/5/4 828/5/4
f 491/5/5 487/5/5 822/5/5 831/5/5
f 57/5/4 95/5/4 821/5/4 830/5/4
f 492/5/4 491/5/4 831/5/4 808/5/4
f 245/5/6 486/5/6 820/5/6 814/5/6
f 432/5/2 397/5/2 827/5/2 817/5/2
f 56/5/6 57/5/6 830/5/6 779/5/6
f 400/5/6 399/5/6 829/5/6 826/5/6
f 85/5/6 81/5/6 810/5/6 787/5/6
f 226/5/2 231/5/2 825/5/2 816/5/2
f 399/5/6 398/5/6 828/5/6 829/5/6
f 446/5/6 443/5/6 813/5/6 791/5/6
f 377/5/2 383/5/2 824/5/2 804/5/2
f 397/5/6 400/5/6 826/5/6 827/5/6
f 488/5/2 778/5/2 820/5/2 486/5/2
f 505/5/2 498/5/2 786/5/2 863/5/2
f 231/5/6 232/5/6 815/5/6 825/5/6
f 248/5/4 819/5/4 822/5/4 487/5/4
f 117/5/2 114/5/2 780/5/2 811/5/2
f 504/5/4 501/5/4 809/5/4 798/5/4
f 383/5/6 384/5/6 823/5/6 824/5/6
f 512/5/5 517/5/5 805/5/5 783/5/5
f 95/5/6 94/5/6 788/5/6 821/5/6
f 428/5/2 432/5/2 817/5/2 818/5/2
f 91/5/6 226/5/6 816/5/6 799/5/6
f 232/5/6 245/5/6 814/5/6 815/5/6
f 443/5/6 438/5/6 812/5/6 813/5/6
f 160/5/6 117/5/6 811/5/6 806/5/6
f 518/5/6 514/5/6 794/5/6 807/5/6
f 81/5/6 79/5/6 797/5/6 810/5/6
f 501/5/4 492/5/4 808/5/4 809/5/4
f 516/5/2 518/5/2 807/5/2 801/5/2
f 162/5/4 160/5/4 806/5/4 803/5/4
f 517/5/2 515/5/2 802/5/2 805/5/2
f 374/5/19 377/5/19 804/5/19 849/5/19
f 163/5/6 162/5/6 803/5/6 800/5/6
f 515/5/2 516/5/2 801/5/2 802/5/2
f 294/11/20 163/5/20 800/5/20 789/11/20
f 78/5/4 91/5/4 799/5/4 796/5/4
f 497/5/4 504/5/4 798/5/4 785/5/4
f 434/5/2 437/5/2 792/5/2 844/5/2
f 513/5/4 508/5/4 864/5/4 793/5/4
f 79/5/6 78/5/6 796/5/6 797/5/6
f 250/5/6 375/5/6 777/5/6 795/5/6
f 494/5/2 500/5/2 773/13/2 775/5/2
f 514/5/6 513/5/6 793/5/6 794/5/6
f 437/5/6 446/5/6 791/5/6 792/5/6
f 1/11/5 294/11/5 789/11/5 790/11/5
f 507/5/4 511/5/4 784/5/4 774/5/4
f 94/5/2 85/5/2 787/5/2 788/5/2
f 498/5/6 496/5/6 782/5/6 786/5/6
f 495/5/6 497/5/6 785/5/6 781/5/6
f 511/5/5 512/5/5 783/5/5 784/5/5
f 496/5/6 495/5/6 781/5/6 782/5/6
f 114/5/6 56/5/6 779/5/6 780/5/6
f 488/5/5 493/5/5 776/5/5 778/5/5
f 430/5/21 434/5/21 844/5/21 845/5/21
f 375/5/4 374/5/4 849/5/4 777/5/4
f 507/11/5 774/11/5 773/11/5 500/11/5
f 493/5/2 494/5/2 775/5/2 776/5/2
f 423/5/6 452/5/6 839/5/6 838/5/6
f 439/5/2 433/5/2 832/5/2 835/5/2
f 390/5/4 389/5/4 840/5/4 836/5/4
f 389/5/6 417/5/6 837/5/6 840/5/6
f 452/5/2 448/5/2 834/5/2 839/5/2
f 417/5/2 423/5/2 838/5/2 837/5/2
f 427/5/4 390/5/4 836/5/4 833/5/4
f 448/5/5 439/5/5 835/5/5 834/5/5
f 433/5/5 427/5/5 833/5/5 832/5/5
f 839/5/3 834/5/3 842/5/3 843/5/3
f 612/5/6 839/5/6 843/5/6 656/5/6
f 611/5/1 612/5/1 656/5/1 841/5/1
f 609/5/2 832/5/2 844/5/2 552/5/2
f 833/5/4 608/5/4 550/5/4 845/5/4
f 705/5/3 706/5/3 840/5/3 837/5/3
f 706/5/4 635/5/4 846/5/4 840/5/4
f 711/5/4 636/5/4 847/5/4 708/5/4
f 637/5/2 682/5/2 700/5/2 638/5/2
f 600/5/2 739/5/2 804/5/2 848/5/2
f 739/5/3 723/5/3 849/5/3 804/5/3
f 87/5/4 82/5/4 858/5/4 861/5/4
f 235/5/2 236/5/2 855/5/2 857/5/2
f 218/5/2 224/5/2 856/5/2 859/5/2
f 228/5/2 225/5/2 862/5/2 852/5/2
f 65/5/6 218/5/6 859/5/6 854/5/6
f 82/5/4 76/5/4 853/5/4 858/5/4
f 225/5/22 87/5/22 861/5/22 862/5/22
f 224/5/5 235/5/5 857/5/5 856/5/5
f 236/5/2 241/5/2 850/5/2 855/5/2
f 76/5/4 65/5/4 854/5/4 853/5/4
f 227/5/5 228/5/5 852/5/5 851/5/5
f 241/5/8 227/5/8 851/5/8 850/5/8
f 662/5/1 661/5/1 586/5/1 587/5/1
f 859/5/3 856/5/3 860/5/3 734/5/3
f 816/5/2 534/5/2 663/5/2 862/5/2
f 799/5/3 816/5/3 862/5/3 861/5/3
f 778/5/5 559/5/5 558/5/5 822/5/5
f 557/5/6 820/5/6 819/5/6 538/5/6
f 568/5/2 773/13/2 863/13/2 571/5/2
f 774/5/4 572/5/4 573/5/4 864/5/4
f 790/11/2 702/14/2 614/9/2 1/11/2
f 702/14/2 790/11/2 519/11/2 657/9/2
f 519/11/1 554/5/1 652/11/1 657/9/1
f 749/5/1 747/5/1 865/5/1 866/5/1
f 769/5/4 749/5/4 866/5/4 735/5/4
f 86/5/2 90/5/2 876/5/2 869/5/2
f 90/5/23 98/5/23 872/5/23 876/5/23
f 77/5/5 80/5/5 868/5/5 874/5/5
f 59/5/11 62/5/11 870/5/11 873/5/11
f 66/5/2 77/5/2 874/5/2 871/5/2
f 98/5/4 59/5/4 873/5/4 872/5/4
f 62/5/6 66/5/6 871/5/6 870/5/6
f 80/5/10 86/5/10 869/5/10 868/5/10
f 871/5/3 874/5/3 853/5/3 854/5/3
f 874/5/5 672/5/5 875/5/5 853/5/5
f 672/5/1 671/5/1 658/5/1 875/5/1
f 671/5/6 871/5/6 854/5/6 658/5/6
f 821/5/3 788/5/3 876/5/3 872/5/3
f 527/5/1 528/5/1 676/5/1 675/5/1
f 884/5/5 890/5/5 879/5/5 877/5/5
f 885/5/5 884/5/5 877/5/5 881/5/5
f 888/5/3 889/5/3 890/5/3 886/5/3
f 881/5/1 880/5/1 753/5/1 752/5/1
f 886/5/6 887/5/6 880/5/6 878/5/6
f 917/5/6 888/5/6 883/5/6 916/5/6
f 889/5/5 918/5/5 915/5/5 882/5/5
f 882/5/1 883/5/1 878/5/1 879/5/1
f 892/5/6 912/5/6 917/5/6 916/5/6
f 880/5/1 877/11/1 878/5/1
f 881/5/1 877/11/1 880/5/1
f 879/5/1 878/5/1 877/11/1
f 915/5/1 916/5/1 883/5/1 882/5/1
f 125/5/6 133/5/6 887/5/6 886/5/6
f 133/5/2 135/5/2 885/5/2 887/5/2
f 127/5/24 125/5/24 886/5/24 890/5/24
f 135/5/5 108/5/5 884/5/5 885/5/5
f 108/5/5 127/5/5 890/5/5 884/5/5
f 143/5/25 129/5/25 917/5/25 918/5/25
f 122/5/2 107/5/2 889/5/2 888/5/2
f 107/5/5 143/5/5 918/5/5 889/5/5
f 129/5/6 122/5/6 888/5/6 917/5/6
f 889/5/5 882/5/5 879/5/5 890/5/5
f 883/5/6 888/5/6 886/5/6 878/5/6
f 913/5/6 912/5/6 892/5/6 891/5/6
f 914/5/4 913/5/4 891/5/4 920/5/4
f 895/5/1 897/5/1 920/5/1 919/5/1
f 919/5/1 892/5/1 916/5/1 915/5/1
f 900/5/2 895/5/2 919/5/2 921/5/2
f 903/5/4 902/5/4 898/5/4 899/5/4
f 900/5/2 904/5/2 893/5/2 895/5/2
f 904/5/2 905/5/2 894/5/2 893/5/2
f 907/5/26 903/5/26 899/5/26 906/5/26
f 530/5/1 531/5/1 906/5/1 896/5/1
f 905/5/2 908/5/2 896/5/2 894/5/2
f 902/5/4 901/5/4 897/5/4 898/5/4
f 154/5/4 152/5/4 901/5/4 902/5/4
f 115/5/2 118/5/2 908/5/2 905/5/2
f 118/5/5 158/5/5 907/5/5 908/5/5
f 158/5/27 156/5/27 903/5/27 907/5/27
f 113/5/2 115/5/2 905/5/2 904/5/2
f 116/5/2 113/5/2 904/5/2 900/5/2
f 156/5/4 154/5/4 902/5/4 903/5/4
f 152/5/28 116/5/28 900/5/28 901/5/28
f 531/5/4 806/5/4 907/5/4 906/5/4
f 806/5/3 811/5/3 908/5/3 907/5/3
f 811/5/2 530/5/2 896/5/2 908/5/2
f 891/5/1 892/5/1 919/5/1 920/5/1
f 743/5/2 768/5/2 911/5/2 619/5/2
f 768/5/3 759/5/3 910/5/3 911/5/3
f 880/5/6 887/5/6 764/5/6 753/5/6
f 885/5/5 881/5/5 752/5/5 760/5/5
f 150/5/29 119/11/29 921/11/29 912/5/29
f 119/5/30 165/5/30 914/5/30 921/5/30
f 165/5/4 33/5/4 913/5/4 914/5/4
f 33/5/6 150/5/6 912/5/6 913/5/6
f 912/5/3 921/11/3 918/11/3 917/5/3
f 921/5/31 919/5/31 915/5/31 918/5/31
f 897/5/4 901/5/4 914/5/4 920/5/4
f 901/5/3 900/5/3 921/5/3 914/5/3
f 1073/5/6 1074/5/6 945/5/6 944/5/6
f 1075/5/5 1076/5/5 937/5/5 935/5/5
f 1074/5/4 1077/5/4 942/5/4 945/5/4
f 1078/5/4 1079/5/4 988/5/4 987/5/4
f 1080/5/2 1073/5/2 944/5/2 941/5/2
f 1081/5/6 1078/5/6 987/5/6 950/5/6
f 1186/5/3 1221/5/3 1223/5/3 1083/5/3
f 1084/5/6 1085/5/6 974/5/6 973/5/6
f 1086/5/2 1238/5/2 1236/5/2 946/5/2
f 1087/5/4 1213/5/4 967/5/4 934/5/4
f 1079/5/5 1088/5/5 986/5/5 988/5/5
f 1085/5/4 1089/5/4 971/5/4 974/5/4
f 1090/5/6 1252/5/6 964/5/6 961/5/6
f 992/5/1 991/5/1 1244/5/1 1245/5/1
f 1093/5/2 1094/5/2 989/5/2 990/5/2
f 1076/5/5 1082/5/5 936/5/5 937/5/5
f 1212/5/2 1084/5/2 973/5/2 1211/5/2
f 1092/5/6 992/5/6 1245/5/6 1247/5/6
f 1095/5/5 1093/5/5 990/5/5 985/5/5
f 1096/5/5 1097/5/5 975/5/5 976/5/5
f 1099/5/5 1100/5/5 993/5/5 994/5/5
f 1094/5/6 1102/5/6 1249/5/6 989/5/6
f 1097/5/2 1103/5/2 970/5/2 975/5/2
f 1104/5/5 1105/5/5 948/5/5 939/5/5
f 1081/5/6 950/5/6 1249/5/6 1102/5/6
f 1025/5/4 1207/5/4 1239/5/4 1237/5/4
f 1106/5/4 1096/5/4 976/5/4 972/5/4
f 1107/6/2 1108/5/2 925/5/2 924/6/2
f 949/5/5 1109/5/5 1251/5/5 1248/5/5
f 1246/5/5 1109/5/5 949/5/5 1244/5/5
f 1110/5/5 1111/5/5 1000/5/5 1001/5/5
f 1112/5/5 1113/5/5 978/5/5 977/5/5
f 1115/5/2 1116/5/2 995/5/2 996/5/2
f 1117/5/2 1118/5/2 951/5/2 952/5/2
f 1239/5/32 1110/5/32 1001/5/32 1237/5/32
f 1119/5/5 1086/5/5 946/5/5 947/5/5
f 1100/5/5 1115/5/5 996/5/5 993/5/5
f 1120/5/33 1117/5/33 952/5/33 953/5/33
f 1121/5/2 1122/5/2 1002/5/2 1003/5/2
f 1123/5/4 1124/5/4 981/5/4 930/5/4
f 1114/6/5 1107/6/5 924/6/5 926/6/5
f 1116/5/6 1247/5/6 1245/5/6 995/5/6
f 1118/5/2 1125/5/2 962/5/2 951/5/2
f 1126/5/5 1091/5/5 991/5/5 938/5/5
f 1127/5/2 1121/5/2 1003/5/2 1004/5/2
f 1128/5/2 1129/5/2 983/5/2 980/5/2
f 1130/5/4 1131/5/4 998/5/4 997/5/4
f 1083/5/4 1132/5/4 940/5/4 1222/5/4
f 1133/5/2 1134/5/2 954/5/2 955/5/2
f 1135/5/2 1136/5/2 1006/5/2 1005/5/2
f 1137/5/6 1138/5/6 931/5/6 979/5/6
f 1158/11/5 1140/11/5 963/11/5 1010/11/5
f 1092/5/6 1130/5/6 997/5/6 992/5/6
f 1125/5/2 1133/5/2 955/5/2 962/5/2
f 1136/5/2 1127/5/2 1004/5/2 1006/5/2
f 1251/5/5 1104/5/5 939/5/5 1248/5/5
f 1113/5/5 1128/5/5 980/5/5 978/5/5
f 1105/5/5 1119/5/5 947/5/5 948/5/5
f 1131/5/5 1099/5/5 994/5/5 998/5/5
f 1134/5/2 1141/5/2 956/5/2 954/5/2
f 1108/5/2 1142/5/2 927/5/2 925/5/2
f 1141/5/2 1143/5/2 957/5/2 956/5/2
f 1144/5/4 1145/5/4 929/5/4 928/5/4
f 1124/5/34 1146/5/34 984/5/34 981/5/34
f 540/11/5 789/11/5 1139/11/5 965/11/5
f 1143/5/2 1147/5/2 958/5/2 957/5/2
f 1122/5/6 1148/5/6 999/5/6 1002/5/6
f 1149/5/2 1137/5/2 979/5/2 982/5/2
f 1150/5/2 1101/5/2 933/5/2 966/5/2
f 1147/5/2 1151/5/2 959/5/2 958/5/2
f 1227/5/4 1126/5/4 938/5/4 1224/5/4
f 1151/5/2 1152/5/2 960/5/2 959/5/2
f 1111/5/5 1135/5/5 1005/5/5 1000/5/5
f 1152/5/2 1090/5/2 961/5/2 960/5/2
f 1153/5/2 1150/5/2 966/5/2 968/5/2
f 1129/5/2 1149/5/2 982/5/2 983/5/2
f 1154/5/4 1123/5/4 930/5/4 969/5/4
f 1080/5/2 941/5/2 1225/5/2 1226/5/2
f 1146/5/4 1112/5/4 977/5/4 984/5/4
f 1148/5/3 1120/5/3 1229/5/3 1196/5/3
f 1159/15/2 1098/6/2 923/6/2 1061/1/2
f 1132/5/3 1080/5/3 1226/5/3 1227/5/3
f 1077/5/4 1156/5/4 943/5/4 942/5/4
f 1145/5/4 1157/5/4 932/5/4 929/5/4
f 927/5/2 1142/5/2 771/5/2 744/5/2
f 1154/5/4 969/5/4 967/5/4 1213/5/4
f 1156/5/35 1226/5/35 1225/5/35 943/5/35
f 1138/5/2 1153/5/2 968/5/2 931/5/2
f 1088/5/5 1095/5/5 985/5/5 986/5/5
f 969/5/1 970/5/1 1211/5/1 967/5/1
f 1157/5/4 1087/5/4 934/5/4 932/5/4
f 1089/5/4 1106/5/4 972/5/4 971/5/4
f 960/5/1 961/5/1 1007/5/1
f 958/5/1 959/5/1 1007/5/1
f 959/5/1 960/5/1 1007/5/1
f 957/5/1 958/5/1 1007/5/1
f 955/5/1 954/5/1 1008/5/1
f 956/5/1 957/5/1 1008/5/1
f 962/5/1 955/5/1 1008/5/1
f 951/5/1 962/5/1 1008/5/1
f 952/5/1 951/5/1 1008/5/1
f 954/5/1 956/5/1 1008/5/1
f 999/5/1 953/5/1 1002/5/1
f 953/5/1 952/5/1 1002/5/1
f 1005/5/1 1006/5/1 1009/5/1
f 1003/5/1 1002/5/1 1009/5/1
f 1006/5/1 1004/5/1 1009/5/1
f 1004/5/1 1003/5/1 1009/5/1
f 1002/5/1 952/5/1 1008/5/1
f 1139/11/5 1158/11/5 1010/11/5 965/11/5
f 296/11/1 295/11/1 1012/11/1 1011/11/1
f 964/5/1 965/11/1 1010/11/1 961/5/1
f 1014/5/6 1195/5/6 1233/5/6 1231/5/6
f 999/5/6 1148/5/6 1196/5/6 1016/5/6
f 1197/5/6 1195/5/6 1014/5/6 1015/5/6
f 1194/5/5 1229/5/5 1228/5/5 1013/5/5
f 1198/5/2 1197/5/2 1015/5/2 1019/5/2
f 1019/5/1 1018/5/1 1024/5/1 1234/5/1
f 1196/5/6 1200/5/6 1017/5/6 1016/5/6
f 1200/5/4 1199/5/4 1018/5/4 1017/5/4
f 1013/5/1 1228/5/1 1016/5/1 1017/5/1 1018/5/1 1019/5/1 1015/5/1 1014/5/1
f 1202/5/2 1201/5/2 1234/5/2 1021/5/2
f 1198/5/2 1019/5/2 1234/5/2 1201/5/2
f 1023/5/6 1205/5/6 1243/5/6 1241/5/6
f 1206/5/2 1022/5/2 1236/5/2 1238/5/2
f 1206/5/6 1205/5/6 1023/5/6 1022/5/6
f 1204/13/5 1202/5/5 1021/5/5 1020/5/5
f 1203/5/4 1207/5/4 1025/5/4 1024/5/4
f 1234/5/1 1024/5/1 1025/5/1 1022/5/1 1023/5/1 1020/5/1 1021/5/1
f 1160/5/5 1161/5/5 1032/5/5 1031/5/5
f 1162/5/4 1163/5/4 1045/5/4 1056/5/4
f 1164/5/5 1165/5/5 1033/5/5 1029/5/5
f 1166/5/6 1167/5/6 1048/5/6 1054/5/6
f 1168/5/5 1169/5/5 1042/5/5 1235/5/5
f 1204/13/5 1020/5/5 1240/5/5 1242/13/5
f 1170/5/2 1171/5/2 1046/5/2 1047/5/2
f 1172/5/6 1173/5/6 1038/5/6 1043/5/6
f 1174/5/36 1175/5/36 1215/5/36 1036/5/36
f 1216/5/2 1176/5/2 1026/5/2 1214/5/2
f 1177/5/6 1166/5/6 1054/5/6 1053/5/6
f 1178/5/5 1179/5/5 1028/5/5 1030/5/5
f 1013/5/1 1014/5/1 1231/5/1 1230/5/1
f 1180/5/6 1181/5/6 1051/5/6 1049/5/6
f 1036/5/1 1037/5/1 1235/5/1 1250/5/1
f 1171/5/2 1180/5/2 1049/5/2 1046/5/2
f 1183/5/4 1162/5/4 1056/5/4 1055/5/4
f 1181/5/6 1184/5/6 1052/5/6 1051/5/6
f 1037/5/5 1185/5/5 1168/5/5 1235/5/5
f 1167/5/4 1186/5/4 1035/5/4 1048/5/4
f 1184/5/6 1177/5/6 1053/5/6 1052/5/6
f 1165/5/5 1187/5/5 1034/5/5 1033/5/5
f 1173/5/6 1188/5/6 1039/5/6 1038/5/6
f 1161/5/5 1178/5/5 1030/5/5 1032/5/5
f 1187/5/5 1232/5/5 1230/5/5 1034/5/5
f 1189/5/5 1164/5/5 1029/5/5 1027/5/5
f 1190/5/4 1183/5/4 1055/5/4 1044/5/4
f 1176/5/5 1160/5/5 1031/5/5 1026/5/5
f 1221/5/6 1182/5/6 1250/5/6 1220/5/6
f 1233/5/6 1190/5/6 1044/5/6 1231/5/6
f 1191/5/4 1192/5/4 1040/5/4 1041/5/4
f 1243/5/6 1193/5/6 1050/5/6 1241/5/6
f 1163/5/5 1242/5/5 1240/5/5 1045/5/5
f 1188/5/6 1191/5/6 1041/5/6 1039/5/6
f 1193/5/2 1170/5/2 1047/5/2 1050/5/2
f 1192/5/5 1185/5/5 1037/5/5 1040/5/5
f 1169/5/2 1172/5/2 1043/5/2 1042/5/2
f 1179/5/5 1189/5/5 1027/5/5 1028/5/5
f 1055/5/1 1056/5/1 1045/5/1 1240/5/1 1241/5/1 1050/5/1 1047/5/1 1046/5/1 1049/5/1 1044/5/1
f 1029/5/1 1033/5/1 1034/5/1 1230/5/1 1231/5/1 1044/5/1 1049/5/1 1051/5/1 1052/5/1 1053/5/1 1054/5/1 1032/5/1 1030/5/1 1028/5/1 1027/5/1
f 1236/5/1 1237/5/1 1057/5/1
f 1237/5/1 1001/5/1 1057/5/1
f 1001/5/1 1000/5/1 1057/5/1
f 1236/5/1 1057/5/1 946/5/1
f 1000/5/1 1005/5/1 1057/5/1
f 1248/5/1 939/5/1 989/11/1
f 1248/5/1 989/11/1 1249/5/1
f 948/5/1 947/5/1 1058/5/1
f 939/5/1 948/5/1 1058/5/1
f 989/11/1 939/5/1 990/5/1
f 1058/5/1 990/5/1 939/5/1
f 947/5/1 946/5/1 1058/5/1
f 988/5/1 996/5/1 995/5/1 987/5/1
f 950/5/1 987/5/1 995/5/1 1245/5/1 1244/5/1 949/5/1
f 991/5/1 992/5/1 997/5/1 938/5/1
f 968/5/1 966/5/1 933/5/1 935/5/1 937/5/1 936/5/1 1219/5/1 1222/5/1 940/5/1 941/5/1 944/5/1 945/5/1 942/5/1 943/5/1 1225/5/1 1224/5/1 938/5/1 980/5/1 983/5/1 982/5/1 979/5/1 931/5/1
f 1155/2/2 1159/15/2 1061/1/2 922/2/2
f 5/6/1 1060/1/1 1059/4/1 6/7/1
f 998/5/1 994/5/1 1062/5/1
f 985/5/1 990/5/1 1062/5/1
f 988/5/1 986/5/1 1062/5/1
f 993/5/1 996/5/1 1062/5/1
f 994/5/1 993/5/1 1062/5/1
f 996/5/1 988/5/1 1062/5/1
f 986/5/1 985/5/1 1062/5/1
f 978/5/1 980/5/1 1063/5/1
f 938/5/1 997/5/1 1063/5/1
f 997/5/1 998/5/1 1063/5/1
f 980/5/1 938/5/1 1063/5/1
f 922/2/1 1061/1/1 1063/11/1
f 1061/1/1 977/5/1 1063/11/1
f 978/5/1 1063/5/1 977/5/1
f 957/5/1 1007/5/1 1008/5/1
f 1008/5/1 1009/5/1 1002/5/1
f 1010/11/1 1007/5/1 961/5/1
f 1010/11/1 963/11/1 1007/5/1
f 1007/5/1 963/11/1 1066/11/1
f 1008/5/1 1007/5/1 1066/11/1
f 1065/11/1 1009/5/1 1008/5/1
f 1066/11/1 1065/11/1 1008/5/1
f 1005/5/1 1009/5/1 1071/11/1
f 1057/5/1 1005/5/1 1071/11/1
f 946/5/1 1057/5/1 1072/5/1
f 1058/5/1 946/5/1 1072/5/1
f 1071/11/1 1072/5/1 1057/5/1
f 1071/11/1 1065/11/1 1067/11/1
f 1065/11/1 1071/11/1 1009/5/1
f 1072/11/1 1064/11/1 1069/11/1
f 1064/11/1 1072/11/1 1067/11/1
f 1071/11/1 1067/11/1 1072/5/1
f 1068/11/1 1058/5/1 1072/5/1
f 1069/11/1 1068/11/1 1072/11/1
f 1058/5/1 1068/11/1 990/5/1
f 1062/5/1 990/5/1 1068/11/1
f 1068/11/1 1070/11/1 1062/5/1
f 998/5/1 1070/11/1 1063/5/1
f 1062/5/1 1070/11/1 998/5/1
f 1063/5/1 1070/11/1 922/2/1
f 2/2/2 1060/1/2 1159/15/2 1155/2/2
f 296/11/5 1011/11/5 1158/11/5 1139/11/5
f 303/5/4 304/5/4 1106/5/4 1089/5/4
f 38/5/4 41/5/4 1087/5/4 1157/5/4
f 298/5/37 301/5/37 1212/5/37 1213/5/37
f 320/5/5 319/5/5 1095/5/5 1088/5/5
f 37/5/2 299/5/2 1153/5/2 1138/5/2
f 201/5/38 199/5/38 1226/5/38 1156/5/38
f 302/5/5 300/5/5 1154/5/5 1103/5/5
f 17/5/5 20/5/5 1144/5/5 1142/5/5
f 31/5/4 38/5/4 1157/5/4 1145/5/4
f 200/5/4 201/5/4 1156/5/4 1077/5/4
f 199/5/38 197/5/38 1227/5/38 1226/5/38
f 1060/1/2 5/6/2 1098/6/2 1159/15/2
f 457/5/2 267/5/2 1120/5/2 1148/5/2
f 318/5/4 309/5/4 1112/5/4 1146/5/4
f 194/5/6 198/5/6 1080/5/6 1132/5/6
f 300/5/4 36/5/4 1123/5/4 1154/5/4
f 317/5/2 315/5/2 1149/5/2 1129/5/2
f 299/5/2 297/5/2 1150/5/2 1153/5/2
f 274/5/2 275/5/2 1090/5/2 1152/5/2
f 466/5/5 483/5/5 1135/5/5 1111/5/5
f 273/5/2 274/5/2 1152/5/2 1151/5/2
f 197/5/4 192/5/4 1126/5/4 1227/5/4
f 272/5/2 273/5/2 1151/5/2 1147/5/2
f 297/5/2 40/5/2 1101/5/2 1150/5/2
f 315/5/2 311/5/2 1137/5/2 1149/5/2
f 480/5/6 457/5/6 1148/5/6 1122/5/6
f 271/5/2 272/5/2 1147/5/2 1143/5/2
f 291/5/39 296/11/39 1139/11/39 1252/5/39
f 314/5/34 318/5/34 1146/5/34 1124/5/34
f 20/5/4 31/5/4 1145/5/4 1144/5/4
f 270/5/2 271/5/2 1143/5/2 1141/5/2
f 12/5/2 17/5/2 1142/5/2 1108/5/2
f 268/5/2 270/5/2 1141/5/2 1134/5/2
f 344/5/5 340/5/5 1099/5/5 1131/5/5
f 211/5/5 209/5/5 1119/5/5 1105/5/5
f 310/5/5 312/5/5 1128/5/5 1113/5/5
f 254/5/5 193/5/5 1104/5/5 1251/5/5
f 484/5/2 482/5/2 1127/5/2 1136/5/2
f 276/5/2 269/5/2 1133/5/2 1125/5/2
f 338/5/6 343/5/6 1130/5/6 1092/5/6
f 1011/11/5 279/11/5 1140/11/5 1158/11/5
f 311/5/6 37/5/6 1138/5/6 1137/5/6
f 483/5/2 484/5/2 1136/5/2 1135/5/2
f 269/5/2 268/5/2 1134/5/2 1133/5/2
f 167/5/4 194/5/4 1132/5/4 1083/5/4
f 343/5/4 344/5/4 1131/5/4 1130/5/4
f 312/5/2 317/5/2 1129/5/2 1128/5/2
f 482/5/2 481/5/2 1121/5/2 1127/5/2
f 192/5/5 332/5/5 1091/5/5 1126/5/5
f 265/5/2 276/5/2 1125/5/2 1118/5/2
f 341/5/6 337/5/6 1247/5/6 1116/5/6
f 9/6/5 11/6/5 1107/6/5 1114/6/5
f 36/5/4 314/5/4 1124/5/4 1123/5/4
f 481/5/2 480/5/2 1122/5/2 1121/5/2
f 267/5/33 266/5/33 1117/5/33 1120/5/33
f 339/5/5 342/5/5 1115/5/5 1100/5/5
f 209/5/5 204/5/5 1086/5/5 1119/5/5
f 468/5/40 467/5/40 1110/5/40 1239/5/40
f 266/5/2 265/5/2 1118/5/2 1117/5/2
f 342/5/2 341/5/2 1116/5/2 1115/5/2
f 309/5/5 310/5/5 1113/5/5 1112/5/5
f 467/5/5 466/5/5 1111/5/5 1110/5/5
f 326/5/5 258/5/5 1109/5/5 1246/5/5
f 258/5/4 264/5/4 1081/5/4 1109/5/4
f 11/6/2 12/5/2 1108/5/2 1107/6/2
f 304/5/4 308/5/4 1096/5/4 1106/5/4
f 206/5/41 468/5/41 1239/5/41 1238/5/41
f 263/5/42 254/5/42 1251/5/42 1102/5/42
f 193/5/5 211/5/5 1105/5/5 1104/5/5
f 307/5/2 302/5/2 1103/5/2 1097/5/2
f 323/5/6 263/5/6 1102/5/6 1094/5/6
f 40/5/5 43/5/5 1075/5/5 1101/5/5
f 340/5/5 339/5/5 1100/5/5 1099/5/5
f 5/6/5 9/6/5 1114/6/5 1098/6/5
f 308/5/5 307/5/5 1097/5/5 1096/5/5
f 319/5/5 324/5/5 1093/5/5 1095/5/5
f 337/5/43 326/5/43 1246/5/43 1247/5/43
f 301/5/2 305/5/2 1084/5/2 1212/5/2
f 170/5/5 169/5/5 1082/5/5 1076/5/5
f 324/5/2 323/5/2 1094/5/2 1093/5/2
f 332/5/4 338/5/4 1092/5/4 1091/5/4
f 275/5/6 291/5/6 1252/5/6 1090/5/6
f 306/5/4 303/5/4 1089/5/4 1085/5/4
f 322/5/5 320/5/5 1088/5/5 1079/5/5
f 41/5/4 298/5/4 1213/5/4 1087/5/4
f 204/5/2 206/5/2 1238/5/2 1086/5/2
f 305/5/6 306/5/6 1085/5/6 1084/5/6
f 1218/5/44 167/5/44 1083/5/44 1223/5/44
f 264/5/6 321/5/6 1078/5/6 1081/5/6
f 198/5/2 202/5/2 1073/5/2 1080/5/2
f 321/5/4 322/5/4 1079/5/4 1078/5/4
f 203/5/4 200/5/4 1077/5/4 1074/5/4
f 43/5/5 170/5/5 1076/5/5 1075/5/5
f 202/5/6 203/5/6 1074/5/6 1073/5/6
f 123/5/5 120/5/5 1189/5/5 1179/5/5
f 178/5/2 179/5/2 1172/5/2 1169/5/2
f 176/5/5 173/5/5 1185/5/5 1192/5/5
f 195/5/2 189/5/2 1170/5/2 1193/5/2
f 175/5/6 177/5/6 1191/5/6 1188/5/6
f 185/5/5 182/5/5 1242/5/5 1163/5/5
f 212/5/6 195/5/6 1193/5/6 1243/5/6
f 177/5/4 176/5/4 1192/5/4 1191/5/4
f 180/5/6 184/5/6 1190/5/6 1233/5/6
f 1217/5/6 168/5/6 1182/5/6 1221/5/6
f 42/5/45 39/5/45 1216/5/45 1175/5/45
f 32/5/5 136/5/5 1160/5/5 1176/5/5
f 184/5/4 474/5/4 1183/5/4 1190/5/4
f 120/5/5 130/5/5 1164/5/5 1189/5/5
f 151/5/5 35/5/5 1232/5/5 1187/5/5
f 141/5/5 131/5/5 1178/5/5 1161/5/5
f 174/5/6 175/5/6 1188/5/6 1173/5/6
f 146/5/5 151/5/5 1187/5/5 1165/5/5
f 262/5/6 330/5/6 1177/5/6 1184/5/6
f 190/5/4 166/5/4 1186/5/4 1167/5/4
f 173/5/4 171/5/4 1174/5/4 1185/5/4
f 253/5/6 262/5/6 1184/5/6 1181/5/6
f 474/5/4 479/5/4 1162/5/4 1183/5/4
f 188/5/2 191/5/2 1180/5/2 1171/5/2
f 168/5/2 172/5/2 1168/5/2 1182/5/2
f 191/5/6 253/5/6 1181/5/6 1180/5/6
f 35/5/46 180/5/46 1233/5/46 1232/5/46
f 131/5/5 123/5/5 1179/5/5 1178/5/5
f 330/5/6 336/5/6 1166/5/6 1177/5/6
f 39/5/2 32/5/2 1176/5/2 1216/5/2
f 171/5/6 42/5/6 1175/5/6 1174/5/6
f 179/5/6 174/5/6 1173/5/6 1172/5/6
f 189/5/2 188/5/2 1171/5/2 1170/5/2
f 182/5/47 212/5/47 1243/5/47 1242/5/47
f 172/5/5 178/5/5 1169/5/5 1168/5/5
f 336/5/6 190/5/6 1167/5/6 1166/5/6
f 130/5/5 146/5/5 1165/5/5 1164/5/5
f 479/5/4 185/5/4 1163/5/4 1162/5/4
f 136/5/5 141/5/5 1161/5/5 1160/5/5
f 461/5/4 462/5/4 1199/5/4 1200/5/4
f 458/5/6 461/5/6 1200/5/6 1196/5/6
f 462/5/6 475/5/6 1198/5/6 1199/5/6
f 475/5/2 186/5/2 1197/5/2 1198/5/2
f 101/5/5 288/5/5 1229/5/5 1194/5/5
f 186/5/6 181/5/6 1195/5/6 1197/5/6
f 288/5/48 458/5/48 1196/5/48 1229/5/48
f 181/5/2 101/5/2 1194/5/2 1195/5/2
f 465/5/4 470/5/4 1207/5/4 1203/5/4
f 183/5/5 187/5/5 1202/5/5 1204/13/5
f 205/5/6 207/5/6 1205/5/6 1206/5/6
f 470/5/6 205/5/6 1206/5/6 1207/5/6
f 207/5/49 183/5/49 1204/13/49 1205/5/49
f 477/5/5 465/5/5 1203/5/5 1201/5/5
f 187/5/2 477/5/2 1201/5/2 1202/5/2
f 923/6/2 1098/6/2 1209/6/2 615/6/2
f 1114/6/4 926/6/4 1208/6/4 1210/6/4
f 1098/6/3 1114/6/3 1210/6/3 1209/6/3
f 926/11/1 923/11/1 615/11/1 1208/11/1
f 974/11/1 923/11/1 926/11/1
f 925/5/1 927/5/1 928/5/1 929/5/1 932/5/1 934/5/1 967/5/1 1211/5/1 973/5/1 974/5/1 926/11/1 924/6/1
f 930/5/1 981/5/1 984/5/1 977/5/1 1061/1/1 923/6/1 974/11/1 971/5/1 972/5/1 976/5/1 975/5/1 970/5/1 969/5/1
f 970/5/2 1103/5/2 1212/5/2 1211/5/2
f 1103/5/3 1154/5/3 1213/5/3 1212/5/3
f 1214/11/1 1040/11/1 1215/11/1
f 935/5/1 933/5/1 1214/5/1 1215/5/1
f 933/5/2 1101/5/2 1216/5/2 1214/5/2
f 1101/5/3 1075/5/3 1175/5/3 1216/5/3
f 1075/5/4 935/5/4 1215/5/4 1175/5/4
f 166/5/6 1217/5/6 1221/5/6 1186/5/6
f 169/5/50 1218/5/50 1223/5/50 1082/5/50
f 1221/5/2 1220/5/2 1219/5/2 1223/5/2
f 1082/5/51 1223/5/51 1219/5/51 936/5/51
f 169/5/1 168/5/1 1217/5/1 1218/5/1
f 1035/5/1 1220/5/1 1042/11/1
f 1035/5/4 1186/5/4 1083/5/4 1222/5/4
f 1220/5/1 1035/5/1 1222/5/1 1219/5/1
f 941/5/1 940/5/1 1224/5/1 1225/5/1
f 940/5/4 1132/5/4 1227/5/4 1224/5/4
f 953/5/1 999/5/1 1016/5/1 1228/5/1
f 1120/5/5 953/5/5 1228/5/5 1229/5/5
f 1195/5/3 1194/5/3 1232/5/3 1233/5/3
f 1194/5/5 1013/5/5 1230/5/5 1232/5/5
f 1199/5/3 1198/5/3 1201/5/3 1203/5/3
f 1018/5/4 1199/5/4 1203/5/4 1024/5/4
f 1022/5/1 1025/5/1 1237/5/1 1236/5/1
f 1207/5/3 1206/5/3 1238/5/3 1239/5/3
f 1205/5/3 1204/13/3 1242/13/3 1243/5/3
f 1020/5/1 1023/5/1 1241/5/1 1240/5/1
f 1091/5/3 1092/5/3 1247/5/3 1246/5/3
f 991/5/5 1091/5/5 1246/5/5 1244/5/5
f 1109/5/3 1081/5/3 1102/5/3 1251/5/3
f 950/5/1 949/5/1 1248/5/1 1249/5/1
f 1036/5/1 1215/5/1 1040/11/1 1037/5/1
f 1040/11/1 1214/11/1 1026/5/1 1041/5/1
f 1026/5/1 1031/5/1 1032/5/1 1054/5/1 1048/5/1 1035/5/1 1042/5/1 1043/5/1 1038/5/1 1039/5/1 1041/5/1
f 1250/5/1 1235/5/1 1042/11/1 1220/5/1
f 1185/5/3 1174/5/3 1182/5/3 1168/5/3
f 1174/5/6 1036/5/6 1250/5/6 1182/5/6
f 928/5/1 927/5/1 744/5/1 745/5/1
f 1144/5/4 928/5/4 745/5/4 772/5/4
f 533/5/1 540/11/1 965/11/1 964/5/1
f 789/11/3 800/5/3 1252/5/3 1139/11/3
l 436 614
o Cube.031
v -2.642994 2.710462 42.901855
v -2.642994 0.010462 42.901855
v -2.542994 2.710462 42.901855
v -2.542994 0.010462 42.901855
v -2.642994 2.710462 43.101856
v -2.542994 2.710462 43.101856
v -2.642994 0.010462 43.101856
v -2.542994 0.010462 43.101856
v -2.642994 2.910462 42.901855
v -2.542994 2.910462 42.901855
v -2.642994 2.910462 43.101856
v -2.542994 2.910462 43.101856
v -2.642994 2.710462 44.701859
v -2.542994 2.710462 44.701859
v -2.642994 2.910462 44.701859
v -2.542994 2.910462 44.701859
v -2.642994 2.910462 44.501858
v -2.642994 2.710462 44.501858
v -2.542994 2.710462 44.501858
v -2.542994 2.910462 44.501858
v -2.642994 0.010462 44.701859
v -2.542994 0.010462 44.701859
v -2.642994 0.010462 44.501858
v -2.542994 0.010462 44.501858
v -2.642994 0.010462 44.501858
v -2.542994 0.010462 44.501858
v -2.642994 0.020462 44.501858
v -2.542994 0.020462 44.501858
v -2.642994 0.010462 43.101856
v -2.542994 0.010462 43.101856
v -2.642994 0.020462 43.101856
v -2.542994 0.020462 43.101856
v -2.542994 -0.115702 42.901855
v -2.642994 -0.115702 42.901855
v -2.542994 -0.115702 43.101856
v -2.642994 -0.115702 43.101856
v -2.642994 -0.115702 44.701859
v -2.542994 -0.115702 44.701859
v -2.642994 -0.115702 44.501858
v -2.542994 -0.115702 44.501858
v -2.642994 -0.115702 44.501858
v -2.542994 -0.115702 44.501858
v -2.642994 -0.115702 43.101856
v -2.542994 -0.115702 43.101856
v -11.152908 2.710462 11.296215
v -11.152908 0.010462 11.296215
v -11.052908 2.710462 11.296215
v -11.052908 0.010462 11.296215
v -11.152908 2.710462 11.496214
v -11.052908 2.710462 11.496214
v -11.152908 0.010462 11.496214
v -11.052908 0.010462 11.496214
v -11.152908 2.910462 11.296215
v -11.052908 2.910462 11.296215
v -11.152908 2.910462 11.496214
v -11.052908 2.910462 11.496214
v -11.152909 2.710462 13.096214
v -11.052909 2.710462 13.096214
v -11.152909 2.910462 13.096214
v -11.052909 2.910462 13.096214
v -11.152909 2.910462 12.896215
v -11.152909 2.710462 12.896215
v -11.052909 2.710462 12.896215
v -11.052909 2.910462 12.896215
v -11.152909 0.010462 13.096214
v -11.052909 0.010462 13.096214
v -11.152909 0.010462 12.896215
v -11.052909 0.010462 12.896215
v -11.152909 0.010462 12.896215
v -11.052909 0.010462 12.896215
v -11.152909 0.020462 12.896215
v -11.052909 0.020462 12.896215
v -11.152908 0.010462 11.496214
v -11.052908 0.010462 11.496214
v -11.152908 0.020462 11.496214
v -11.052908 0.020462 11.496214
v -11.052908 -0.115702 11.296215
v -11.152908 -0.115702 11.296215
v -11.052908 -0.115702 11.496214
v -11.152908 -0.115702 11.496214
v -11.152909 -0.115702 13.096214
v -11.052909 -0.115702 13.096214
v -11.152909 -0.115702 12.896215
v -11.052909 -0.115702 12.896215
v -11.152909 -0.115702 12.896215
v -11.052909 -0.115702 12.896215
v -11.152908 -0.115702 11.496214
v -11.052908 -0.115702 11.496214
v -14.345946 2.710462 11.296215
v -14.345946 0.010462 11.296215
v -14.245946 2.710462 11.296215
v -14.245946 0.010462 11.296215
v -14.345946 2.710462 11.496214
v -14.245946 2.710462 11.496214
v -14.345946 0.010462 11.496214
v -14.245946 0.010462 11.496214
v -14.345946 2.910462 11.296215
v -14.245946 2.910462 11.296215
v -14.345946 2.910462 11.496214
v -14.245946 2.910462 11.496214
v -14.345947 2.710462 13.096214
v -14.245947 2.710462 13.096214
v -14.345947 2.910462 13.096214
v -14.245947 2.910462 13.096214
v -14.345947 2.910462 12.896215
v -14.345947 2.710462 12.896215
v -14.245947 2.710462 12.896215
v -14.245947 2.910462 12.896215
v -14.345947 0.010462 13.096214
v -14.245947 0.010462 13.096214
v -14.345947 0.010462 12.896215
v -14.245947 0.010462 12.896215
v -14.345947 0.010462 12.896215
v -14.245947 0.010462 12.896215
v -14.345947 0.020462 12.896215
v -14.245947 0.020462 12.896215
v -14.345946 0.010462 11.496214
v -14.245946 0.010462 11.496214
v -14.345946 0.020462 11.496214
v -14.245946 0.020462 11.496214
v -14.245946 -0.115702 11.296215
v -14.345946 -0.115702 11.296215
v -14.245946 -0.115702 11.496214
v -14.345946 -0.115702 11.496214
v -14.345947 -0.115702 13.096214
v -14.245947 -0.115702 13.096214
v -14.345947 -0.115702 12.896215
v -14.245947 -0.115702 12.896215
v -14.345947 -0.115702 12.896215
v -14.245947 -0.115702 12.896215
v -14.345946 -0.115702 11.496214
v -14.245946 -0.115702 11.496214
v -16.100559 2.710462 10.854935
v -16.100559 0.010462 10.854935
v -16.100559 2.710462 10.954933
v -16.100559 0.010462 10.954933
v -16.300560 2.710462 10.854935
v -16.300560 2.710462 10.954933
v -16.300560 0.010462 10.854935
v -16.300560 0.010462 10.954933
v -16.100559 2.910462 10.854935
v -16.100559 2.910462 10.954933
v -16.300560 2.910462 10.854935
v -16.300560 2.910462 10.954933
v -17.900558 2.710462 10.854935
v -17.900558 2.710462 10.954933
v -17.900558 2.910462 10.854935
v -17.900558 2.910462 10.954933
v -17.700560 2.910462 10.854935
v -17.700560 2.710462 10.854935
v -17.700560 2.710462 10.954933
v -17.700560 2.910462 10.954933
v -17.900558 0.010462 10.854935
v -17.900558 0.010462 10.954933
v -17.700560 0.010462 10.854935
v -17.700560 0.010462 10.954933
v -17.700560 0.010462 10.854935
v -17.700560 0.010462 10.954933
v -17.700560 0.020462 10.854935
v -17.700560 0.020462 10.954933
v -16.300560 0.010462 10.854935
v -16.300560 0.010462 10.954933
v -16.300560 0.020462 10.854935
v -16.300560 0.020462 10.954933
v -16.100559 -0.115702 10.954933
v -16.100559 -0.115702 10.854935
v -16.300560 -0.115702 10.954933
v -16.300560 -0.115702 10.854935
v -17.900558 -0.115702 10.854935
v -17.900558 -0.115702 10.954933
v -17.700560 -0.115702 10.854935
v -17.700560 -0.115702 10.954933
v -17.700560 -0.115702 10.854935
v -17.700560 -0.115702 10.954933
v -16.300560 -0.115702 10.854935
v -16.300560 -0.115702 10.954933
v -20.097023 2.710462 10.854935
v -20.097023 0.010462 10.854935
v -20.097023 2.710462 10.954933
v -20.097023 0.010462 10.954933
v -20.297022 2.710462 10.854935
v -20.297022 2.710462 10.954933
v -20.297022 0.010462 10.854935
v -20.297022 0.010462 10.954933
v -20.097023 2.910462 10.854935
v -20.097023 2.910462 10.954933
v -20.297022 2.910462 10.854935
v -20.297022 2.910462 10.954933
v -21.897022 2.710462 10.854935
v -21.897022 2.710462 10.954933
v -21.897022 2.910462 10.854935
v -21.897022 2.910462 10.954933
v -21.697023 2.910462 10.854935
v -21.697023 2.710462 10.854935
v -21.697023 2.710462 10.954933
v -21.697023 2.910462 10.954933
v -21.897022 0.010462 10.854935
v -21.897022 0.010462 10.954933
v -21.697023 0.010462 10.854935
v -21.697023 0.010462 10.954933
v -21.697023 0.010462 10.854935
v -21.697023 0.010462 10.954933
v -21.697023 0.020462 10.854935
v -21.697023 0.020462 10.954933
v -20.297022 0.010462 10.854935
v -20.297022 0.010462 10.954933
v -20.297022 0.020462 10.854935
v -20.297022 0.020462 10.954933
v -20.097023 -0.115702 10.954933
v -20.097023 -0.115702 10.854935
v -20.297022 -0.115702 10.954933
v -20.297022 -0.115702 10.854935
v -21.897022 -0.115702 10.854935
v -21.897022 -0.115702 10.954933
v -21.697023 -0.115702 10.854935
v -21.697023 -0.115702 10.954933
v -21.697023 -0.115702 10.854935
v -21.697023 -0.115702 10.954933
v -20.297022 -0.115702 10.854935
v -20.297022 -0.115702 10.954933
v -26.909931 2.710462 10.854935
v -26.909931 0.010462 10.854935
v -26.909931 2.710462 10.954933
v -26.909931 0.010462 10.954933
v -27.109930 2.710462 10.854935
v -27.109930 2.710462 10.954933
v -27.109930 0.010462 10.854935
v -27.109930 0.010462 10.954933
v -26.909931 2.910462 10.854935
v -26.909931 2.910462 10.954933
v -27.109930 2.910462 10.854935
v -27.109930 2.910462 10.954933
v -28.709930 2.710462 10.854931
v -28.709930 2.710462 10.954929
v -28.709930 2.910462 10.854931
v -28.709930 2.910462 10.954929
v -28.509932 2.910462 10.854931
v -28.509932 2.710462 10.854931
v -28.509932 2.710462 10.954929
v -28.509932 2.910462 10.954929
v -28.709930 0.010462 10.854931
v -28.709930 0.010462 10.954929
v -28.509932 0.010462 10.854931
v -28.509932 0.010462 10.954929
v -28.509932 0.010462 10.854931
v -28.509932 0.010462 10.954929
v -28.509932 0.020462 10.854931
v -28.509932 0.020462 10.954929
v -27.109930 0.010462 10.854935
v -27.109930 0.010462 10.954933
v -27.109930 0.020462 10.854935
v -27.109930 0.020462 10.954933
v -26.909931 -0.115702 10.954933
v -26.909931 -0.115702 10.854935
v -27.109930 -0.115702 10.954933
v -27.109930 -0.115702 10.854935
v -28.709930 -0.115702 10.854931
v -28.709930 -0.115702 10.954929
v -28.509932 -0.115702 10.854931
v -28.509932 -0.115702 10.954929
v -28.509932 -0.115702 10.854931
v -28.509932 -0.115702 10.954929
v -27.109930 -0.115702 10.854935
v -27.109930 -0.115702 10.954933
v -25.449095 2.710462 9.087166
v -25.449095 0.010462 9.087166
v -25.549095 2.710462 9.087166
v -25.549095 0.010462 9.087166
v -25.449095 2.710462 8.887165
v -25.549095 2.710462 8.887165
v -25.449095 0.010462 8.887165
v -25.549095 0.010462 8.887165
v -25.449095 2.910462 9.087166
v -25.549095 2.910462 9.087166
v -25.449095 2.910462 8.887165
v -25.549095 2.910462 8.887165
v -25.449095 2.710462 7.287163
v -25.549095 2.710462 7.287163
v -25.449095 2.910462 7.287163
v -25.549095 2.910462 7.287163
v -25.449095 2.910462 7.487164
v -25.449095 2.710462 7.487164
v -25.549095 2.710462 7.487164
v -25.549095 2.910462 7.487164
v -25.449095 0.010462 7.287163
v -25.549095 0.010462 7.287163
v -25.449095 0.010462 7.487164
v -25.549095 0.010462 7.487164
v -25.449095 0.010462 7.487164
v -25.549095 0.010462 7.487164
v -25.449095 0.020462 7.487164
v -25.549095 0.020462 7.487164
v -25.449095 0.010462 8.887165
v -25.549095 0.010462 8.887165
v -25.449095 0.020462 8.887165
v -25.549095 0.020462 8.887165
v -25.549095 -0.115702 9.087166
v -25.449095 -0.115702 9.087166
v -25.549095 -0.115702 8.887165
v -25.449095 -0.115702 8.887165
v -25.449095 -0.115702 7.287163
v -25.549095 -0.115702 7.287163
v -25.449095 -0.115702 7.487164
v -25.549095 -0.115702 7.487164
v -25.449095 -0.115702 7.487164
v -25.549095 -0.115702 7.487164
v -25.449095 -0.115702 8.887165
v -25.549095 -0.115702 8.887165
v -20.097021 2.710462 15.050003
v -20.097021 0.010462 15.050003
v -20.097021 2.710462 15.150003
v -20.097021 0.010462 15.150003
v -20.297020 2.710462 15.050003
v -20.297020 2.710462 15.150003
v -20.297020 0.010462 15.050003
v -20.297020 0.010462 15.150003
v -20.097021 2.910462 15.050003
v -20.097021 2.910462 15.150003
v -20.297020 2.910462 15.050003
v -20.297020 2.910462 15.150003
v -21.897020 2.710462 15.050003
v -21.897020 2.710462 15.150003
v -21.897020 2.910462 15.050003
v -21.897020 2.910462 15.150003
v -21.697021 2.910462 15.050003
v -21.697021 2.710462 15.050003
v -21.697021 2.710462 15.150003
v -21.697021 2.910462 15.150003
v -21.897020 0.010462 15.050003
v -21.897020 0.010462 15.150003
v -21.697021 0.010462 15.050003
v -21.697021 0.010462 15.150003
v -21.697021 0.010462 15.050003
v -21.697021 0.010462 15.150003
v -21.697021 0.020462 15.050003
v -21.697021 0.020462 15.150003
v -20.297020 0.010462 15.050003
v -20.297020 0.010462 15.150003
v -20.297020 0.020462 15.050003
v -20.297020 0.020462 15.150003
v -20.097021 -0.115702 15.150003
v -20.097021 -0.115702 15.050003
v -20.297020 -0.115702 15.150003
v -20.297020 -0.115702 15.050003
v -21.897020 -0.115702 15.050003
v -21.897020 -0.115702 15.150003
v -21.697021 -0.115702 15.050003
v -21.697021 -0.115702 15.150003
v -21.697021 -0.115702 15.050003
v -21.697021 -0.115702 15.150003
v -20.297020 -0.115702 15.050003
v -20.297020 -0.115702 15.150003
v -7.905840 2.710462 15.146334
v -7.905840 0.010462 15.146334
v -7.905840 2.710462 15.046333
v -7.905840 0.010462 15.046333
v -7.705839 2.710462 15.146334
v -7.705839 2.710462 15.046333
v -7.705839 0.010462 15.146334
v -7.705839 0.010462 15.046333
v -7.905840 2.910462 15.146334
v -7.905840 2.910462 15.046333
v -7.705839 2.910462 15.146334
v -7.705839 2.910462 15.046333
v -6.105839 2.710462 15.146334
v -6.105839 2.710462 15.046333
v -6.105839 2.910462 15.146334
v -6.105839 2.910462 15.046333
v -6.305840 2.910462 15.146334
v -6.305840 2.710462 15.146334
v -6.305840 2.710462 15.046333
v -6.305840 2.910462 15.046333
v -6.105839 0.010462 15.146334
v -6.105839 0.010462 15.046333
v -6.305840 0.010462 15.146334
v -6.305840 0.010462 15.046333
v -6.305840 0.010462 15.146334
v -6.305840 0.010462 15.046333
v -6.305840 0.020462 15.146334
v -6.305840 0.020462 15.046333
v -7.705839 0.010462 15.146334
v -7.705839 0.010462 15.046333
v -7.705839 0.020462 15.146334
v -7.705839 0.020462 15.046333
v -7.905840 -0.115702 15.046333
v -7.905840 -0.115702 15.146334
v -7.705839 -0.115702 15.046333
v -7.705839 -0.115702 15.146334
v -6.105839 -0.115702 15.146334
v -6.105839 -0.115702 15.046333
v -6.305840 -0.115702 15.146334
v -6.305840 -0.115702 15.046333
v -6.305840 -0.115702 15.146334
v -6.305840 -0.115702 15.046333
v -7.705839 -0.115702 15.146334
v -7.705839 -0.115702 15.046333
v -20.097021 2.710462 20.849350
v -20.097021 0.010462 20.849350
v -20.097021 2.710462 20.949350
v -20.097021 0.010462 20.949350
v -20.297020 2.710462 20.849350
v -20.297020 2.710462 20.949350
v -20.297020 0.010462 20.849350
v -20.297020 0.010462 20.949350
v -20.097021 2.910462 20.849350
v -20.097021 2.910462 20.949350
v -20.297020 2.910462 20.849350
v -20.297020 2.910462 20.949350
v -21.897020 2.710462 20.849350
v -21.897020 2.710462 20.949350
v -21.897020 2.910462 20.849350
v -21.897020 2.910462 20.949350
v -21.697021 2.910462 20.849350
v -21.697021 2.710462 20.849350
v -21.697021 2.710462 20.949350
v -21.697021 2.910462 20.949350
v -21.897020 0.010462 20.849350
v -21.897020 0.010462 20.949350
v -21.697021 0.010462 20.849350
v -21.697021 0.010462 20.949350
v -21.697021 0.010462 20.849350
v -21.697021 0.010462 20.949350
v -21.697021 0.020462 20.849350
v -21.697021 0.020462 20.949350
v -20.297020 0.010462 20.849350
v -20.297020 0.010462 20.949350
v -20.297020 0.020462 20.849350
v -20.297020 0.020462 20.949350
v -20.097021 -0.115702 20.949350
v -20.097021 -0.115702 20.849350
v -20.297020 -0.115702 20.949350
v -20.297020 -0.115702 20.849350
v -21.897020 -0.115702 20.849350
v -21.897020 -0.115702 20.949350
v -21.697021 -0.115702 20.849350
v -21.697021 -0.115702 20.949350
v -21.697021 -0.115702 20.849350
v -21.697021 -0.115702 20.949350
v -20.297020 -0.115702 20.849350
v -20.297020 -0.115702 20.949350
v -25.903608 2.710462 20.849350
v -25.903608 0.010462 20.849350
v -25.903608 2.710462 20.949350
v -25.903608 0.010462 20.949350
v -26.103607 2.710462 20.849350
v -26.103607 2.710462 20.949350
v -26.103607 0.010462 20.849350
v -26.103607 0.010462 20.949350
v -25.903608 2.910462 20.849350
v -25.903608 2.910462 20.949350
v -26.103607 2.910462 20.849350
v -26.103607 2.910462 20.949350
v -27.703608 2.710462 20.849350
v -27.703608 2.710462 20.949350
v -27.703608 2.910462 20.849350
v -27.703608 2.910462 20.949350
v -27.503609 2.910462 20.849350
v -27.503609 2.710462 20.849350
v -27.503609 2.710462 20.949350
v -27.503609 2.910462 20.949350
v -27.703608 0.010462 20.849350
v -27.703608 0.010462 20.949350
v -27.503609 0.010462 20.849350
v -27.503609 0.010462 20.949350
v -27.503609 0.010462 20.849350
v -27.503609 0.010462 20.949350
v -27.503609 0.020462 20.849350
v -27.503609 0.020462 20.949350
v -26.103607 0.010462 20.849350
v -26.103607 0.010462 20.949350
v -26.103607 0.020462 20.849350
v -26.103607 0.020462 20.949350
v -25.903608 -0.115702 20.949350
v -25.903608 -0.115702 20.849350
v -26.103607 -0.115702 20.949350
v -26.103607 -0.115702 20.849350
v -27.703608 -0.115702 20.849350
v -27.703608 -0.115702 20.949350
v -27.503609 -0.115702 20.849350
v -27.503609 -0.115702 20.949350
v -27.503609 -0.115702 20.849350
v -27.503609 -0.115702 20.949350
v -26.103607 -0.115702 20.849350
v -26.103607 -0.115702 20.949350
v -20.097021 2.710462 27.854404
v -20.097021 0.010462 27.854404
v -20.097021 2.710462 27.954407
v -20.097021 0.010462 27.954407
v -20.297020 2.710462 27.854404
v -20.297020 2.710462 27.954407
v -20.297020 0.010462 27.854404
v -20.297020 0.010462 27.954407
v -20.097021 2.910462 27.854404
v -20.097021 2.910462 27.954407
v -20.297020 2.910462 27.854404
v -20.297020 2.910462 27.954407
v -21.897020 2.710462 27.854404
v -21.897020 2.710462 27.954405
v -21.897020 2.910462 27.854404
v -21.897020 2.910462 27.954405
v -21.697021 2.910462 27.854404
v -21.697021 2.710462 27.854404
v -21.697021 2.710462 27.954405
v -21.697021 2.910462 27.954405
v -21.897020 0.010462 27.854404
v -21.897020 0.010462 27.954405
v -21.697021 0.010462 27.854404
v -21.697021 0.010462 27.954405
v -21.697021 0.010462 27.854404
v -21.697021 0.010462 27.954405
v -21.697021 0.020462 27.854404
v -21.697021 0.020462 27.954405
v -20.297020 0.010462 27.854404
v -20.297020 0.010462 27.954407
v -20.297020 0.020462 27.854404
v -20.297020 0.020462 27.954407
v -20.097021 -0.115702 27.954407
v -20.097021 -0.115702 27.854404
v -20.297020 -0.115702 27.954407
v -20.297020 -0.115702 27.854404
v -21.897020 -0.115702 27.854404
v -21.897020 -0.115702 27.954405
v -21.697021 -0.115702 27.854404
v -21.697021 -0.115702 27.954405
v -21.697021 -0.115702 27.854404
v -21.697021 -0.115702 27.954405
v -20.297020 -0.115702 27.854404
v -20.297020 -0.115702 27.954407
v -17.152466 2.710462 20.902514
v -17.152466 0.010462 20.902514
v -17.052465 2.710462 20.902514
v -17.052465 0.010462 20.902514
v -17.152466 2.710462 21.102512
v -17.052465 2.710462 21.102512
v -17.152466 0.010462 21.102512
v -17.052465 0.010462 21.102512
v -17.152466 2.910462 20.902514
v -17.052465 2.910462 20.902514
v -17.152466 2.910462 21.102512
v -17.052465 2.910462 21.102512
v -17.152466 2.710462 22.702513
v -17.052465 2.710462 22.702513
v -17.152466 2.910462 22.702513
v -17.052465 2.910462 22.702513
v -17.152466 2.910462 22.502514
v -17.152466 2.710462 22.502514
v -17.052465 2.710462 22.502514
v -17.052465 2.910462 22.502514
v -17.152466 0.010462 22.702513
v -17.052465 0.010462 22.702513
v -17.152466 0.010462 22.502514
v -17.052465 0.010462 22.502514
v -17.152466 0.010462 22.502514
v -17.052465 0.010462 22.502514
v -17.152466 0.020462 22.502514
v -17.052465 0.020462 22.502514
v -17.152466 0.010462 21.102512
v -17.052465 0.010462 21.102512
v -17.152466 0.020462 21.102512
v -17.052465 0.020462 21.102512
v -17.052465 -0.115702 20.902514
v -17.152466 -0.115702 20.902514
v -17.052465 -0.115702 21.102512
v -17.152466 -0.115702 21.102512
v -17.152466 -0.115702 22.702513
v -17.052465 -0.115702 22.702513
v -17.152466 -0.115702 22.502514
v -17.052465 -0.115702 22.502514
v -17.152466 -0.115702 22.502514
v -17.052465 -0.115702 22.502514
v -17.152466 -0.115702 21.102512
v -17.052465 -0.115702 21.102512
v -17.152466 2.710462 16.894609
v -17.152466 0.010462 16.894609
v -17.052465 2.710462 16.894609
v -17.052465 0.010462 16.894609
v -17.152466 2.710462 17.094608
v -17.052465 2.710462 17.094608
v -17.152466 0.010462 17.094608
v -17.052465 0.010462 17.094608
v -17.152466 2.910462 16.894609
v -17.052465 2.910462 16.894609
v -17.152466 2.910462 17.094608
v -17.052465 2.910462 17.094608
v -17.152466 2.710462 18.694609
v -17.052465 2.710462 18.694609
v -17.152466 2.910462 18.694609
v -17.052465 2.910462 18.694609
v -17.152466 2.910462 18.494610
v -17.152466 2.710462 18.494610
v -17.052465 2.710462 18.494610
v -17.052465 2.910462 18.494610
v -17.152466 0.010462 18.694609
v -17.052465 0.010462 18.694609
v -17.152466 0.010462 18.494610
v -17.052465 0.010462 18.494610
v -17.152466 0.010462 18.494610
v -17.052465 0.010462 18.494610
v -17.152466 0.020462 18.494610
v -17.052465 0.020462 18.494610
v -17.152466 0.010462 17.094608
v -17.052465 0.010462 17.094608
v -17.152466 0.020462 17.094608
v -17.052465 0.020462 17.094608
v -17.052465 -0.115702 16.894609
v -17.152466 -0.115702 16.894609
v -17.052465 -0.115702 17.094608
v -17.152466 -0.115702 17.094608
v -17.152466 -0.115702 18.694609
v -17.052465 -0.115702 18.694609
v -17.152466 -0.115702 18.494610
v -17.052465 -0.115702 18.494610
v -17.152466 -0.115702 18.494610
v -17.052465 -0.115702 18.494610
v -17.152466 -0.115702 17.094608
v -17.052465 -0.115702 17.094608
v -22.241121 2.710462 18.705187
v -22.241121 0.010462 18.705187
v -22.341122 2.710462 18.705187
v -22.341122 0.010462 18.705187
v -22.241121 2.710462 18.505188
v -22.341122 2.710462 18.505188
v -22.241121 0.010462 18.505188
v -22.341122 0.010462 18.505188
v -22.241121 2.910462 18.705187
v -22.341122 2.910462 18.705187
v -22.241121 2.910462 18.505188
v -22.341122 2.910462 18.505188
v -22.241121 2.710462 16.905188
v -22.341122 2.710462 16.905188
v -22.241121 2.910462 16.905188
v -22.341122 2.910462 16.905188
v -22.241121 2.910462 17.105186
v -22.241121 2.710462 17.105186
v -22.341122 2.710462 17.105186
v -22.341122 2.910462 17.105186
v -22.241121 0.010462 16.905188
v -22.341122 0.010462 16.905188
v -22.241121 0.010462 17.105186
v -22.341122 0.010462 17.105186
v -22.241121 0.010462 17.105186
v -22.341122 0.010462 17.105186
v -22.241121 0.020462 17.105186
v -22.341122 0.020462 17.105186
v -22.241121 0.010462 18.505188
v -22.341122 0.010462 18.505188
v -22.241121 0.020462 18.505188
v -22.341122 0.020462 18.505188
v -22.341122 -0.115702 18.705187
v -22.241121 -0.115702 18.705187
v -22.341122 -0.115702 18.505188
v -22.241121 -0.115702 18.505188
v -22.241121 -0.115702 16.905188
v -22.341122 -0.115702 16.905188
v -22.241121 -0.115702 17.105186
v -22.341122 -0.115702 17.105186
v -22.241121 -0.115702 17.105186
v -22.341122 -0.115702 17.105186
v -22.241121 -0.115702 18.505188
v -22.341122 -0.115702 18.505188
v -20.097023 2.710462 36.251163
v -20.097023 0.010462 36.251163
v -20.097023 2.710462 36.351166
v -20.097023 0.010462 36.351166
v -20.297022 2.710462 36.251163
v -20.297022 2.710462 36.351166
v -20.297022 0.010462 36.251163
v -20.297022 0.010462 36.351166
v -20.097023 2.910462 36.251163
v -20.097023 2.910462 36.351166
v -20.297022 2.910462 36.251163
v -20.297022 2.910462 36.351166
v -21.897022 2.710462 36.251163
v -21.897022 2.710462 36.351166
v -21.897022 2.910462 36.251163
v -21.897022 2.910462 36.351166
v -21.697023 2.910462 36.251163
v -21.697023 2.710462 36.251163
v -21.697023 2.710462 36.351166
v -21.697023 2.910462 36.351166
v -21.897022 0.010462 36.251163
v -21.897022 0.010462 36.351166
v -21.697023 0.010462 36.251163
v -21.697023 0.010462 36.351166
v -21.697023 0.010462 36.251163
v -21.697023 0.010462 36.351166
v -21.697023 0.020462 36.251163
v -21.697023 0.020462 36.351166
v -20.297022 0.010462 36.251163
v -20.297022 0.010462 36.351166
v -20.297022 0.020462 36.251163
v -20.297022 0.020462 36.351166
v -20.097023 -0.115702 36.351166
v -20.097023 -0.115702 36.251163
v -20.297022 -0.115702 36.351166
v -20.297022 -0.115702 36.251163
v -21.897022 -0.115702 36.251163
v -21.897022 -0.115702 36.351166
v -21.697023 -0.115702 36.251163
v -21.697023 -0.115702 36.351166
v -21.697023 -0.115702 36.251163
v -21.697023 -0.115702 36.351166
v -20.297022 -0.115702 36.251163
v -20.297022 -0.115702 36.351166
v -5.853680 2.710462 26.305254
v -5.853680 0.010462 26.305254
v -5.753680 2.710462 26.305254
v -5.753680 0.010462 26.305254
v -5.853680 2.710462 26.505253
v -5.753680 2.710462 26.505253
v -5.853680 0.010462 26.505253
v -5.753680 0.010462 26.505253
v -5.853680 2.910462 26.305254
v -5.753680 2.910462 26.305254
v -5.853680 2.910462 26.505253
v -5.753680 2.910462 26.505253
v -5.853680 2.710462 28.105253
v -5.753680 2.710462 28.105253
v -5.853680 2.910462 28.105253
v -5.753680 2.910462 28.105253
v -5.853680 2.910462 27.905254
v -5.853680 2.710462 27.905254
v -5.753680 2.710462 27.905254
v -5.753680 2.910462 27.905254
v -5.853680 0.010462 28.105253
v -5.753680 0.010462 28.105253
v -5.853680 0.010462 27.905254
v -5.753680 0.010462 27.905254
v -5.853680 0.010462 27.905254
v -5.753680 0.010462 27.905254
v -5.853680 0.020462 27.905254
v -5.753680 0.020462 27.905254
v -5.853680 0.010462 26.505253
v -5.753680 0.010462 26.505253
v -5.853680 0.020462 26.505253
v -5.753680 0.020462 26.505253
v -5.753680 -0.115702 26.305254
v -5.853680 -0.115702 26.305254
v -5.753680 -0.115702 26.505253
v -5.853680 -0.115702 26.505253
v -5.853680 -0.115702 28.105253
v -5.753680 -0.115702 28.105253
v -5.853680 -0.115702 27.905254
v -5.753680 -0.115702 27.905254
v -5.853680 -0.115702 27.905254
v -5.753680 -0.115702 27.905254
v -5.853680 -0.115702 26.505253
v -5.753680 -0.115702 26.505253
v -7.905839 2.710462 10.161613
v -7.905839 0.010462 10.161613
v -7.905839 2.710462 10.061615
v -7.905839 0.010462 10.061615
v -7.705839 2.710462 10.161613
v -7.705839 2.710462 10.061615
v -7.705839 0.010462 10.161613
v -7.705839 0.010462 10.061615
v -7.905839 2.910462 10.161613
v -7.905839 2.910462 10.061615
v -7.705839 2.910462 10.161613
v -7.705839 2.910462 10.061615
v -6.105839 2.710462 10.161613
v -6.105839 2.710462 10.061615
v -6.105839 2.910462 10.161613
v -6.105839 2.910462 10.061615
v -6.305839 2.910462 10.161613
v -6.305839 2.710462 10.161613
v -6.305839 2.710462 10.061615
v -6.305839 2.910462 10.061615
v -6.105839 0.010462 10.161613
v -6.105839 0.010462 10.061615
v -6.305839 0.010462 10.161613
v -6.305839 0.010462 10.061615
v -6.305839 0.010462 10.161613
v -6.305839 0.010462 10.061615
v -6.305839 0.020462 10.161613
v -6.305839 0.020462 10.061615
v -7.705839 0.010462 10.161613
v -7.705839 0.010462 10.061615
v -7.705839 0.020462 10.161613
v -7.705839 0.020462 10.061615
v -7.905839 -0.115702 10.061615
v -7.905839 -0.115702 10.161613
v -7.705839 -0.115702 10.061615
v -7.705839 -0.115702 10.161613
v -6.105839 -0.115702 10.161613
v -6.105839 -0.115702 10.061615
v -6.305839 -0.115702 10.161613
v -6.305839 -0.115702 10.061615
v -6.305839 -0.115702 10.161613
v -6.305839 -0.115702 10.061615
v -7.705839 -0.115702 10.161613
v -7.705839 -0.115702 10.061615
v -5.779454 2.710462 10.161613
v -5.779454 0.010462 10.161613
v -5.779454 2.710462 10.061615
v -5.779454 0.010462 10.061615
v -5.579454 2.710462 10.161613
v -5.579454 2.710462 10.061615
v -5.579454 0.010462 10.161613
v -5.579454 0.010462 10.061615
v -5.779454 2.910462 10.161613
v -5.779454 2.910462 10.061615
v -5.579454 2.910462 10.161613
v -5.579454 2.910462 10.061615
v -3.979454 2.710462 10.161613
v -3.979454 2.710462 10.061615
v -3.979454 2.910462 10.161613
v -3.979454 2.910462 10.061615
v -4.179454 2.910462 10.161613
v -4.179454 2.710462 10.161613
v -4.179454 2.710462 10.061615
v -4.179454 2.910462 10.061615
v -3.979454 0.010462 10.161613
v -3.979454 0.010462 10.061615
v -4.179454 0.010462 10.161613
v -4.179454 0.010462 10.061615
v -4.179454 0.010462 10.161613
v -4.179454 0.010462 10.061615
v -4.179454 0.020462 10.161613
v -4.179454 0.020462 10.061615
v -5.579454 0.010462 10.161613
v -5.579454 0.010462 10.061615
v -5.579454 0.020462 10.161613
v -5.579454 0.020462 10.061615
v -5.779454 -0.115702 10.061615
v -5.779454 -0.115702 10.161613
v -5.579454 -0.115702 10.061615
v -5.579454 -0.115702 10.161613
v -3.979454 -0.115702 10.161613
v -3.979454 -0.115702 10.061615
v -4.179454 -0.115702 10.161613
v -4.179454 -0.115702 10.061615
v -4.179454 -0.115702 10.161613
v -4.179454 -0.115702 10.061615
v -5.579454 -0.115702 10.161613
v -5.579454 -0.115702 10.061615
v -0.695019 2.710462 7.147915
v -0.695019 0.010462 7.147915
v -0.695019 2.710462 7.047916
v -0.695019 0.010462 7.047916
v -0.495019 2.710462 7.147915
v -0.495019 2.710462 7.047916
v -0.495019 0.010462 7.147915
v -0.495019 0.010462 7.047916
v -0.695019 2.910462 7.147915
v -0.695019 2.910462 7.047916
v -0.495019 2.910462 7.147915
v -0.495019 2.910462 7.047916
v 1.104981 2.710462 7.147915
v 1.104981 2.710462 7.047916
v 1.104981 2.910462 7.147915
v 1.104981 2.910462 7.047916
v 0.904981 2.910462 7.147915
v 0.904981 2.710462 7.147915
v 0.904981 2.710462 7.047916
v 0.904981 2.910462 7.047916
v 1.104981 0.010462 7.147915
v 1.104981 0.010462 7.047916
v 0.904981 0.010462 7.147915
v 0.904981 0.010462 7.047916
v 0.904981 0.010462 7.147915
v 0.904981 0.010462 7.047916
v 0.904981 0.020462 7.147915
v 0.904981 0.020462 7.047916
v -0.495019 0.010462 7.147915
v -0.495019 0.010462 7.047916
v -0.495019 0.020462 7.147915
v -0.495019 0.020462 7.047916
v -0.695019 -0.115702 7.047916
v -0.695019 -0.115702 7.147915
v -0.495019 -0.115702 7.047916
v -0.495019 -0.115702 7.147915
v 1.104981 -0.115702 7.147915
v 1.104981 -0.115702 7.047916
v 0.904981 -0.115702 7.147915
v 0.904981 -0.115702 7.047916
v 0.904981 -0.115702 7.147915
v 0.904981 -0.115702 7.047916
v -0.495019 -0.115702 7.147915
v -0.495019 -0.115702 7.047916
v 5.113477 2.710462 10.157867
v 5.113477 0.010462 10.157867
v 5.113477 2.710462 10.057869
v 5.113477 0.010462 10.057869
v 5.313477 2.710462 10.157867
v 5.313477 2.710462 10.057869
v 5.313477 0.010462 10.157867
v 5.313477 0.010462 10.057869
v 5.113477 2.910462 10.157867
v 5.113477 2.910462 10.057869
v 5.313477 2.910462 10.157867
v 5.313477 2.910462 10.057869
v 6.913477 2.710462 10.157867
v 6.913477 2.710462 10.057869
v 6.913477 2.910462 10.157867
v 6.913477 2.910462 10.057869
v 6.713477 2.910462 10.157867
v 6.713477 2.710462 10.157867
v 6.713477 2.710462 10.057869
v 6.713477 2.910462 10.057869
v 6.913477 0.010462 10.157867
v 6.913477 0.010462 10.057869
v 6.713477 0.010462 10.157867
v 6.713477 0.010462 10.057869
v 6.713477 0.010462 10.157867
v 6.713477 0.010462 10.057869
v 6.713477 0.020462 10.157867
v 6.713477 0.020462 10.057869
v 5.313477 0.010462 10.157867
v 5.313477 0.010462 10.057869
v 5.313477 0.020462 10.157867
v 5.313477 0.020462 10.057869
v 5.113477 -0.115702 10.057869
v 5.113477 -0.115702 10.157867
v 5.313477 -0.115702 10.057869
v 5.313477 -0.115702 10.157867
v 6.913477 -0.115702 10.157867
v 6.913477 -0.115702 10.057869
v 6.713477 -0.115702 10.157867
v 6.713477 -0.115702 10.057869
v 6.713477 -0.115702 10.157867
v 6.713477 -0.115702 10.057869
v 5.313477 -0.115702 10.157867
v 5.313477 -0.115702 10.057869
v 1.102857 2.710462 13.144064
v 1.102857 0.010462 13.144064
v 1.102857 2.710462 13.044064
v 1.102857 0.010462 13.044064
v 1.302857 2.710462 13.144064
v 1.302857 2.710462 13.044064
v 1.302857 0.010462 13.144064
v 1.302857 0.010462 13.044064
v 1.102857 2.910462 13.144064
v 1.102857 2.910462 13.044064
v 1.302857 2.910462 13.144064
v 1.302857 2.910462 13.044064
v 2.902857 2.710462 13.144064
v 2.902857 2.710462 13.044064
v 2.902857 2.910462 13.144064
v 2.902857 2.910462 13.044064
v 2.702857 2.910462 13.144064
v 2.702857 2.710462 13.144064
v 2.702857 2.710462 13.044064
v 2.702857 2.910462 13.044064
v 2.902857 0.010462 13.144064
v 2.902857 0.010462 13.044064
v 2.702857 0.010462 13.144064
v 2.702857 0.010462 13.044064
v 2.702857 0.010462 13.144064
v 2.702857 0.010462 13.044064
v 2.702857 0.020462 13.144064
v 2.702857 0.020462 13.044064
v 1.302857 0.010462 13.144064
v 1.302857 0.010462 13.044064
v 1.302857 0.020462 13.144064
v 1.302857 0.020462 13.044064
v 1.102857 -0.115702 13.044064
v 1.102857 -0.115702 13.144064
v 1.302857 -0.115702 13.044064
v 1.302857 -0.115702 13.144064
v 2.902857 -0.115702 13.144064
v 2.902857 -0.115702 13.044064
v 2.702857 -0.115702 13.144064
v 2.702857 -0.115702 13.044064
v 2.702857 -0.115702 13.144064
v 2.702857 -0.115702 13.044064
v 1.302857 -0.115702 13.144064
v 1.302857 -0.115702 13.044064
v 1.102857 2.710462 17.969507
v 1.102857 0.010462 17.969507
v 1.102857 2.710462 17.869507
v 1.102857 0.010462 17.869507
v 1.302857 2.710462 17.969507
v 1.302857 2.710462 17.869507
v 1.302857 0.010462 17.969507
v 1.302857 0.010462 17.869507
v 1.102857 2.910462 17.969507
v 1.102857 2.910462 17.869507
v 1.302857 2.910462 17.969507
v 1.302857 2.910462 17.869507
v 2.902857 2.710462 17.969507
v 2.902857 2.710462 17.869507
v 2.902857 2.910462 17.969507
v 2.902857 2.910462 17.869507
v 2.702857 2.910462 17.969507
v 2.702857 2.710462 17.969507
v 2.702857 2.710462 17.869507
v 2.702857 2.910462 17.869507
v 2.902857 0.010462 17.969507
v 2.902857 0.010462 17.869507
v 2.702857 0.010462 17.969507
v 2.702857 0.010462 17.869507
v 2.702857 0.010462 17.969507
v 2.702857 0.010462 17.869507
v 2.702857 0.020462 17.969507
v 2.702857 0.020462 17.869507
v 1.302857 0.010462 17.969507
v 1.302857 0.010462 17.869507
v 1.302857 0.020462 17.969507
v 1.302857 0.020462 17.869507
v 1.102857 -0.115702 17.869507
v 1.102857 -0.115702 17.969507
v 1.302857 -0.115702 17.869507
v 1.302857 -0.115702 17.969507
v 2.902857 -0.115702 17.969507
v 2.902857 -0.115702 17.869507
v 2.702857 -0.115702 17.969507
v 2.702857 -0.115702 17.869507
v 2.702857 -0.115702 17.969507
v 2.702857 -0.115702 17.869507
v 1.302857 -0.115702 17.969507
v 1.302857 -0.115702 17.869507
v 1.156489 2.710462 15.892130
v 1.156489 0.010462 15.892130
v 1.056489 2.710462 15.892130
v 1.056489 0.010462 15.892130
v 1.156489 2.710462 15.692131
v 1.056489 2.710462 15.692131
v 1.156489 0.010462 15.692131
v 1.056489 0.010462 15.692131
v 1.156489 2.910462 15.892130
v 1.056489 2.910462 15.892130
v 1.156489 2.910462 15.692131
v 1.056489 2.910462 15.692131
v 1.156489 2.710462 14.092131
v 1.056489 2.710462 14.092131
v 1.156489 2.910462 14.092131
v 1.056489 2.910462 14.092131
v 1.156489 2.910462 14.292130
v 1.156489 2.710462 14.292130
v 1.056489 2.710462 14.292130
v 1.056489 2.910462 14.292130
v 1.156489 0.010462 14.092131
v 1.056489 0.010462 14.092131
v 1.156489 0.010462 14.292130
v 1.056489 0.010462 14.292130
v 1.156489 0.010462 14.292130
v 1.056489 0.010462 14.292130
v 1.156489 0.020462 14.292130
v 1.056489 0.020462 14.292130
v 1.156489 0.010462 15.692131
v 1.056489 0.010462 15.692131
v 1.156489 0.020462 15.692131
v 1.056489 0.020462 15.692131
v 1.056489 -0.115702 15.892130
v 1.156489 -0.115702 15.892130
v 1.056489 -0.115702 15.692131
v 1.156489 -0.115702 15.692131
v 1.156489 -0.115702 14.092131
v 1.056489 -0.115702 14.092131
v 1.156489 -0.115702 14.292130
v 1.056489 -0.115702 14.292130
v 1.156489 -0.115702 14.292130
v 1.056489 -0.115702 14.292130
v 1.156489 -0.115702 15.692131
v 1.056489 -0.115702 15.692131
v 6.099890 2.710462 17.969507
v 6.099890 0.010462 17.969507
v 6.099890 2.710462 17.869507
v 6.099890 0.010462 17.869507
v 6.299890 2.710462 17.969507
v 6.299890 2.710462 17.869507
v 6.299890 0.010462 17.969507
v 6.299890 0.010462 17.869507
v 6.099890 2.910462 17.969507
v 6.099890 2.910462 17.869507
v 6.299890 2.910462 17.969507
v 6.299890 2.910462 17.869507
v 7.899889 2.710462 17.969507
v 7.899889 2.710462 17.869507
v 7.899889 2.910462 17.969507
v 7.899889 2.910462 17.869507
v 7.699889 2.910462 17.969507
v 7.699889 2.710462 17.969507
v 7.699889 2.710462 17.869507
v 7.699889 2.910462 17.869507
v 7.899889 0.010462 17.969507
v 7.899889 0.010462 17.869507
v 7.699889 0.010462 17.969507
v 7.699889 0.010462 17.869507
v 7.699889 0.010462 17.969507
v 7.699889 0.010462 17.869507
v 7.699889 0.020462 17.969507
v 7.699889 0.020462 17.869507
v 6.299890 0.010462 17.969507
v 6.299890 0.010462 17.869507
v 6.299890 0.020462 17.969507
v 6.299890 0.020462 17.869507
v 6.099890 -0.115702 17.869507
v 6.099890 -0.115702 17.969507
v 6.299890 -0.115702 17.869507
v 6.299890 -0.115702 17.969507
v 7.899889 -0.115702 17.969507
v 7.899889 -0.115702 17.869507
v 7.699889 -0.115702 17.969507
v 7.699889 -0.115702 17.869507
v 7.699889 -0.115702 17.969507
v 7.699889 -0.115702 17.869507
v 6.299890 -0.115702 17.969507
v 6.299890 -0.115702 17.869507
v 20.056641 2.710462 23.303814
v 20.056641 0.010462 23.303814
v 20.156641 2.710462 23.303814
v 20.156641 0.010462 23.303814
v 20.056641 2.710462 23.503813
v 20.156641 2.710462 23.503813
v 20.056641 0.010462 23.503813
v 20.156641 0.010462 23.503813
v 20.056641 2.910462 23.303814
v 20.156641 2.910462 23.303814
v 20.056641 2.910462 23.503813
v 20.156641 2.910462 23.503813
v 20.056641 2.710462 25.103813
v 20.156641 2.710462 25.103813
v 20.056641 2.910462 25.103813
v 20.156641 2.910462 25.103813
v 20.056641 2.910462 24.903814
v 20.056641 2.710462 24.903814
v 20.156641 2.710462 24.903814
v 20.156641 2.910462 24.903814
v 20.056641 0.010462 25.103813
v 20.156641 0.010462 25.103813
v 20.056641 0.010462 24.903814
v 20.156641 0.010462 24.903814
v 20.056641 0.010462 24.903814
v 20.156641 0.010462 24.903814
v 20.056641 0.020462 24.903814
v 20.156641 0.020462 24.903814
v 20.056641 0.010462 23.503813
v 20.156641 0.010462 23.503813
v 20.056641 0.020462 23.503813
v 20.156641 0.020462 23.503813
v 20.156641 -0.115702 23.303814
v 20.056641 -0.115702 23.303814
v 20.156641 -0.115702 23.503813
v 20.056641 -0.115702 23.503813
v 20.056641 -0.115702 25.103813
v 20.156641 -0.115702 25.103813
v 20.056641 -0.115702 24.903814
v 20.156641 -0.115702 24.903814
v 20.056641 -0.115702 24.903814
v 20.156641 -0.115702 24.903814
v 20.056641 -0.115702 23.503813
v 20.156641 -0.115702 23.503813
v 20.056641 2.710462 29.304180
v 20.056641 0.010462 29.304180
v 20.156641 2.710462 29.304180
v 20.156641 0.010462 29.304180
v 20.056641 2.710462 29.504181
v 20.156641 2.710462 29.504181
v 20.056641 0.010462 29.504181
v 20.156641 0.010462 29.504181
v 20.056641 2.910462 29.304180
v 20.156641 2.910462 29.304180
v 20.056641 2.910462 29.504181
v 20.156641 2.910462 29.504181
v 20.056639 2.710462 31.104179
v 20.156639 2.710462 31.104179
v 20.056639 2.910462 31.104179
v 20.156639 2.910462 31.104179
v 20.056639 2.910462 30.904179
v 20.056639 2.710462 30.904179
v 20.156639 2.710462 30.904179
v 20.156639 2.910462 30.904179
v 20.056639 0.010462 31.104179
v 20.156639 0.010462 31.104179
v 20.056639 0.010462 30.904179
v 20.156639 0.010462 30.904179
v 20.056639 0.010462 30.904179
v 20.156639 0.010462 30.904179
v 20.056639 0.020462 30.904179
v 20.156639 0.020462 30.904179
v 20.056641 0.010462 29.504181
v 20.156641 0.010462 29.504181
v 20.056641 0.020462 29.504181
v 20.156641 0.020462 29.504181
v 20.156641 -0.115702 29.304180
v 20.056641 -0.115702 29.304180
v 20.156641 -0.115702 29.504181
v 20.056641 -0.115702 29.504181
v 20.056639 -0.115702 31.104179
v 20.156639 -0.115702 31.104179
v 20.056639 -0.115702 30.904179
v 20.156639 -0.115702 30.904179
v 20.056639 -0.115702 30.904179
v 20.156639 -0.115702 30.904179
v 20.056641 -0.115702 29.504181
v 20.156641 -0.115702 29.504181
v 6.081171 2.710462 40.747646
v 6.081171 0.010462 40.747646
v 6.081171 2.710462 40.647644
v 6.081171 0.010462 40.647644
v 6.281171 2.710462 40.747646
v 6.281171 2.710462 40.647644
v 6.281171 0.010462 40.747646
v 6.281171 0.010462 40.647644
v 6.081171 2.910462 40.747646
v 6.081171 2.910462 40.647644
v 6.281171 2.910462 40.747646
v 6.281171 2.910462 40.647644
v 7.881170 2.710462 40.747646
v 7.881170 2.710462 40.647644
v 7.881170 2.910462 40.747646
v 7.881170 2.910462 40.647644
v 7.681170 2.910462 40.747646
v 7.681170 2.710462 40.747646
v 7.681170 2.710462 40.647644
v 7.681170 2.910462 40.647644
v 7.881170 0.010462 40.747646
v 7.881170 0.010462 40.647644
v 7.681170 0.010462 40.747646
v 7.681170 0.010462 40.647644
v 7.681170 0.010462 40.747646
v 7.681170 0.010462 40.647644
v 7.681170 0.020462 40.747646
v 7.681170 0.020462 40.647644
v 6.281171 0.010462 40.747646
v 6.281171 0.010462 40.647644
v 6.281171 0.020462 40.747646
v 6.281171 0.020462 40.647644
v 6.081171 -0.115702 40.647644
v 6.081171 -0.115702 40.747646
v 6.281171 -0.115702 40.647644
v 6.281171 -0.115702 40.747646
v 7.881170 -0.115702 40.747646
v 7.881170 -0.115702 40.647644
v 7.681170 -0.115702 40.747646
v 7.681170 -0.115702 40.647644
v 7.681170 -0.115702 40.747646
v 7.681170 -0.115702 40.647644
v 6.281171 -0.115702 40.747646
v 6.281171 -0.115702 40.647644
v 3.293470 2.710462 40.747643
v 3.293470 0.010462 40.747643
v 3.293470 2.710462 40.647644
v 3.293470 0.010462 40.647644
v 3.493470 2.710462 40.747643
v 3.493470 2.710462 40.647644
v 3.493470 0.010462 40.747643
v 3.493470 0.010462 40.647644
v 3.293470 2.910462 40.747643
v 3.293470 2.910462 40.647644
v 3.493470 2.910462 40.747643
v 3.493470 2.910462 40.647644
v 5.093470 2.710462 40.747646
v 5.093470 2.710462 40.647644
v 5.093470 2.910462 40.747646
v 5.093470 2.910462 40.647644
v 4.893470 2.910462 40.747646
v 4.893470 2.710462 40.747646
v 4.893470 2.710462 40.647644
v 4.893470 2.910462 40.647644
v 5.093470 0.010462 40.747646
v 5.093470 0.010462 40.647644
v 4.893470 0.010462 40.747646
v 4.893470 0.010462 40.647644
v 4.893470 0.010462 40.747646
v 4.893470 0.010462 40.647644
v 4.893470 0.020462 40.747646
v 4.893470 0.020462 40.647644
v 3.493470 0.010462 40.747643
v 3.493470 0.010462 40.647644
v 3.493470 0.020462 40.747643
v 3.493470 0.020462 40.647644
v 3.293470 -0.115702 40.647644
v 3.293470 -0.115702 40.747643
v 3.493470 -0.115702 40.647644
v 3.493470 -0.115702 40.747643
v 5.093470 -0.115702 40.747646
v 5.093470 -0.115702 40.647644
v 4.893470 -0.115702 40.747646
v 4.893470 -0.115702 40.647644
v 4.893470 -0.115702 40.747646
v 4.893470 -0.115702 40.647644
v 3.493470 -0.115702 40.747643
v 3.493470 -0.115702 40.647644
vn -0.0000 -0.0000 -1.0000
vn -0.0000 -0.0000 1.0000
vn 1.0000 -0.0000 -0.0000
vn -1.0000 -0.0000 -0.0000
vn -0.0000 1.0000 -0.0000
vn -0.0000 -1.0000 -0.0000
vt 0.375000 0.750000
vt 0.625000 0.750000
vt 0.625000 1.000000
vt 0.375000 1.000000
vt 0.000000 0.000000
s 0
usemtl 
f 1254/16/52 1253/17/52 1255/18/52 1256/19/52
f 1259/16/53 1260/19/53 1258/18/53 1257/17/53
f 1255/18/54 1258/18/54 1260/19/54 1256/19/54
f 1254/16/55 1259/16/55 1257/17/55 1253/17/55
f 1276/18/52 1292/18/52 1291/17/52 1275/17/52
f 1257/17/55 1263/17/55 1261/17/55 1253/17/55
f 1261/17/56 1263/17/56 1264/18/56 1262/18/56
f 1270/17/55 1265/17/55 1267/17/55 1269/17/55
f 1253/17/52 1261/17/52 1262/18/52 1255/18/52
f 1255/18/54 1262/18/54 1264/18/54 1258/18/54
f 1266/18/53 1268/18/53 1267/17/53 1265/17/53
f 1271/18/52 1276/18/52 1275/17/52 1270/17/52
f 1269/17/56 1267/17/56 1268/18/56 1272/18/56
f 1272/18/54 1268/18/54 1266/18/54 1271/18/54
f 1264/18/54 1272/18/54 1271/18/54 1258/18/54
f 1263/17/56 1269/17/56 1272/18/56 1264/18/56
f 1258/18/57 1271/18/57 1270/17/57 1257/17/57
f 1257/17/55 1270/17/55 1269/17/55 1263/17/55
f 1260/19/54 1287/19/54 1285/19/54 1256/19/54
f 1266/18/54 1274/18/54 1276/18/54 1271/18/54
f 1265/17/53 1273/17/53 1274/18/53 1266/18/53
f 1270/17/55 1275/17/55 1273/17/55 1265/17/55
f 1282/20/52 1296/20/52 1295/20/52 1281/20/52
f 1281/20/52 1283/20/52 1284/20/52 1282/20/52
f 1279/20/55 1283/20/55 1281/20/55 1277/20/55
f 1280/20/56 1284/20/56 1283/20/56 1279/20/56
f 1278/20/54 1282/20/54 1284/20/54 1280/20/54
f 1285/19/57 1287/19/57 1288/16/57 1286/16/57
f 1292/18/57 1290/18/57 1289/17/57 1291/17/57
f 1293/20/57 1295/20/57 1296/20/57 1294/20/57
f 1278/20/54 1294/20/54 1296/20/54 1282/20/54
f 1277/20/53 1293/20/53 1294/20/53 1278/20/53
f 1256/19/52 1285/19/52 1286/16/52 1254/16/52
f 1273/17/53 1289/17/53 1290/18/53 1274/18/53
f 1259/16/53 1288/16/53 1287/19/53 1260/19/53
f 1281/20/55 1295/20/55 1293/20/55 1277/20/55
f 1275/17/55 1291/17/55 1289/17/55 1273/17/55
f 1274/18/54 1290/18/54 1292/18/54 1276/18/54
f 1254/16/55 1286/16/55 1288/16/55 1259/16/55
f 1298/16/52 1297/17/52 1299/18/52 1300/19/52
f 1303/16/53 1304/19/53 1302/18/53 1301/17/53
f 1299/18/54 1302/18/54 1304/19/54 1300/19/54
f 1298/16/55 1303/16/55 1301/17/55 1297/17/55
f 1320/18/52 1336/18/52 1335/17/52 1319/17/52
f 1301/17/55 1307/17/55 1305/17/55 1297/17/55
f 1305/17/56 1307/17/56 1308/18/56 1306/18/56
f 1314/17/55 1309/17/55 1311/17/55 1313/17/55
f 1297/17/52 1305/17/52 1306/18/52 1299/18/52
f 1299/18/54 1306/18/54 1308/18/54 1302/18/54
f 1310/18/53 1312/18/53 1311/17/53 1309/17/53
f 1315/18/52 1320/18/52 1319/17/52 1314/17/52
f 1313/17/56 1311/17/56 1312/18/56 1316/18/56
f 1316/18/54 1312/18/54 1310/18/54 1315/18/54
f 1308/18/54 1316/18/54 1315/18/54 1302/18/54
f 1307/17/56 1313/17/56 1316/18/56 1308/18/56
f 1302/18/57 1315/18/57 1314/17/57 1301/17/57
f 1301/17/55 1314/17/55 1313/17/55 1307/17/55
f 1304/19/54 1331/19/54 1329/19/54 1300/19/54
f 1310/18/54 1318/18/54 1320/18/54 1315/18/54
f 1309/17/53 1317/17/53 1318/18/53 1310/18/53
f 1314/17/55 1319/17/55 1317/17/55 1309/17/55
f 1326/20/52 1340/20/52 1339/20/52 1325/20/52
f 1325/20/52 1327/20/52 1328/20/52 1326/20/52
f 1323/20/55 1327/20/55 1325/20/55 1321/20/55
f 1324/20/56 1328/20/56 1327/20/56 1323/20/56
f 1322/20/54 1326/20/54 1328/20/54 1324/20/54
f 1329/19/57 1331/19/57 1332/16/57 1330/16/57
f 1336/18/57 1334/18/57 1333/17/57 1335/17/57
f 1337/20/57 1339/20/57 1340/20/57 1338/20/57
f 1322/20/54 1338/20/54 1340/20/54 1326/20/54
f 1321/20/53 1337/20/53 1338/20/53 1322/20/53
f 1300/19/52 1329/19/52 1330/16/52 1298/16/52
f 1317/17/53 1333/17/53 1334/18/53 1318/18/53
f 1303/16/53 1332/16/53 1331/19/53 1304/19/53
f 1325/20/55 1339/20/55 1337/20/55 1321/20/55
f 1319/17/55 1335/17/55 1333/17/55 1317/17/55
f 1318/18/54 1334/18/54 1336/18/54 1320/18/54
f 1298/16/55 1330/16/55 1332/16/55 1303/16/55
f 1342/16/52 1341/17/52 1343/18/52 1344/19/52
f 1347/16/53 1348/19/53 1346/18/53 1345/17/53
f 1343/18/54 1346/18/54 1348/19/54 1344/19/54
f 1342/16/55 1347/16/55 1345/17/55 1341/17/55
f 1364/18/52 1380/18/52 1379/17/52 1363/17/52
f 1345/17/55 1351/17/55 1349/17/55 1341/17/55
f 1349/17/56 1351/17/56 1352/18/56 1350/18/56
f 1358/17/55 1353/17/55 1355/17/55 1357/17/55
f 1341/17/52 1349/17/52 1350/18/52 1343/18/52
f 1343/18/54 1350/18/54 1352/18/54 1346/18/54
f 1354/18/53 1356/18/53 1355/17/53 1353/17/53
f 1359/18/52 1364/18/52 1363/17/52 1358/17/52
f 1357/17/56 1355/17/56 1356/18/56 1360/18/56
f 1360/18/54 1356/18/54 1354/18/54 1359/18/54
f 1352/18/54 1360/18/54 1359/18/54 1346/18/54
f 1351/17/56 1357/17/56 1360/18/56 1352/18/56
f 1346/18/57 1359/18/57 1358/17/57 1345/17/57
f 1345/17/55 1358/17/55 1357/17/55 1351/17/55
f 1348/19/54 1375/19/54 1373/19/54 1344/19/54
f 1354/18/54 1362/18/54 1364/18/54 1359/18/54
f 1353/17/53 1361/17/53 1362/18/53 1354/18/53
f 1358/17/55 1363/17/55 1361/17/55 1353/17/55
f 1370/20/52 1384/20/52 1383/20/52 1369/20/52
f 1369/20/52 1371/20/52 1372/20/52 1370/20/52
f 1367/20/55 1371/20/55 1369/20/55 1365/20/55
f 1368/20/56 1372/20/56 1371/20/56 1367/20/56
f 1366/20/54 1370/20/54 1372/20/54 1368/20/54
f 1373/19/57 1375/19/57 1376/16/57 1374/16/57
f 1380/18/57 1378/18/57 1377/17/57 1379/17/57
f 1381/20/57 1383/20/57 1384/20/57 1382/20/57
f 1366/20/54 1382/20/54 1384/20/54 1370/20/54
f 1365/20/53 1381/20/53 1382/20/53 1366/20/53
f 1344/19/52 1373/19/52 1374/16/52 1342/16/52
f 1361/17/53 1377/17/53 1378/18/53 1362/18/53
f 1347/16/53 1376/16/53 1375/19/53 1348/19/53
f 1369/20/55 1383/20/55 1381/20/55 1365/20/55
f 1363/17/55 1379/17/55 1377/17/55 1361/17/55
f 1362/18/54 1378/18/54 1380/18/54 1364/18/54
f 1342/16/55 1374/16/55 1376/16/55 1347/16/55
f 1386/16/54 1385/17/54 1387/18/54 1388/19/54
f 1391/16/55 1392/19/55 1390/18/55 1389/17/55
f 1387/18/53 1390/18/53 1392/19/53 1388/19/53
f 1386/16/52 1391/16/52 1389/17/52 1385/17/52
f 1408/18/54 1424/18/54 1423/17/54 1407/17/54
f 1389/17/52 1395/17/52 1393/17/52 1385/17/52
f 1393/17/56 1395/17/56 1396/18/56 1394/18/56
f 1402/17/52 1397/17/52 1399/17/52 1401/17/52
f 1385/17/54 1393/17/54 1394/18/54 1387/18/54
f 1387/18/53 1394/18/53 1396/18/53 1390/18/53
f 1398/18/55 1400/18/55 1399/17/55 1397/17/55
f 1403/18/54 1408/18/54 1407/17/54 1402/17/54
f 1401/17/56 1399/17/56 1400/18/56 1404/18/56
f 1404/18/53 1400/18/53 1398/18/53 1403/18/53
f 1396/18/53 1404/18/53 1403/18/53 1390/18/53
f 1395/17/56 1401/17/56 1404/18/56 1396/18/56
f 1390/18/57 1403/18/57 1402/17/57 1389/17/57
f 1389/17/52 1402/17/52 1401/17/52 1395/17/52
f 1392/19/53 1419/19/53 1417/19/53 1388/19/53
f 1398/18/53 1406/18/53 1408/18/53 1403/18/53
f 1397/17/55 1405/17/55 1406/18/55 1398/18/55
f 1402/17/52 1407/17/52 1405/17/52 1397/17/52
f 1414/20/54 1428/20/54 1427/20/54 1413/20/54
f 1413/20/54 1415/20/54 1416/20/54 1414/20/54
f 1411/20/52 1415/20/52 1413/20/52 1409/20/52
f 1412/20/56 1416/20/56 1415/20/56 1411/20/56
f 1410/20/53 1414/20/53 1416/20/53 1412/20/53
f 1417/19/57 1419/19/57 1420/16/57 1418/16/57
f 1424/18/57 1422/18/57 1421/17/57 1423/17/57
f 1425/20/57 1427/20/57 1428/20/57 1426/20/57
f 1410/20/53 1426/20/53 1428/20/53 1414/20/53
f 1409/20/55 1425/20/55 1426/20/55 1410/20/55
f 1388/19/54 1417/19/54 1418/16/54 1386/16/54
f 1405/17/55 1421/17/55 1422/18/55 1406/18/55
f 1391/16/55 1420/16/55 1419/19/55 1392/19/55
f 1413/20/52 1427/20/52 1425/20/52 1409/20/52
f 1407/17/52 1423/17/52 1421/17/52 1405/17/52
f 1406/18/53 1422/18/53 1424/18/53 1408/18/53
f 1386/16/52 1418/16/52 1420/16/52 1391/16/52
f 1430/16/54 1429/17/54 1431/18/54 1432/19/54
f 1435/16/55 1436/19/55 1434/18/55 1433/17/55
f 1431/18/53 1434/18/53 1436/19/53 1432/19/53
f 1430/16/52 1435/16/52 1433/17/52 1429/17/52
f 1452/18/54 1468/18/54 1467/17/54 1451/17/54
f 1433/17/52 1439/17/52 1437/17/52 1429/17/52
f 1437/17/56 1439/17/56 1440/18/56 1438/18/56
f 1446/17/52 1441/17/52 1443/17/52 1445/17/52
f 1429/17/54 1437/17/54 1438/18/54 1431/18/54
f 1431/18/53 1438/18/53 1440/18/53 1434/18/53
f 1442/18/55 1444/18/55 1443/17/55 1441/17/55
f 1447/18/54 1452/18/54 1451/17/54 1446/17/54
f 1445/17/56 1443/17/56 1444/18/56 1448/18/56
f 1448/18/53 1444/18/53 1442/18/53 1447/18/53
f 1440/18/53 1448/18/53 1447/18/53 1434/18/53
f 1439/17/56 1445/17/56 1448/18/56 1440/18/56
f 1434/18/57 1447/18/57 1446/17/57 1433/17/57
f 1433/17/52 1446/17/52 1445/17/52 1439/17/52
f 1436/19/53 1463/19/53 1461/19/53 1432/19/53
f 1442/18/53 1450/18/53 1452/18/53 1447/18/53
f 1441/17/55 1449/17/55 1450/18/55 1442/18/55
f 1446/17/52 1451/17/52 1449/17/52 1441/17/52
f 1458/20/54 1472/20/54 1471/20/54 1457/20/54
f 1457/20/54 1459/20/54 1460/20/54 1458/20/54
f 1455/20/52 1459/20/52 1457/20/52 1453/20/52
f 1456/20/56 1460/20/56 1459/20/56 1455/20/56
f 1454/20/53 1458/20/53 1460/20/53 1456/20/53
f 1461/19/57 1463/19/57 1464/16/57 1462/16/57
f 1468/18/57 1466/18/57 1465/17/57 1467/17/57
f 1469/20/57 1471/20/57 1472/20/57 1470/20/57
f 1454/20/53 1470/20/53 1472/20/53 1458/20/53
f 1453/20/55 1469/20/55 1470/20/55 1454/20/55
f 1432/19/54 1461/19/54 1462/16/54 1430/16/54
f 1449/17/55 1465/17/55 1466/18/55 1450/18/55
f 1435/16/55 1464/16/55 1463/19/55 1436/19/55
f 1457/20/52 1471/20/52 1469/20/52 1453/20/52
f 1451/17/52 1467/17/52 1465/17/52 1449/17/52
f 1450/18/53 1466/18/53 1468/18/53 1452/18/53
f 1430/16/52 1462/16/52 1464/16/52 1435/16/52
f 1474/16/54 1473/17/54 1475/18/54 1476/19/54
f 1479/16/55 1480/19/55 1478/18/55 1477/17/55
f 1475/18/53 1478/18/53 1480/19/53 1476/19/53
f 1474/16/52 1479/16/52 1477/17/52 1473/17/52
f 1496/18/54 1512/18/54 1511/17/54 1495/17/54
f 1477/17/52 1483/17/52 1481/17/52 1473/17/52
f 1481/17/56 1483/17/56 1484/18/56 1482/18/56
f 1490/17/52 1485/17/52 1487/17/52 1489/17/52
f 1473/17/54 1481/17/54 1482/18/54 1475/18/54
f 1475/18/53 1482/18/53 1484/18/53 1478/18/53
f 1486/18/55 1488/18/55 1487/17/55 1485/17/55
f 1491/18/54 1496/18/54 1495/17/54 1490/17/54
f 1489/17/56 1487/17/56 1488/18/56 1492/18/56
f 1492/18/53 1488/18/53 1486/18/53 1491/18/53
f 1484/18/53 1492/18/53 1491/18/53 1478/18/53
f 1483/17/56 1489/17/56 1492/18/56 1484/18/56
f 1478/18/57 1491/18/57 1490/17/57 1477/17/57
f 1477/17/52 1490/17/52 1489/17/52 1483/17/52
f 1480/19/53 1507/19/53 1505/19/53 1476/19/53
f 1486/18/53 1494/18/53 1496/18/53 1491/18/53
f 1485/17/55 1493/17/55 1494/18/55 1486/18/55
f 1490/17/52 1495/17/52 1493/17/52 1485/17/52
f 1502/20/54 1516/20/54 1515/20/54 1501/20/54
f 1501/20/54 1503/20/54 1504/20/54 1502/20/54
f 1499/20/52 1503/20/52 1501/20/52 1497/20/52
f 1500/20/56 1504/20/56 1503/20/56 1499/20/56
f 1498/20/53 1502/20/53 1504/20/53 1500/20/53
f 1505/19/57 1507/19/57 1508/16/57 1506/16/57
f 1512/18/57 1510/18/57 1509/17/57 1511/17/57
f 1513/20/57 1515/20/57 1516/20/57 1514/20/57
f 1498/20/53 1514/20/53 1516/20/53 1502/20/53
f 1497/20/55 1513/20/55 1514/20/55 1498/20/55
f 1476/19/54 1505/19/54 1506/16/54 1474/16/54
f 1493/17/55 1509/17/55 1510/18/55 1494/18/55
f 1479/16/55 1508/16/55 1507/19/55 1480/19/55
f 1501/20/52 1515/20/52 1513/20/52 1497/20/52
f 1495/17/52 1511/17/52 1509/17/52 1493/17/52
f 1494/18/53 1510/18/53 1512/18/53 1496/18/53
f 1474/16/52 1506/16/52 1508/16/52 1479/16/52
f 1518/16/53 1517/17/53 1519/18/53 1520/19/53
f 1523/16/52 1524/19/52 1522/18/52 1521/17/52
f 1519/18/55 1522/18/55 1524/19/55 1520/19/55
f 1518/16/54 1523/16/54 1521/17/54 1517/17/54
f 1540/18/53 1556/18/53 1555/17/53 1539/17/53
f 1521/17/54 1527/17/54 1525/17/54 1517/17/54
f 1525/17/56 1527/17/56 1528/18/56 1526/18/56
f 1534/17/54 1529/17/54 1531/17/54 1533/17/54
f 1517/17/53 1525/17/53 1526/18/53 1519/18/53
f 1519/18/55 1526/18/55 1528/18/55 1522/18/55
f 1530/18/52 1532/18/52 1531/17/52 1529/17/52
f 1535/18/53 1540/18/53 1539/17/53 1534/17/53
f 1533/17/56 1531/17/56 1532/18/56 1536/18/56
f 1536/18/55 1532/18/55 1530/18/55 1535/18/55
f 1528/18/55 1536/18/55 1535/18/55 1522/18/55
f 1527/17/56 1533/17/56 1536/18/56 1528/18/56
f 1522/18/57 1535/18/57 1534/17/57 1521/17/57
f 1521/17/54 1534/17/54 1533/17/54 1527/17/54
f 1524/19/55 1551/19/55 1549/19/55 1520/19/55
f 1530/18/55 1538/18/55 1540/18/55 1535/18/55
f 1529/17/52 1537/17/52 1538/18/52 1530/18/52
f 1534/17/54 1539/17/54 1537/17/54 1529/17/54
f 1546/20/53 1560/20/53 1559/20/53 1545/20/53
f 1545/20/53 1547/20/53 1548/20/53 1546/20/53
f 1543/20/54 1547/20/54 1545/20/54 1541/20/54
f 1544/20/56 1548/20/56 1547/20/56 1543/20/56
f 1542/20/55 1546/20/55 1548/20/55 1544/20/55
f 1549/19/57 1551/19/57 1552/16/57 1550/16/57
f 1556/18/57 1554/18/57 1553/17/57 1555/17/57
f 1557/20/57 1559/20/57 1560/20/57 1558/20/57
f 1542/20/55 1558/20/55 1560/20/55 1546/20/55
f 1541/20/52 1557/20/52 1558/20/52 1542/20/52
f 1520/19/53 1549/19/53 1550/16/53 1518/16/53
f 1537/17/52 1553/17/52 1554/18/52 1538/18/52
f 1523/16/52 1552/16/52 1551/19/52 1524/19/52
f 1545/20/54 1559/20/54 1557/20/54 1541/20/54
f 1539/17/54 1555/17/54 1553/17/54 1537/17/54
f 1538/18/55 1554/18/55 1556/18/55 1540/18/55
f 1518/16/54 1550/16/54 1552/16/54 1523/16/54
f 1562/16/54 1561/17/54 1563/18/54 1564/19/54
f 1567/16/55 1568/19/55 1566/18/55 1565/17/55
f 1563/18/53 1566/18/53 1568/19/53 1564/19/53
f 1562/16/52 1567/16/52 1565/17/52 1561/17/52
f 1584/18/54 1600/18/54 1599/17/54 1583/17/54
f 1565/17/52 1571/17/52 1569/17/52 1561/17/52
f 1569/17/56 1571/17/56 1572/18/56 1570/18/56
f 1578/17/52 1573/17/52 1575/17/52 1577/17/52
f 1561/17/54 1569/17/54 1570/18/54 1563/18/54
f 1563/18/53 1570/18/53 1572/18/53 1566/18/53
f 1574/18/55 1576/18/55 1575/17/55 1573/17/55
f 1579/18/54 1584/18/54 1583/17/54 1578/17/54
f 1577/17/56 1575/17/56 1576/18/56 1580/18/56
f 1580/18/53 1576/18/53 1574/18/53 1579/18/53
f 1572/18/53 1580/18/53 1579/18/53 1566/18/53
f 1571/17/56 1577/17/56 1580/18/56 1572/18/56
f 1566/18/57 1579/18/57 1578/17/57 1565/17/57
f 1565/17/52 1578/17/52 1577/17/52 1571/17/52
f 1568/19/53 1595/19/53 1593/19/53 1564/19/53
f 1574/18/53 1582/18/53 1584/18/53 1579/18/53
f 1573/17/55 1581/17/55 1582/18/55 1574/18/55
f 1578/17/52 1583/17/52 1581/17/52 1573/17/52
f 1590/20/54 1604/20/54 1603/20/54 1589/20/54
f 1589/20/54 1591/20/54 1592/20/54 1590/20/54
f 1587/20/52 1591/20/52 1589/20/52 1585/20/52
f 1588/20/56 1592/20/56 1591/20/56 1587/20/56
f 1586/20/53 1590/20/53 1592/20/53 1588/20/53
f 1593/19/57 1595/19/57 1596/16/57 1594/16/57
f 1600/18/57 1598/18/57 1597/17/57 1599/17/57
f 1601/20/57 1603/20/57 1604/20/57 1602/20/57
f 1586/20/53 1602/20/53 1604/20/53 1590/20/53
f 1585/20/55 1601/20/55 1602/20/55 1586/20/55
f 1564/19/54 1593/19/54 1594/16/54 1562/16/54
f 1581/17/55 1597/17/55 1598/18/55 1582/18/55
f 1567/16/55 1596/16/55 1595/19/55 1568/19/55
f 1589/20/52 1603/20/52 1601/20/52 1585/20/52
f 1583/17/52 1599/17/52 1597/17/52 1581/17/52
f 1582/18/53 1598/18/53 1600/18/53 1584/18/53
f 1562/16/52 1594/16/52 1596/16/52 1567/16/52
f 1606/16/55 1605/17/55 1607/18/55 1608/19/55
f 1611/16/54 1612/19/54 1610/18/54 1609/17/54
f 1607/18/52 1610/18/52 1612/19/52 1608/19/52
f 1606/16/53 1611/16/53 1609/17/53 1605/17/53
f 1628/18/55 1644/18/55 1643/17/55 1627/17/55
f 1609/17/53 1615/17/53 1613/17/53 1605/17/53
f 1613/17/56 1615/17/56 1616/18/56 1614/18/56
f 1622/17/53 1617/17/53 1619/17/53 1621/17/53
f 1605/17/55 1613/17/55 1614/18/55 1607/18/55
f 1607/18/52 1614/18/52 1616/18/52 1610/18/52
f 1618/18/54 1620/18/54 1619/17/54 1617/17/54
f 1623/18/55 1628/18/55 1627/17/55 1622/17/55
f 1621/17/56 1619/17/56 1620/18/56 1624/18/56
f 1624/18/52 1620/18/52 1618/18/52 1623/18/52
f 1616/18/52 1624/18/52 1623/18/52 1610/18/52
f 1615/17/56 1621/17/56 1624/18/56 1616/18/56
f 1610/18/57 1623/18/57 1622/17/57 1609/17/57
f 1609/17/53 1622/17/53 1621/17/53 1615/17/53
f 1612/19/52 1639/19/52 1637/19/52 1608/19/52
f 1618/18/52 1626/18/52 1628/18/52 1623/18/52
f 1617/17/54 1625/17/54 1626/18/54 1618/18/54
f 1622/17/53 1627/17/53 1625/17/53 1617/17/53
f 1634/20/55 1648/20/55 1647/20/55 1633/20/55
f 1633/20/55 1635/20/55 1636/20/55 1634/20/55
f 1631/20/53 1635/20/53 1633/20/53 1629/20/53
f 1632/20/56 1636/20/56 1635/20/56 1631/20/56
f 1630/20/52 1634/20/52 1636/20/52 1632/20/52
f 1637/19/57 1639/19/57 1640/16/57 1638/16/57
f 1644/18/57 1642/18/57 1641/17/57 1643/17/57
f 1645/20/57 1647/20/57 1648/20/57 1646/20/57
f 1630/20/52 1646/20/52 1648/20/52 1634/20/52
f 1629/20/54 1645/20/54 1646/20/54 1630/20/54
f 1608/19/55 1637/19/55 1638/16/55 1606/16/55
f 1625/17/54 1641/17/54 1642/18/54 1626/18/54
f 1611/16/54 1640/16/54 1639/19/54 1612/19/54
f 1633/20/53 1647/20/53 1645/20/53 1629/20/53
f 1627/17/53 1643/17/53 1641/17/53 1625/17/53
f 1626/18/52 1642/18/52 1644/18/52 1628/18/52
f 1606/16/53 1638/16/53 1640/16/53 1611/16/53
f 1650/16/54 1649/17/54 1651/18/54 1652/19/54
f 1655/16/55 1656/19/55 1654/18/55 1653/17/55
f 1651/18/53 1654/18/53 1656/19/53 1652/19/53
f 1650/16/52 1655/16/52 1653/17/52 1649/17/52
f 1672/18/54 1688/18/54 1687/17/54 1671/17/54
f 1653/17/52 1659/17/52 1657/17/52 1649/17/52
f 1657/17/56 1659/17/56 1660/18/56 1658/18/56
f 1666/17/52 1661/17/52 1663/17/52 1665/17/52
f 1649/17/54 1657/17/54 1658/18/54 1651/18/54
f 1651/18/53 1658/18/53 1660/18/53 1654/18/53
f 1662/18/55 1664/18/55 1663/17/55 1661/17/55
f 1667/18/54 1672/18/54 1671/17/54 1666/17/54
f 1665/17/56 1663/17/56 1664/18/56 1668/18/56
f 1668/18/53 1664/18/53 1662/18/53 1667/18/53
f 1660/18/53 1668/18/53 1667/18/53 1654/18/53
f 1659/17/56 1665/17/56 1668/18/56 1660/18/56
f 1654/18/57 1667/18/57 1666/17/57 1653/17/57
f 1653/17/52 1666/17/52 1665/17/52 1659/17/52
f 1656/19/53 1683/19/53 1681/19/53 1652/19/53
f 1662/18/53 1670/18/53 1672/18/53 1667/18/53
f 1661/17/55 1669/17/55 1670/18/55 1662/18/55
f 1666/17/52 1671/17/52 1669/17/52 1661/17/52
f 1678/20/54 1692/20/54 1691/20/54 1677/20/54
f 1677/20/54 1679/20/54 1680/20/54 1678/20/54
f 1675/20/52 1679/20/52 1677/20/52 1673/20/52
f 1676/20/56 1680/20/56 1679/20/56 1675/20/56
f 1674/20/53 1678/20/53 1680/20/53 1676/20/53
f 1681/19/57 1683/19/57 1684/16/57 1682/16/57
f 1688/18/57 1686/18/57 1685/17/57 1687/17/57
f 1689/20/57 1691/20/57 1692/20/57 1690/20/57
f 1674/20/53 1690/20/53 1692/20/53 1678/20/53
f 1673/20/55 1689/20/55 1690/20/55 1674/20/55
f 1652/19/54 1681/19/54 1682/16/54 1650/16/54
f 1669/17/55 1685/17/55 1686/18/55 1670/18/55
f 1655/16/55 1684/16/55 1683/19/55 1656/19/55
f 1677/20/52 1691/20/52 1689/20/52 1673/20/52
f 1671/17/52 1687/17/52 1685/17/52 1669/17/52
f 1670/18/53 1686/18/53 1688/18/53 1672/18/53
f 1650/16/52 1682/16/52 1684/16/52 1655/16/52
f 1694/16/54 1693/17/54 1695/18/54 1696/19/54
f 1699/16/55 1700/19/55 1698/18/55 1697/17/55
f 1695/18/53 1698/18/53 1700/19/53 1696/19/53
f 1694/16/52 1699/16/52 1697/17/52 1693/17/52
f 1716/18/54 1732/18/54 1731/17/54 1715/17/54
f 1697/17/52 1703/17/52 1701/17/52 1693/17/52
f 1701/17/56 1703/17/56 1704/18/56 1702/18/56
f 1710/17/52 1705/17/52 1707/17/52 1709/17/52
f 1693/17/54 1701/17/54 1702/18/54 1695/18/54
f 1695/18/53 1702/18/53 1704/18/53 1698/18/53
f 1706/18/55 1708/18/55 1707/17/55 1705/17/55
f 1711/18/54 1716/18/54 1715/17/54 1710/17/54
f 1709/17/56 1707/17/56 1708/18/56 1712/18/56
f 1712/18/53 1708/18/53 1706/18/53 1711/18/53
f 1704/18/53 1712/18/53 1711/18/53 1698/18/53
f 1703/17/56 1709/17/56 1712/18/56 1704/18/56
f 1698/18/57 1711/18/57 1710/17/57 1697/17/57
f 1697/17/52 1710/17/52 1709/17/52 1703/17/52
f 1700/19/53 1727/19/53 1725/19/53 1696/19/53
f 1706/18/53 1714/18/53 1716/18/53 1711/18/53
f 1705/17/55 1713/17/55 1714/18/55 1706/18/55
f 1710/17/52 1715/17/52 1713/17/52 1705/17/52
f 1722/20/54 1736/20/54 1735/20/54 1721/20/54
f 1721/20/54 1723/20/54 1724/20/54 1722/20/54
f 1719/20/52 1723/20/52 1721/20/52 1717/20/52
f 1720/20/56 1724/20/56 1723/20/56 1719/20/56
f 1718/20/53 1722/20/53 1724/20/53 1720/20/53
f 1725/19/57 1727/19/57 1728/16/57 1726/16/57
f 1732/18/57 1730/18/57 1729/17/57 1731/17/57
f 1733/20/57 1735/20/57 1736/20/57 1734/20/57
f 1718/20/53 1734/20/53 1736/20/53 1722/20/53
f 1717/20/55 1733/20/55 1734/20/55 1718/20/55
f 1696/19/54 1725/19/54 1726/16/54 1694/16/54
f 1713/17/55 1729/17/55 1730/18/55 1714/18/55
f 1699/16/55 1728/16/55 1727/19/55 1700/19/55
f 1721/20/52 1735/20/52 1733/20/52 1717/20/52
f 1715/17/52 1731/17/52 1729/17/52 1713/17/52
f 1714/18/53 1730/18/53 1732/18/53 1716/18/53
f 1694/16/52 1726/16/52 1728/16/52 1699/16/52
f 1738/16/54 1737/17/54 1739/18/54 1740/19/54
f 1743/16/55 1744/19/55 1742/18/55 1741/17/55
f 1739/18/53 1742/18/53 1744/19/53 1740/19/53
f 1738/16/52 1743/16/52 1741/17/52 1737/17/52
f 1760/18/54 1776/18/54 1775/17/54 1759/17/54
f 1741/17/52 1747/17/52 1745/17/52 1737/17/52
f 1745/17/56 1747/17/56 1748/18/56 1746/18/56
f 1754/17/52 1749/17/52 1751/17/52 1753/17/52
f 1737/17/54 1745/17/54 1746/18/54 1739/18/54
f 1739/18/53 1746/18/53 1748/18/53 1742/18/53
f 1750/18/55 1752/18/55 1751/17/55 1749/17/55
f 1755/18/54 1760/18/54 1759/17/54 1754/17/54
f 1753/17/56 1751/17/56 1752/18/56 1756/18/56
f 1756/18/53 1752/18/53 1750/18/53 1755/18/53
f 1748/18/53 1756/18/53 1755/18/53 1742/18/53
f 1747/17/56 1753/17/56 1756/18/56 1748/18/56
f 1742/18/57 1755/18/57 1754/17/57 1741/17/57
f 1741/17/52 1754/17/52 1753/17/52 1747/17/52
f 1744/19/53 1771/19/53 1769/19/53 1740/19/53
f 1750/18/53 1758/18/53 1760/18/53 1755/18/53
f 1749/17/55 1757/17/55 1758/18/55 1750/18/55
f 1754/17/52 1759/17/52 1757/17/52 1749/17/52
f 1766/20/54 1780/20/54 1779/20/54 1765/20/54
f 1765/20/54 1767/20/54 1768/20/54 1766/20/54
f 1763/20/52 1767/20/52 1765/20/52 1761/20/52
f 1764/20/56 1768/20/56 1767/20/56 1763/20/56
f 1762/20/53 1766/20/53 1768/20/53 1764/20/53
f 1769/19/57 1771/19/57 1772/16/57 1770/16/57
f 1776/18/57 1774/18/57 1773/17/57 1775/17/57
f 1777/20/57 1779/20/57 1780/20/57 1778/20/57
f 1762/20/53 1778/20/53 1780/20/53 1766/20/53
f 1761/20/55 1777/20/55 1778/20/55 1762/20/55
f 1740/19/54 1769/19/54 1770/16/54 1738/16/54
f 1757/17/55 1773/17/55 1774/18/55 1758/18/55
f 1743/16/55 1772/16/55 1771/19/55 1744/19/55
f 1765/20/52 1779/20/52 1777/20/52 1761/20/52
f 1759/17/52 1775/17/52 1773/17/52 1757/17/52
f 1758/18/53 1774/18/53 1776/18/53 1760/18/53
f 1738/16/52 1770/16/52 1772/16/52 1743/16/52
f 1782/16/52 1781/17/52 1783/18/52 1784/19/52
f 1787/16/53 1788/19/53 1786/18/53 1785/17/53
f 1783/18/54 1786/18/54 1788/19/54 1784/19/54
f 1782/16/55 1787/16/55 1785/17/55 1781/17/55
f 1804/18/52 1820/18/52 1819/17/52 1803/17/52
f 1785/17/55 1791/17/55 1789/17/55 1781/17/55
f 1789/17/56 1791/17/56 1792/18/56 1790/18/56
f 1798/17/55 1793/17/55 1795/17/55 1797/17/55
f 1781/17/52 1789/17/52 1790/18/52 1783/18/52
f 1783/18/54 1790/18/54 1792/18/54 1786/18/54
f 1794/18/53 1796/18/53 1795/17/53 1793/17/53
f 1799/18/52 1804/18/52 1803/17/52 1798/17/52
f 1797/17/56 1795/17/56 1796/18/56 1800/18/56
f 1800/18/54 1796/18/54 1794/18/54 1799/18/54
f 1792/18/54 1800/18/54 1799/18/54 1786/18/54
f 1791/17/56 1797/17/56 1800/18/56 1792/18/56
f 1786/18/57 1799/18/57 1798/17/57 1785/17/57
f 1785/17/55 1798/17/55 1797/17/55 1791/17/55
f 1788/19/54 1815/19/54 1813/19/54 1784/19/54
f 1794/18/54 1802/18/54 1804/18/54 1799/18/54
f 1793/17/53 1801/17/53 1802/18/53 1794/18/53
f 1798/17/55 1803/17/55 1801/17/55 1793/17/55
f 1810/20/52 1824/20/52 1823/20/52 1809/20/52
f 1809/20/52 1811/20/52 1812/20/52 1810/20/52
f 1807/20/55 1811/20/55 1809/20/55 1805/20/55
f 1808/20/56 1812/20/56 1811/20/56 1807/20/56
f 1806/20/54 1810/20/54 1812/20/54 1808/20/54
f 1813/19/57 1815/19/57 1816/16/57 1814/16/57
f 1820/18/57 1818/18/57 1817/17/57 1819/17/57
f 1821/20/57 1823/20/57 1824/20/57 1822/20/57
f 1806/20/54 1822/20/54 1824/20/54 1810/20/54
f 1805/20/53 1821/20/53 1822/20/53 1806/20/53
f 1784/19/52 1813/19/52 1814/16/52 1782/16/52
f 1801/17/53 1817/17/53 1818/18/53 1802/18/53
f 1787/16/53 1816/16/53 1815/19/53 1788/19/53
f 1809/20/55 1823/20/55 1821/20/55 1805/20/55
f 1803/17/55 1819/17/55 1817/17/55 1801/17/55
f 1802/18/54 1818/18/54 1820/18/54 1804/18/54
f 1782/16/55 1814/16/55 1816/16/55 1787/16/55
f 1826/16/52 1825/17/52 1827/18/52 1828/19/52
f 1831/16/53 1832/19/53 1830/18/53 1829/17/53
f 1827/18/54 1830/18/54 1832/19/54 1828/19/54
f 1826/16/55 1831/16/55 1829/17/55 1825/17/55
f 1848/18/52 1864/18/52 1863/17/52 1847/17/52
f 1829/17/55 1835/17/55 1833/17/55 1825/17/55
f 1833/17/56 1835/17/56 1836/18/56 1834/18/56
f 1842/17/55 1837/17/55 1839/17/55 1841/17/55
f 1825/17/52 1833/17/52 1834/18/52 1827/18/52
f 1827/18/54 1834/18/54 1836/18/54 1830/18/54
f 1838/18/53 1840/18/53 1839/17/53 1837/17/53
f 1843/18/52 1848/18/52 1847/17/52 1842/17/52
f 1841/17/56 1839/17/56 1840/18/56 1844/18/56
f 1844/18/54 1840/18/54 1838/18/54 1843/18/54
f 1836/18/54 1844/18/54 1843/18/54 1830/18/54
f 1835/17/56 1841/17/56 1844/18/56 1836/18/56
f 1830/18/57 1843/18/57 1842/17/57 1829/17/57
f 1829/17/55 1842/17/55 1841/17/55 1835/17/55
f 1832/19/54 1859/19/54 1857/19/54 1828/19/54
f 1838/18/54 1846/18/54 1848/18/54 1843/18/54
f 1837/17/53 1845/17/53 1846/18/53 1838/18/53
f 1842/17/55 1847/17/55 1845/17/55 1837/17/55
f 1854/20/52 1868/20/52 1867/20/52 1853/20/52
f 1853/20/52 1855/20/52 1856/20/52 1854/20/52
f 1851/20/55 1855/20/55 1853/20/55 1849/20/55
f 1852/20/56 1856/20/56 1855/20/56 1851/20/56
f 1850/20/54 1854/20/54 1856/20/54 1852/20/54
f 1857/19/57 1859/19/57 1860/16/57 1858/16/57
f 1864/18/57 1862/18/57 1861/17/57 1863/17/57
f 1865/20/57 1867/20/57 1868/20/57 1866/20/57
f 1850/20/54 1866/20/54 1868/20/54 1854/20/54
f 1849/20/53 1865/20/53 1866/20/53 1850/20/53
f 1828/19/52 1857/19/52 1858/16/52 1826/16/52
f 1845/17/53 1861/17/53 1862/18/53 1846/18/53
f 1831/16/53 1860/16/53 1859/19/53 1832/19/53
f 1853/20/55 1867/20/55 1865/20/55 1849/20/55
f 1847/17/55 1863/17/55 1861/17/55 1845/17/55
f 1846/18/54 1862/18/54 1864/18/54 1848/18/54
f 1826/16/55 1858/16/55 1860/16/55 1831/16/55
f 1870/16/53 1869/17/53 1871/18/53 1872/19/53
f 1875/16/52 1876/19/52 1874/18/52 1873/17/52
f 1871/18/55 1874/18/55 1876/19/55 1872/19/55
f 1870/16/54 1875/16/54 1873/17/54 1869/17/54
f 1892/18/53 1908/18/53 1907/17/53 1891/17/53
f 1873/17/54 1879/17/54 1877/17/54 1869/17/54
f 1877/17/56 1879/17/56 1880/18/56 1878/18/56
f 1886/17/54 1881/17/54 1883/17/54 1885/17/54
f 1869/17/53 1877/17/53 1878/18/53 1871/18/53
f 1871/18/55 1878/18/55 1880/18/55 1874/18/55
f 1882/18/52 1884/18/52 1883/17/52 1881/17/52
f 1887/18/53 1892/18/53 1891/17/53 1886/17/53
f 1885/17/56 1883/17/56 1884/18/56 1888/18/56
f 1888/18/55 1884/18/55 1882/18/55 1887/18/55
f 1880/18/55 1888/18/55 1887/18/55 1874/18/55
f 1879/17/56 1885/17/56 1888/18/56 1880/18/56
f 1874/18/57 1887/18/57 1886/17/57 1873/17/57
f 1873/17/54 1886/17/54 1885/17/54 1879/17/54
f 1876/19/55 1903/19/55 1901/19/55 1872/19/55
f 1882/18/55 1890/18/55 1892/18/55 1887/18/55
f 1881/17/52 1889/17/52 1890/18/52 1882/18/52
f 1886/17/54 1891/17/54 1889/17/54 1881/17/54
f 1898/20/53 1912/20/53 1911/20/53 1897/20/53
f 1897/20/53 1899/20/53 1900/20/53 1898/20/53
f 1895/20/54 1899/20/54 1897/20/54 1893/20/54
f 1896/20/56 1900/20/56 1899/20/56 1895/20/56
f 1894/20/55 1898/20/55 1900/20/55 1896/20/55
f 1901/19/57 1903/19/57 1904/16/57 1902/16/57
f 1908/18/57 1906/18/57 1905/17/57 1907/17/57
f 1909/20/57 1911/20/57 1912/20/57 1910/20/57
f 1894/20/55 1910/20/55 1912/20/55 1898/20/55
f 1893/20/52 1909/20/52 1910/20/52 1894/20/52
f 1872/19/53 1901/19/53 1902/16/53 1870/16/53
f 1889/17/52 1905/17/52 1906/18/52 1890/18/52
f 1875/16/52 1904/16/52 1903/19/52 1876/19/52
f 1897/20/54 1911/20/54 1909/20/54 1893/20/54
f 1891/17/54 1907/17/54 1905/17/54 1889/17/54
f 1890/18/55 1906/18/55 1908/18/55 1892/18/55
f 1870/16/54 1902/16/54 1904/16/54 1875/16/54
f 1914/16/54 1913/17/54 1915/18/54 1916/19/54
f 1919/16/55 1920/19/55 1918/18/55 1917/17/55
f 1915/18/53 1918/18/53 1920/19/53 1916/19/53
f 1914/16/52 1919/16/52 1917/17/52 1913/17/52
f 1936/18/54 1952/18/54 1951/17/54 1935/17/54
f 1917/17/52 1923/17/52 1921/17/52 1913/17/52
f 1921/17/56 1923/17/56 1924/18/56 1922/18/56
f 1930/17/52 1925/17/52 1927/17/52 1929/17/52
f 1913/17/54 1921/17/54 1922/18/54 1915/18/54
f 1915/18/53 1922/18/53 1924/18/53 1918/18/53
f 1926/18/55 1928/18/55 1927/17/55 1925/17/55
f 1931/18/54 1936/18/54 1935/17/54 1930/17/54
f 1929/17/56 1927/17/56 1928/18/56 1932/18/56
f 1932/18/53 1928/18/53 1926/18/53 1931/18/53
f 1924/18/53 1932/18/53 1931/18/53 1918/18/53
f 1923/17/56 1929/17/56 1932/18/56 1924/18/56
f 1918/18/57 1931/18/57 1930/17/57 1917/17/57
f 1917/17/52 1930/17/52 1929/17/52 1923/17/52
f 1920/19/53 1947/19/53 1945/19/53 1916/19/53
f 1926/18/53 1934/18/53 1936/18/53 1931/18/53
f 1925/17/55 1933/17/55 1934/18/55 1926/18/55
f 1930/17/52 1935/17/52 1933/17/52 1925/17/52
f 1942/20/54 1956/20/54 1955/20/54 1941/20/54
f 1941/20/54 1943/20/54 1944/20/54 1942/20/54
f 1939/20/52 1943/20/52 1941/20/52 1937/20/52
f 1940/20/56 1944/20/56 1943/20/56 1939/20/56
f 1938/20/53 1942/20/53 1944/20/53 1940/20/53
f 1945/19/57 1947/19/57 1948/16/57 1946/16/57
f 1952/18/57 1950/18/57 1949/17/57 1951/17/57
f 1953/20/57 1955/20/57 1956/20/57 1954/20/57
f 1938/20/53 1954/20/53 1956/20/53 1942/20/53
f 1937/20/55 1953/20/55 1954/20/55 1938/20/55
f 1916/19/54 1945/19/54 1946/16/54 1914/16/54
f 1933/17/55 1949/17/55 1950/18/55 1934/18/55
f 1919/16/55 1948/16/55 1947/19/55 1920/19/55
f 1941/20/52 1955/20/52 1953/20/52 1937/20/52
f 1935/17/52 1951/17/52 1949/17/52 1933/17/52
f 1934/18/53 1950/18/53 1952/18/53 1936/18/53
f 1914/16/52 1946/16/52 1948/16/52 1919/16/52
f 1958/16/52 1957/17/52 1959/18/52 1960/19/52
f 1963/16/53 1964/19/53 1962/18/53 1961/17/53
f 1959/18/54 1962/18/54 1964/19/54 1960/19/54
f 1958/16/55 1963/16/55 1961/17/55 1957/17/55
f 1980/18/52 1996/18/52 1995/17/52 1979/17/52
f 1961/17/55 1967/17/55 1965/17/55 1957/17/55
f 1965/17/56 1967/17/56 1968/18/56 1966/18/56
f 1974/17/55 1969/17/55 1971/17/55 1973/17/55
f 1957/17/52 1965/17/52 1966/18/52 1959/18/52
f 1959/18/54 1966/18/54 1968/18/54 1962/18/54
f 1970/18/53 1972/18/53 1971/17/53 1969/17/53
f 1975/18/52 1980/18/52 1979/17/52 1974/17/52
f 1973/17/56 1971/17/56 1972/18/56 1976/18/56
f 1976/18/54 1972/18/54 1970/18/54 1975/18/54
f 1968/18/54 1976/18/54 1975/18/54 1962/18/54
f 1967/17/56 1973/17/56 1976/18/56 1968/18/56
f 1962/18/57 1975/18/57 1974/17/57 1961/17/57
f 1961/17/55 1974/17/55 1973/17/55 1967/17/55
f 1964/19/54 1991/19/54 1989/19/54 1960/19/54
f 1970/18/54 1978/18/54 1980/18/54 1975/18/54
f 1969/17/53 1977/17/53 1978/18/53 1970/18/53
f 1974/17/55 1979/17/55 1977/17/55 1969/17/55
f 1986/20/52 2000/20/52 1999/20/52 1985/20/52
f 1985/20/52 1987/20/52 1988/20/52 1986/20/52
f 1983/20/55 1987/20/55 1985/20/55 1981/20/55
f 1984/20/56 1988/20/56 1987/20/56 1983/20/56
f 1982/20/54 1986/20/54 1988/20/54 1984/20/54
f 1989/19/57 1991/19/57 1992/16/57 1990/16/57
f 1996/18/57 1994/18/57 1993/17/57 1995/17/57
f 1997/20/57 1999/20/57 2000/20/57 1998/20/57
f 1982/20/54 1998/20/54 2000/20/54 1986/20/54
f 1981/20/53 1997/20/53 1998/20/53 1982/20/53
f 1960/19/52 1989/19/52 1990/16/52 1958/16/52
f 1977/17/53 1993/17/53 1994/18/53 1978/18/53
f 1963/16/53 1992/16/53 1991/19/53 1964/19/53
f 1985/20/55 1999/20/55 1997/20/55 1981/20/55
f 1979/17/55 1995/17/55 1993/17/55 1977/17/55
f 1978/18/54 1994/18/54 1996/18/54 1980/18/54
f 1958/16/55 1990/16/55 1992/16/55 1963/16/55
f 2002/16/55 2001/17/55 2003/18/55 2004/19/55
f 2007/16/54 2008/19/54 2006/18/54 2005/17/54
f 2003/18/52 2006/18/52 2008/19/52 2004/19/52
f 2002/16/53 2007/16/53 2005/17/53 2001/17/53
f 2024/18/55 2040/18/55 2039/17/55 2023/17/55
f 2005/17/53 2011/17/53 2009/17/53 2001/17/53
f 2009/17/56 2011/17/56 2012/18/56 2010/18/56
f 2018/17/53 2013/17/53 2015/17/53 2017/17/53
f 2001/17/55 2009/17/55 2010/18/55 2003/18/55
f 2003/18/52 2010/18/52 2012/18/52 2006/18/52
f 2014/18/54 2016/18/54 2015/17/54 2013/17/54
f 2019/18/55 2024/18/55 2023/17/55 2018/17/55
f 2017/17/56 2015/17/56 2016/18/56 2020/18/56
f 2020/18/52 2016/18/52 2014/18/52 2019/18/52
f 2012/18/52 2020/18/52 2019/18/52 2006/18/52
f 2011/17/56 2017/17/56 2020/18/56 2012/18/56
f 2006/18/57 2019/18/57 2018/17/57 2005/17/57
f 2005/17/53 2018/17/53 2017/17/53 2011/17/53
f 2008/19/52 2035/19/52 2033/19/52 2004/19/52
f 2014/18/52 2022/18/52 2024/18/52 2019/18/52
f 2013/17/54 2021/17/54 2022/18/54 2014/18/54
f 2018/17/53 2023/17/53 2021/17/53 2013/17/53
f 2030/20/55 2044/20/55 2043/20/55 2029/20/55
f 2029/20/55 2031/20/55 2032/20/55 2030/20/55
f 2027/20/53 2031/20/53 2029/20/53 2025/20/53
f 2028/20/56 2032/20/56 2031/20/56 2027/20/56
f 2026/20/52 2030/20/52 2032/20/52 2028/20/52
f 2033/19/57 2035/19/57 2036/16/57 2034/16/57
f 2040/18/57 2038/18/57 2037/17/57 2039/17/57
f 2041/20/57 2043/20/57 2044/20/57 2042/20/57
f 2026/20/52 2042/20/52 2044/20/52 2030/20/52
f 2025/20/54 2041/20/54 2042/20/54 2026/20/54
f 2004/19/55 2033/19/55 2034/16/55 2002/16/55
f 2021/17/54 2037/17/54 2038/18/54 2022/18/54
f 2007/16/54 2036/16/54 2035/19/54 2008/19/54
f 2029/20/53 2043/20/53 2041/20/53 2025/20/53
f 2023/17/53 2039/17/53 2037/17/53 2021/17/53
f 2022/18/52 2038/18/52 2040/18/52 2024/18/52
f 2002/16/53 2034/16/53 2036/16/53 2007/16/53
f 2046/16/55 2045/17/55 2047/18/55 2048/19/55
f 2051/16/54 2052/19/54 2050/18/54 2049/17/54
f 2047/18/52 2050/18/52 2052/19/52 2048/19/52
f 2046/16/53 2051/16/53 2049/17/53 2045/17/53
f 2068/18/55 2084/18/55 2083/17/55 2067/17/55
f 2049/17/53 2055/17/53 2053/17/53 2045/17/53
f 2053/17/56 2055/17/56 2056/18/56 2054/18/56
f 2062/17/53 2057/17/53 2059/17/53 2061/17/53
f 2045/17/55 2053/17/55 2054/18/55 2047/18/55
f 2047/18/52 2054/18/52 2056/18/52 2050/18/52
f 2058/18/54 2060/18/54 2059/17/54 2057/17/54
f 2063/18/55 2068/18/55 2067/17/55 2062/17/55
f 2061/17/56 2059/17/56 2060/18/56 2064/18/56
f 2064/18/52 2060/18/52 2058/18/52 2063/18/52
f 2056/18/52 2064/18/52 2063/18/52 2050/18/52
f 2055/17/56 2061/17/56 2064/18/56 2056/18/56
f 2050/18/57 2063/18/57 2062/17/57 2049/17/57
f 2049/17/53 2062/17/53 2061/17/53 2055/17/53
f 2052/19/52 2079/19/52 2077/19/52 2048/19/52
f 2058/18/52 2066/18/52 2068/18/52 2063/18/52
f 2057/17/54 2065/17/54 2066/18/54 2058/18/54
f 2062/17/53 2067/17/53 2065/17/53 2057/17/53
f 2074/20/55 2088/20/55 2087/20/55 2073/20/55
f 2073/20/55 2075/20/55 2076/20/55 2074/20/55
f 2071/20/53 2075/20/53 2073/20/53 2069/20/53
f 2072/20/56 2076/20/56 2075/20/56 2071/20/56
f 2070/20/52 2074/20/52 2076/20/52 2072/20/52
f 2077/19/57 2079/19/57 2080/16/57 2078/16/57
f 2084/18/57 2082/18/57 2081/17/57 2083/17/57
f 2085/20/57 2087/20/57 2088/20/57 2086/20/57
f 2070/20/52 2086/20/52 2088/20/52 2074/20/52
f 2069/20/54 2085/20/54 2086/20/54 2070/20/54
f 2048/19/55 2077/19/55 2078/16/55 2046/16/55
f 2065/17/54 2081/17/54 2082/18/54 2066/18/54
f 2051/16/54 2080/16/54 2079/19/54 2052/19/54
f 2073/20/53 2087/20/53 2085/20/53 2069/20/53
f 2067/17/53 2083/17/53 2081/17/53 2065/17/53
f 2066/18/52 2082/18/52 2084/18/52 2068/18/52
f 2046/16/53 2078/16/53 2080/16/53 2051/16/53
f 2090/16/55 2089/17/55 2091/18/55 2092/19/55
f 2095/16/54 2096/19/54 2094/18/54 2093/17/54
f 2091/18/52 2094/18/52 2096/19/52 2092/19/52
f 2090/16/53 2095/16/53 2093/17/53 2089/17/53
f 2112/18/55 2128/18/55 2127/17/55 2111/17/55
f 2093/17/53 2099/17/53 2097/17/53 2089/17/53
f 2097/17/56 2099/17/56 2100/18/56 2098/18/56
f 2106/17/53 2101/17/53 2103/17/53 2105/17/53
f 2089/17/55 2097/17/55 2098/18/55 2091/18/55
f 2091/18/52 2098/18/52 2100/18/52 2094/18/52
f 2102/18/54 2104/18/54 2103/17/54 2101/17/54
f 2107/18/55 2112/18/55 2111/17/55 2106/17/55
f 2105/17/56 2103/17/56 2104/18/56 2108/18/56
f 2108/18/52 2104/18/52 2102/18/52 2107/18/52
f 2100/18/52 2108/18/52 2107/18/52 2094/18/52
f 2099/17/56 2105/17/56 2108/18/56 2100/18/56
f 2094/18/57 2107/18/57 2106/17/57 2093/17/57
f 2093/17/53 2106/17/53 2105/17/53 2099/17/53
f 2096/19/52 2123/19/52 2121/19/52 2092/19/52
f 2102/18/52 2110/18/52 2112/18/52 2107/18/52
f 2101/17/54 2109/17/54 2110/18/54 2102/18/54
f 2106/17/53 2111/17/53 2109/17/53 2101/17/53
f 2118/20/55 2132/20/55 2131/20/55 2117/20/55
f 2117/20/55 2119/20/55 2120/20/55 2118/20/55
f 2115/20/53 2119/20/53 2117/20/53 2113/20/53
f 2116/20/56 2120/20/56 2119/20/56 2115/20/56
f 2114/20/52 2118/20/52 2120/20/52 2116/20/52
f 2121/19/57 2123/19/57 2124/16/57 2122/16/57
f 2128/18/57 2126/18/57 2125/17/57 2127/17/57
f 2129/20/57 2131/20/57 2132/20/57 2130/20/57
f 2114/20/52 2130/20/52 2132/20/52 2118/20/52
f 2113/20/54 2129/20/54 2130/20/54 2114/20/54
f 2092/19/55 2121/19/55 2122/16/55 2090/16/55
f 2109/17/54 2125/17/54 2126/18/54 2110/18/54
f 2095/16/54 2124/16/54 2123/19/54 2096/19/54
f 2117/20/53 2131/20/53 2129/20/53 2113/20/53
f 2111/17/53 2127/17/53 2125/17/53 2109/17/53
f 2110/18/52 2126/18/52 2128/18/52 2112/18/52
f 2090/16/53 2122/16/53 2124/16/53 2095/16/53
f 2134/16/55 2133/17/55 2135/18/55 2136/19/55
f 2139/16/54 2140/19/54 2138/18/54 2137/17/54
f 2135/18/52 2138/18/52 2140/19/52 2136/19/52
f 2134/16/53 2139/16/53 2137/17/53 2133/17/53
f 2156/18/55 2172/18/55 2171/17/55 2155/17/55
f 2137/17/53 2143/17/53 2141/17/53 2133/17/53
f 2141/17/56 2143/17/56 2144/18/56 2142/18/56
f 2150/17/53 2145/17/53 2147/17/53 2149/17/53
f 2133/17/55 2141/17/55 2142/18/55 2135/18/55
f 2135/18/52 2142/18/52 2144/18/52 2138/18/52
f 2146/18/54 2148/18/54 2147/17/54 2145/17/54
f 2151/18/55 2156/18/55 2155/17/55 2150/17/55
f 2149/17/56 2147/17/56 2148/18/56 2152/18/56
f 2152/18/52 2148/18/52 2146/18/52 2151/18/52
f 2144/18/52 2152/18/52 2151/18/52 2138/18/52
f 2143/17/56 2149/17/56 2152/18/56 2144/18/56
f 2138/18/57 2151/18/57 2150/17/57 2137/17/57
f 2137/17/53 2150/17/53 2149/17/53 2143/17/53
f 2140/19/52 2167/19/52 2165/19/52 2136/19/52
f 2146/18/52 2154/18/52 2156/18/52 2151/18/52
f 2145/17/54 2153/17/54 2154/18/54 2146/18/54
f 2150/17/53 2155/17/53 2153/17/53 2145/17/53
f 2162/20/55 2176/20/55 2175/20/55 2161/20/55
f 2161/20/55 2163/20/55 2164/20/55 2162/20/55
f 2159/20/53 2163/20/53 2161/20/53 2157/20/53
f 2160/20/56 2164/20/56 2163/20/56 2159/20/56
f 2158/20/52 2162/20/52 2164/20/52 2160/20/52
f 2165/19/57 2167/19/57 2168/16/57 2166/16/57
f 2172/18/57 2170/18/57 2169/17/57 2171/17/57
f 2173/20/57 2175/20/57 2176/20/57 2174/20/57
f 2158/20/52 2174/20/52 2176/20/52 2162/20/52
f 2157/20/54 2173/20/54 2174/20/54 2158/20/54
f 2136/19/55 2165/19/55 2166/16/55 2134/16/55
f 2153/17/54 2169/17/54 2170/18/54 2154/18/54
f 2139/16/54 2168/16/54 2167/19/54 2140/19/54
f 2161/20/53 2175/20/53 2173/20/53 2157/20/53
f 2155/17/53 2171/17/53 2169/17/53 2153/17/53
f 2154/18/52 2170/18/52 2172/18/52 2156/18/52
f 2134/16/53 2166/16/53 2168/16/53 2139/16/53
f 2178/16/55 2177/17/55 2179/18/55 2180/19/55
f 2183/16/54 2184/19/54 2182/18/54 2181/17/54
f 2179/18/52 2182/18/52 2184/19/52 2180/19/52
f 2178/16/53 2183/16/53 2181/17/53 2177/17/53
f 2200/18/55 2216/18/55 2215/17/55 2199/17/55
f 2181/17/53 2187/17/53 2185/17/53 2177/17/53
f 2185/17/56 2187/17/56 2188/18/56 2186/18/56
f 2194/17/53 2189/17/53 2191/17/53 2193/17/53
f 2177/17/55 2185/17/55 2186/18/55 2179/18/55
f 2179/18/52 2186/18/52 2188/18/52 2182/18/52
f 2190/18/54 2192/18/54 2191/17/54 2189/17/54
f 2195/18/55 2200/18/55 2199/17/55 2194/17/55
f 2193/17/56 2191/17/56 2192/18/56 2196/18/56
f 2196/18/52 2192/18/52 2190/18/52 2195/18/52
f 2188/18/52 2196/18/52 2195/18/52 2182/18/52
f 2187/17/56 2193/17/56 2196/18/56 2188/18/56
f 2182/18/57 2195/18/57 2194/17/57 2181/17/57
f 2181/17/53 2194/17/53 2193/17/53 2187/17/53
f 2184/19/52 2211/19/52 2209/19/52 2180/19/52
f 2190/18/52 2198/18/52 2200/18/52 2195/18/52
f 2189/17/54 2197/17/54 2198/18/54 2190/18/54
f 2194/17/53 2199/17/53 2197/17/53 2189/17/53
f 2206/20/55 2220/20/55 2219/20/55 2205/20/55
f 2205/20/55 2207/20/55 2208/20/55 2206/20/55
f 2203/20/53 2207/20/53 2205/20/53 2201/20/53
f 2204/20/56 2208/20/56 2207/20/56 2203/20/56
f 2202/20/52 2206/20/52 2208/20/52 2204/20/52
f 2209/19/57 2211/19/57 2212/16/57 2210/16/57
f 2216/18/57 2214/18/57 2213/17/57 2215/17/57
f 2217/20/57 2219/20/57 2220/20/57 2218/20/57
f 2202/20/52 2218/20/52 2220/20/52 2206/20/52
f 2201/20/54 2217/20/54 2218/20/54 2202/20/54
f 2180/19/55 2209/19/55 2210/16/55 2178/16/55
f 2197/17/54 2213/17/54 2214/18/54 2198/18/54
f 2183/16/54 2212/16/54 2211/19/54 2184/19/54
f 2205/20/53 2219/20/53 2217/20/53 2201/20/53
f 2199/17/53 2215/17/53 2213/17/53 2197/17/53
f 2198/18/52 2214/18/52 2216/18/52 2200/18/52
f 2178/16/53 2210/16/53 2212/16/53 2183/16/53
f 2222/16/55 2221/17/55 2223/18/55 2224/19/55
f 2227/16/54 2228/19/54 2226/18/54 2225/17/54
f 2223/18/52 2226/18/52 2228/19/52 2224/19/52
f 2222/16/53 2227/16/53 2225/17/53 2221/17/53
f 2244/18/55 2260/18/55 2259/17/55 2243/17/55
f 2225/17/53 2231/17/53 2229/17/53 2221/17/53
f 2229/17/56 2231/17/56 2232/18/56 2230/18/56
f 2238/17/53 2233/17/53 2235/17/53 2237/17/53
f 2221/17/55 2229/17/55 2230/18/55 2223/18/55
f 2223/18/52 2230/18/52 2232/18/52 2226/18/52
f 2234/18/54 2236/18/54 2235/17/54 2233/17/54
f 2239/18/55 2244/18/55 2243/17/55 2238/17/55
f 2237/17/56 2235/17/56 2236/18/56 2240/18/56
f 2240/18/52 2236/18/52 2234/18/52 2239/18/52
f 2232/18/52 2240/18/52 2239/18/52 2226/18/52
f 2231/17/56 2237/17/56 2240/18/56 2232/18/56
f 2226/18/57 2239/18/57 2238/17/57 2225/17/57
f 2225/17/53 2238/17/53 2237/17/53 2231/17/53
f 2228/19/52 2255/19/52 2253/19/52 2224/19/52
f 2234/18/52 2242/18/52 2244/18/52 2239/18/52
f 2233/17/54 2241/17/54 2242/18/54 2234/18/54
f 2238/17/53 2243/17/53 2241/17/53 2233/17/53
f 2250/20/55 2264/20/55 2263/20/55 2249/20/55
f 2249/20/55 2251/20/55 2252/20/55 2250/20/55
f 2247/20/53 2251/20/53 2249/20/53 2245/20/53
f 2248/20/56 2252/20/56 2251/20/56 2247/20/56
f 2246/20/52 2250/20/52 2252/20/52 2248/20/52
f 2253/19/57 2255/19/57 2256/16/57 2254/16/57
f 2260/18/57 2258/18/57 2257/17/57 2259/17/57
f 2261/20/57 2263/20/57 2264/20/57 2262/20/57
f 2246/20/52 2262/20/52 2264/20/52 2250/20/52
f 2245/20/54 2261/20/54 2262/20/54 2246/20/54
f 2224/19/55 2253/19/55 2254/16/55 2222/16/55
f 2241/17/54 2257/17/54 2258/18/54 2242/18/54
f 2227/16/54 2256/16/54 2255/19/54 2228/19/54
f 2249/20/53 2263/20/53 2261/20/53 2245/20/53
f 2243/17/53 2259/17/53 2257/17/53 2241/17/53
f 2242/18/52 2258/18/52 2260/18/52 2244/18/52
f 2222/16/53 2254/16/53 2256/16/53 2227/16/53
f 2266/16/53 2265/17/53 2267/18/53 2268/19/53
f 2271/16/52 2272/19/52 2270/18/52 2269/17/52
f 2267/18/55 2270/18/55 2272/19/55 2268/19/55
f 2266/16/54 2271/16/54 2269/17/54 2265/17/54
f 2288/18/53 2304/18/53 2303/17/53 2287/17/53
f 2269/17/54 2275/17/54 2273/17/54 2265/17/54
f 2273/17/56 2275/17/56 2276/18/56 2274/18/56
f 2282/17/54 2277/17/54 2279/17/54 2281/17/54
f 2265/17/53 2273/17/53 2274/18/53 2267/18/53
f 2267/18/55 2274/18/55 2276/18/55 2270/18/55
f 2278/18/52 2280/18/52 2279/17/52 2277/17/52
f 2283/18/53 2288/18/53 2287/17/53 2282/17/53
f 2281/17/56 2279/17/56 2280/18/56 2284/18/56
f 2284/18/55 2280/18/55 2278/18/55 2283/18/55
f 2276/18/55 2284/18/55 2283/18/55 2270/18/55
f 2275/17/56 2281/17/56 2284/18/56 2276/18/56
f 2270/18/57 2283/18/57 2282/17/57 2269/17/57
f 2269/17/54 2282/17/54 2281/17/54 2275/17/54
f 2272/19/55 2299/19/55 2297/19/55 2268/19/55
f 2278/18/55 2286/18/55 2288/18/55 2283/18/55
f 2277/17/52 2285/17/52 2286/18/52 2278/18/52
f 2282/17/54 2287/17/54 2285/17/54 2277/17/54
f 2294/20/53 2308/20/53 2307/20/53 2293/20/53
f 2293/20/53 2295/20/53 2296/20/53 2294/20/53
f 2291/20/54 2295/20/54 2293/20/54 2289/20/54
f 2292/20/56 2296/20/56 2295/20/56 2291/20/56
f 2290/20/55 2294/20/55 2296/20/55 2292/20/55
f 2297/19/57 2299/19/57 2300/16/57 2298/16/57
f 2304/18/57 2302/18/57 2301/17/57 2303/17/57
f 2305/20/57 2307/20/57 2308/20/57 2306/20/57
f 2290/20/55 2306/20/55 2308/20/55 2294/20/55
f 2289/20/52 2305/20/52 2306/20/52 2290/20/52
f 2268/19/53 2297/19/53 2298/16/53 2266/16/53
f 2285/17/52 2301/17/52 2302/18/52 2286/18/52
f 2271/16/52 2300/16/52 2299/19/52 2272/19/52
f 2293/20/54 2307/20/54 2305/20/54 2289/20/54
f 2287/17/54 2303/17/54 2301/17/54 2285/17/54
f 2286/18/55 2302/18/55 2304/18/55 2288/18/55
f 2266/16/54 2298/16/54 2300/16/54 2271/16/54
f 2310/16/55 2309/17/55 2311/18/55 2312/19/55
f 2315/16/54 2316/19/54 2314/18/54 2313/17/54
f 2311/18/52 2314/18/52 2316/19/52 2312/19/52
f 2310/16/53 2315/16/53 2313/17/53 2309/17/53
f 2332/18/55 2348/18/55 2347/17/55 2331/17/55
f 2313/17/53 2319/17/53 2317/17/53 2309/17/53
f 2317/17/56 2319/17/56 2320/18/56 2318/18/56
f 2326/17/53 2321/17/53 2323/17/53 2325/17/53
f 2309/17/55 2317/17/55 2318/18/55 2311/18/55
f 2311/18/52 2318/18/52 2320/18/52 2314/18/52
f 2322/18/54 2324/18/54 2323/17/54 2321/17/54
f 2327/18/55 2332/18/55 2331/17/55 2326/17/55
f 2325/17/56 2323/17/56 2324/18/56 2328/18/56
f 2328/18/52 2324/18/52 2322/18/52 2327/18/52
f 2320/18/52 2328/18/52 2327/18/52 2314/18/52
f 2319/17/56 2325/17/56 2328/18/56 2320/18/56
f 2314/18/57 2327/18/57 2326/17/57 2313/17/57
f 2313/17/53 2326/17/53 2325/17/53 2319/17/53
f 2316/19/52 2343/19/52 2341/19/52 2312/19/52
f 2322/18/52 2330/18/52 2332/18/52 2327/18/52
f 2321/17/54 2329/17/54 2330/18/54 2322/18/54
f 2326/17/53 2331/17/53 2329/17/53 2321/17/53
f 2338/20/55 2352/20/55 2351/20/55 2337/20/55
f 2337/20/55 2339/20/55 2340/20/55 2338/20/55
f 2335/20/53 2339/20/53 2337/20/53 2333/20/53
f 2336/20/56 2340/20/56 2339/20/56 2335/20/56
f 2334/20/52 2338/20/52 2340/20/52 2336/20/52
f 2341/19/57 2343/19/57 2344/16/57 2342/16/57
f 2348/18/57 2346/18/57 2345/17/57 2347/17/57
f 2349/20/57 2351/20/57 2352/20/57 2350/20/57
f 2334/20/52 2350/20/52 2352/20/52 2338/20/52
f 2333/20/54 2349/20/54 2350/20/54 2334/20/54
f 2312/19/55 2341/19/55 2342/16/55 2310/16/55
f 2329/17/54 2345/17/54 2346/18/54 2330/18/54
f 2315/16/54 2344/16/54 2343/19/54 2316/19/54
f 2337/20/53 2351/20/53 2349/20/53 2333/20/53
f 2331/17/53 2347/17/53 2345/17/53 2329/17/53
f 2330/18/52 2346/18/52 2348/18/52 2332/18/52
f 2310/16/53 2342/16/53 2344/16/53 2315/16/53
f 2354/16/52 2353/17/52 2355/18/52 2356/19/52
f 2359/16/53 2360/19/53 2358/18/53 2357/17/53
f 2355/18/54 2358/18/54 2360/19/54 2356/19/54
f 2354/16/55 2359/16/55 2357/17/55 2353/17/55
f 2376/18/52 2392/18/52 2391/17/52 2375/17/52
f 2357/17/55 2363/17/55 2361/17/55 2353/17/55
f 2361/17/56 2363/17/56 2364/18/56 2362/18/56
f 2370/17/55 2365/17/55 2367/17/55 2369/17/55
f 2353/17/52 2361/17/52 2362/18/52 2355/18/52
f 2355/18/54 2362/18/54 2364/18/54 2358/18/54
f 2366/18/53 2368/18/53 2367/17/53 2365/17/53
f 2371/18/52 2376/18/52 2375/17/52 2370/17/52
f 2369/17/56 2367/17/56 2368/18/56 2372/18/56
f 2372/18/54 2368/18/54 2366/18/54 2371/18/54
f 2364/18/54 2372/18/54 2371/18/54 2358/18/54
f 2363/17/56 2369/17/56 2372/18/56 2364/18/56
f 2358/18/57 2371/18/57 2370/17/57 2357/17/57
f 2357/17/55 2370/17/55 2369/17/55 2363/17/55
f 2360/19/54 2387/19/54 2385/19/54 2356/19/54
f 2366/18/54 2374/18/54 2376/18/54 2371/18/54
f 2365/17/53 2373/17/53 2374/18/53 2366/18/53
f 2370/17/55 2375/17/55 2373/17/55 2365/17/55
f 2382/20/52 2396/20/52 2395/20/52 2381/20/52
f 2381/20/52 2383/20/52 2384/20/52 2382/20/52
f 2379/20/55 2383/20/55 2381/20/55 2377/20/55
f 2380/20/56 2384/20/56 2383/20/56 2379/20/56
f 2378/20/54 2382/20/54 2384/20/54 2380/20/54
f 2385/19/57 2387/19/57 2388/16/57 2386/16/57
f 2392/18/57 2390/18/57 2389/17/57 2391/17/57
f 2393/20/57 2395/20/57 2396/20/57 2394/20/57
f 2378/20/54 2394/20/54 2396/20/54 2382/20/54
f 2377/20/53 2393/20/53 2394/20/53 2378/20/53
f 2356/19/52 2385/19/52 2386/16/52 2354/16/52
f 2373/17/53 2389/17/53 2390/18/53 2374/18/53
f 2359/16/53 2388/16/53 2387/19/53 2360/19/53
f 2381/20/55 2395/20/55 2393/20/55 2377/20/55
f 2375/17/55 2391/17/55 2389/17/55 2373/17/55
f 2374/18/54 2390/18/54 2392/18/54 2376/18/54
f 2354/16/55 2386/16/55 2388/16/55 2359/16/55
f 2398/16/52 2397/17/52 2399/18/52 2400/19/52
f 2403/16/53 2404/19/53 2402/18/53 2401/17/53
f 2399/18/54 2402/18/54 2404/19/54 2400/19/54
f 2398/16/55 2403/16/55 2401/17/55 2397/17/55
f 2420/18/52 2436/18/52 2435/17/52 2419/17/52
f 2401/17/55 2407/17/55 2405/17/55 2397/17/55
f 2405/17/56 2407/17/56 2408/18/56 2406/18/56
f 2414/17/55 2409/17/55 2411/17/55 2413/17/55
f 2397/17/52 2405/17/52 2406/18/52 2399/18/52
f 2399/18/54 2406/18/54 2408/18/54 2402/18/54
f 2410/18/53 2412/18/53 2411/17/53 2409/17/53
f 2415/18/52 2420/18/52 2419/17/52 2414/17/52
f 2413/17/56 2411/17/56 2412/18/56 2416/18/56
f 2416/18/54 2412/18/54 2410/18/54 2415/18/54
f 2408/18/54 2416/18/54 2415/18/54 2402/18/54
f 2407/17/56 2413/17/56 2416/18/56 2408/18/56
f 2402/18/57 2415/18/57 2414/17/57 2401/17/57
f 2401/17/55 2414/17/55 2413/17/55 2407/17/55
f 2404/19/54 2431/19/54 2429/19/54 2400/19/54
f 2410/18/54 2418/18/54 2420/18/54 2415/18/54
f 2409/17/53 2417/17/53 2418/18/53 2410/18/53
f 2414/17/55 2419/17/55 2417/17/55 2409/17/55
f 2426/20/52 2440/20/52 2439/20/52 2425/20/52
f 2425/20/52 2427/20/52 2428/20/52 2426/20/52
f 2423/20/55 2427/20/55 2425/20/55 2421/20/55
f 2424/20/56 2428/20/56 2427/20/56 2423/20/56
f 2422/20/54 2426/20/54 2428/20/54 2424/20/54
f 2429/19/57 2431/19/57 2432/16/57 2430/16/57
f 2436/18/57 2434/18/57 2433/17/57 2435/17/57
f 2437/20/57 2439/20/57 2440/20/57 2438/20/57
f 2422/20/54 2438/20/54 2440/20/54 2426/20/54
f 2421/20/53 2437/20/53 2438/20/53 2422/20/53
f 2400/19/52 2429/19/52 2430/16/52 2398/16/52
f 2417/17/53 2433/17/53 2434/18/53 2418/18/53
f 2403/16/53 2432/16/53 2431/19/53 2404/19/53
f 2425/20/55 2439/20/55 2437/20/55 2421/20/55
f 2419/17/55 2435/17/55 2433/17/55 2417/17/55
f 2418/18/54 2434/18/54 2436/18/54 2420/18/54
f 2398/16/55 2430/16/55 2432/16/55 2403/16/55
f 2442/16/55 2441/17/55 2443/18/55 2444/19/55
f 2447/16/54 2448/19/54 2446/18/54 2445/17/54
f 2443/18/52 2446/18/52 2448/19/52 2444/19/52
f 2442/16/53 2447/16/53 2445/17/53 2441/17/53
f 2464/18/55 2480/18/55 2479/17/55 2463/17/55
f 2445/17/53 2451/17/53 2449/17/53 2441/17/53
f 2449/17/56 2451/17/56 2452/18/56 2450/18/56
f 2458/17/53 2453/17/53 2455/17/53 2457/17/53
f 2441/17/55 2449/17/55 2450/18/55 2443/18/55
f 2443/18/52 2450/18/52 2452/18/52 2446/18/52
f 2454/18/54 2456/18/54 2455/17/54 2453/17/54
f 2459/18/55 2464/18/55 2463/17/55 2458/17/55
f 2457/17/56 2455/17/56 2456/18/56 2460/18/56
f 2460/18/52 2456/18/52 2454/18/52 2459/18/52
f 2452/18/52 2460/18/52 2459/18/52 2446/18/52
f 2451/17/56 2457/17/56 2460/18/56 2452/18/56
f 2446/18/57 2459/18/57 2458/17/57 2445/17/57
f 2445/17/53 2458/17/53 2457/17/53 2451/17/53
f 2448/19/52 2475/19/52 2473/19/52 2444/19/52
f 2454/18/52 2462/18/52 2464/18/52 2459/18/52
f 2453/17/54 2461/17/54 2462/18/54 2454/18/54
f 2458/17/53 2463/17/53 2461/17/53 2453/17/53
f 2470/20/55 2484/20/55 2483/20/55 2469/20/55
f 2469/20/55 2471/20/55 2472/20/55 2470/20/55
f 2467/20/53 2471/20/53 2469/20/53 2465/20/53
f 2468/20/56 2472/20/56 2471/20/56 2467/20/56
f 2466/20/52 2470/20/52 2472/20/52 2468/20/52
f 2473/19/57 2475/19/57 2476/16/57 2474/16/57
f 2480/18/57 2478/18/57 2477/17/57 2479/17/57
f 2481/20/57 2483/20/57 2484/20/57 2482/20/57
f 2466/20/52 2482/20/52 2484/20/52 2470/20/52
f 2465/20/54 2481/20/54 2482/20/54 2466/20/54
f 2444/19/55 2473/19/55 2474/16/55 2442/16/55
f 2461/17/54 2477/17/54 2478/18/54 2462/18/54
f 2447/16/54 2476/16/54 2475/19/54 2448/19/54
f 2469/20/53 2483/20/53 2481/20/53 2465/20/53
f 2463/17/53 2479/17/53 2477/17/53 2461/17/53
f 2462/18/52 2478/18/52 2480/18/52 2464/18/52
f 2442/16/53 2474/16/53 2476/16/53 2447/16/53
f 2486/16/55 2485/17/55 2487/18/55 2488/19/55
f 2491/16/54 2492/19/54 2490/18/54 2489/17/54
f 2487/18/52 2490/18/52 2492/19/52 2488/19/52
f 2486/16/53 2491/16/53 2489/17/53 2485/17/53
f 2508/18/55 2524/18/55 2523/17/55 2507/17/55
f 2489/17/53 2495/17/53 2493/17/53 2485/17/53
f 2493/17/56 2495/17/56 2496/18/56 2494/18/56
f 2502/17/53 2497/17/53 2499/17/53 2501/17/53
f 2485/17/55 2493/17/55 2494/18/55 2487/18/55
f 2487/18/52 2494/18/52 2496/18/52 2490/18/52
f 2498/18/54 2500/18/54 2499/17/54 2497/17/54
f 2503/18/55 2508/18/55 2507/17/55 2502/17/55
f 2501/17/56 2499/17/56 2500/18/56 2504/18/56
f 2504/18/52 2500/18/52 2498/18/52 2503/18/52
f 2496/18/52 2504/18/52 2503/18/52 2490/18/52
f 2495/17/56 2501/17/56 2504/18/56 2496/18/56
f 2490/18/57 2503/18/57 2502/17/57 2489/17/57
f 2489/17/53 2502/17/53 2501/17/53 2495/17/53
f 2492/19/52 2519/19/52 2517/19/52 2488/19/52
f 2498/18/52 2506/18/52 2508/18/52 2503/18/52
f 2497/17/54 2505/17/54 2506/18/54 2498/18/54
f 2502/17/53 2507/17/53 2505/17/53 2497/17/53
f 2514/20/55 2528/20/55 2527/20/55 2513/20/55
f 2513/20/55 2515/20/55 2516/20/55 2514/20/55
f 2511/20/53 2515/20/53 2513/20/53 2509/20/53
f 2512/20/56 2516/20/56 2515/20/56 2511/20/56
f 2510/20/52 2514/20/52 2516/20/52 2512/20/52
f 2517/19/57 2519/19/57 2520/16/57 2518/16/57
f 2524/18/57 2522/18/57 2521/17/57 2523/17/57
f 2525/20/57 2527/20/57 2528/20/57 2526/20/57
f 2510/20/52 2526/20/52 2528/20/52 2514/20/52
f 2509/20/54 2525/20/54 2526/20/54 2510/20/54
f 2488/19/55 2517/19/55 2518/16/55 2486/16/55
f 2505/17/54 2521/17/54 2522/18/54 2506/18/54
f 2491/16/54 2520/16/54 2519/19/54 2492/19/54
f 2513/20/53 2527/20/53 2525/20/53 2509/20/53
f 2507/17/53 2523/17/53 2521/17/53 2505/17/53
f 2506/18/52 2522/18/52 2524/18/52 2508/18/52
f 2486/16/53 2518/16/53 2520/16/53 2491/16/53
