# Blender 4.3.2
# www.blender.org
mtllib untitled.mtl
o Soldat
v 0.710914 14.381226 2.900794
v 3.027879 14.897572 2.182779
v 3.628423 14.578368 -0.122052
v 2.086262 13.798312 -2.276459
v 0.795033 15.376420 2.677730
v 2.799281 15.842415 1.910744
v 3.437684 15.651295 -0.321786
v 1.941886 15.681512 -2.152070
v 1.122960 16.692669 2.584300
v 2.599542 16.643854 1.837617
v 3.268144 16.739040 -0.113006
v 2.005702 16.818335 -2.123594
v 1.406464 22.282829 2.659962
v 2.446175 22.317333 2.626214
v 4.803952 23.261044 0.674152
v 2.490823 23.326347 -2.134695
v 2.277808 21.093481 -2.364081
v 2.023362 19.112474 -1.872381
v 2.438486 18.667402 1.980064
v 2.658220 20.580719 2.189397
v 1.026798 20.731142 2.511270
v 1.094064 18.792046 2.486876
v 3.707734 21.040504 0.459483
v 3.192541 18.980343 0.183380
v 1.352084 24.176445 2.291543
v 2.444277 23.758034 2.504803
v 4.523428 24.767612 0.665782
v 2.448953 24.924511 -1.617951
v 1.145858 25.508465 1.252377
v 3.109918 24.859589 2.165681
v 3.831504 25.405777 1.477757
v 2.333787 25.959389 -0.949932
v 2.370494 21.793310 -2.277541
v -0.106929 24.458191 10.295533
v -0.705836 24.624016 11.103020
v -0.086412 23.893951 10.363778
v -0.655444 24.120186 11.083338
v -0.572410 23.352854 10.079833
v -1.120165 23.521036 10.830165
v -1.288009 23.489922 9.556878
v -1.848245 23.567072 10.291892
v -1.353364 24.256674 9.429825
v -1.913187 24.390968 10.170629
v -0.936875 24.994627 9.661386
v -1.533723 25.088984 10.593678
v -0.250403 24.936876 10.149799
v -0.859965 24.968267 10.955384
v 0.101426 24.525280 10.297245
v 0.123470 23.812517 10.390300
v -0.491324 23.130077 10.035167
v -1.389875 23.303423 9.369160
v -1.466700 24.271355 9.199415
v -0.938462 25.203857 9.485154
v -0.075802 25.130169 10.106627
v 2.340078 23.953772 7.355105
v 2.393938 23.245104 7.410889
v 1.793198 22.570055 7.058428
v 0.886546 22.742828 6.430012
v 0.779891 23.706255 6.287165
v 1.270920 24.631552 6.609706
v 2.138590 24.555477 7.199652
v 2.872309 23.966381 6.908353
v 2.942711 23.112976 6.962513
v 2.212723 22.295256 6.549857
v 1.096987 22.499001 5.828565
v 0.961064 23.658823 5.675048
v 1.555651 24.779520 6.052086
v 2.620424 24.690771 6.736703
v 4.924000 24.232903 2.248188
v 4.899706 23.138844 2.029869
v 3.833659 22.298223 2.046678
v 2.778638 22.749121 2.008925
v 2.602222 24.108593 1.898811
v 3.332987 25.356613 2.056264
v 4.641156 25.141346 2.275251
v 1.780212 22.572725 4.843794
v 2.912356 22.402281 5.334190
v 3.519735 23.147602 5.664500
v 3.426462 23.908745 5.645294
v 3.157280 24.550707 5.549972
v 2.118399 24.612841 5.089015
v 1.594553 23.604979 4.777623
v 1.911158 6.987730 3.842966
v 2.884431 6.895113 3.184482
v 2.912066 7.578938 3.148358
v 1.334197 7.439857 2.448568
v 1.107317 6.867434 3.111248
v 1.390391 7.353624 1.683227
v 3.120979 6.658958 1.857851
v 2.990276 7.321434 2.020478
v 1.853028 7.724364 4.201325
v 1.100870 7.525620 3.406783
v 1.865354 8.377649 3.937810
v 0.892217 7.937699 2.742012
v 1.268320 6.647715 1.530804
v 3.082275 8.135591 3.321796
v 0.735871 12.067164 -1.364590
v 3.639631 13.215887 -0.124825
v 1.235416 13.487572 2.505482
v 0.040545 12.550725 1.200413
v 3.351235 13.806146 1.788710
v 2.043699 12.479679 -1.401565
v 2.209805 7.362665 1.843180
v 2.203022 3.383505 3.320853
v 2.946616 3.378508 2.822405
v 1.589426 3.398865 2.769539
v 3.001252 3.389609 1.803284
v 1.843691 3.408898 1.593058
v 1.510770 3.993639 1.402444
v 1.293968 4.088831 2.830877
v 2.033130 4.108994 3.494959
v 2.927988 4.087277 2.894781
v 3.079854 3.990352 1.677781
v 3.112847 5.333673 1.650937
v 1.402242 5.328824 1.354316
v 0.842750 14.366433 2.628057
v 2.852383 14.781058 2.002765
v 3.371159 14.488969 -0.015518
v 1.985858 13.649753 -2.098759
v -0.344701 13.224056 1.994306
v 0.308731 13.732920 2.517077
v 0.956239 -0.311814 5.697548
v 0.987550 0.750345 5.583468
v 1.139009 -0.297500 4.243619
v 1.233293 0.915753 4.267364
v 2.543941 -0.337232 5.896891
v 2.574540 0.675947 5.782242
v 2.726711 -0.322918 4.442965
v 2.646387 0.844138 4.444306
v 1.242787 0.010102 3.456228
v 1.392114 1.546511 3.490057
v 2.830489 -0.015317 3.655574
v 2.691701 1.525705 3.653230
v 1.310284 0.015387 2.919300
v 1.340539 1.553703 2.938181
v 2.897985 -0.010031 3.118646
v 2.910323 1.528572 3.135278
v 1.331297 -0.231313 2.720504
v 1.457449 1.197644 1.961657
v 2.918999 -0.256731 2.919850
v 3.027233 1.172513 2.158753
v 1.475412 -0.220027 1.574093
v 1.622719 1.177443 1.606307
v 3.063113 -0.245445 1.773439
v 2.922306 1.156637 1.769479
v 0.830784 0.181992 5.686617
v 1.011454 0.051892 4.231009
v 2.864360 0.022228 4.463652
v 2.683689 0.152328 5.919259
v 1.114235 0.290874 3.442819
v 2.967140 0.261210 3.675462
v 1.181732 0.296159 2.905891
v 3.034637 0.266495 3.138536
v 1.202745 0.049459 2.707095
v 3.055650 0.019795 2.939739
v 1.359956 0.061771 1.456501
v 3.212861 0.032107 1.689145
v 1.650322 -0.305686 4.307818
v 1.684840 0.962950 4.361447
v 1.455547 -0.320940 5.857248
v 1.486858 0.741219 5.743168
v 1.754100 0.001916 3.520426
v 1.801095 1.539063 3.618539
v 1.821597 0.007201 2.983499
v 2.979021 3.649580 3.565371
v 1.842610 -0.239498 2.784702
v 1.784446 3.675797 3.495888
v 1.995344 -0.227538 1.569727
v 2.049865 1.171418 1.590292
v 1.965296 0.052893 1.462859
v 1.415499 0.171499 5.857040
v 1.874106 2.945658 3.123156
v 2.755678 2.926920 3.181350
v 2.951145 2.891087 2.834706
v 1.391877 2.916050 2.638930
v 1.464797 2.947587 3.019271
v 3.033271 2.830552 2.172870
v 1.474003 2.855515 1.977094
v 2.045048 2.819657 1.745576
v 2.914415 2.809915 1.902130
v 1.623533 2.830581 1.740051
v 1.887039 3.616907 2.859013
v 3.251791 3.595058 3.030366
v 1.140944 3.628852 2.765337
v 1.231501 3.677557 3.345958
v 2.012989 3.524070 1.844019
v 3.377740 3.502221 2.015373
v 1.266894 3.536014 1.750342
v 2.046604 3.482560 1.383225
v 3.222461 3.470141 1.603553
v 1.474941 3.498118 1.384141
v 2.637809 2.124671 3.534468
v 1.456407 2.143807 3.404088
v 1.449443 2.027920 3.444789
v 2.631104 2.009235 3.573171
v 1.995023 2.134180 3.539203
v 2.008658 2.018191 3.581475
v 2.661109 2.482556 3.394480
v 1.479707 2.501691 3.264100
v 1.472743 2.385804 3.304801
v 2.654404 2.367120 3.433182
v 2.018322 2.492065 3.399215
v 2.031958 2.376076 3.441486
v 2.618735 1.791120 3.643902
v 1.437333 1.810257 3.513522
v 1.430369 1.694369 3.554222
v 2.612029 1.675684 3.682605
v 1.975948 1.800630 3.648637
v 1.989583 1.684641 3.690908
v 2.581961 1.425997 3.890286
v 1.400655 1.446887 3.759361
v 1.388579 1.358734 3.844317
v 2.570129 1.337416 3.973239
v 1.940661 1.470895 3.887689
v 1.949177 1.382200 3.974213
v 2.345732 0.724590 4.404999
v 2.387882 1.550745 3.701123
v 1.468775 0.788863 4.295384
v 1.581103 1.563662 3.599827
v 1.646559 2.851559 3.157336
v 2.447865 2.833936 3.257899
v 1.722591 3.370038 3.485344
v 2.309489 3.355847 3.558986
v 1.552534 30.435829 1.342907
v 1.946165 27.890373 -1.176719
v 1.621096 30.610542 -0.321253
v 1.602059 29.815262 2.226020
v 1.210344 26.461096 2.464242
v 1.513580 28.124426 2.434226
v 1.410713 26.277349 2.260627
v 1.998675 29.264900 -1.413068
v 1.612260 26.655775 0.805733
v -0.793521 14.109932 2.725628
v -1.990521 14.347425 1.994021
v -3.476979 14.695286 0.492079
v -3.204079 14.738956 -1.869157
v 0.762901 13.953980 -2.915516
v -0.841278 14.076331 -3.340978
v -0.761830 15.136165 2.486797
v -2.069618 15.322536 1.734119
v -3.228298 15.718813 0.365639
v -2.912951 15.807375 -1.955571
v 0.786079 15.702044 -2.653437
v -0.482924 15.783593 -2.966904
v -0.752783 16.742458 2.304621
v -2.366615 16.666634 1.439245
v -3.090808 16.635851 0.207557
v -2.731169 16.822365 -1.883810
v 0.829761 16.781010 -2.654169
v -0.427597 16.876532 -2.945871
v -0.862757 22.507378 2.284059
v -2.891951 22.551767 1.187115
v -3.620542 22.770872 0.209358
v -3.373347 23.009033 -3.295504
v 1.106090 23.239725 -2.884122
v -0.375529 23.332645 -3.249583
v 0.809700 19.071136 -2.408480
v 0.986315 21.042725 -2.845145
v -0.359211 21.128908 -3.321134
v -0.485368 19.111458 -2.735656
v -3.167200 18.675615 0.142192
v -3.206425 20.772554 -0.084904
v -2.395520 20.781218 1.303923
v -2.381784 18.790535 1.318432
v -2.751855 21.180609 -2.315652
v -2.598062 19.092865 -1.899825
v -0.765766 20.855412 2.182572
v -0.761323 18.882540 2.197762
v -0.711934 24.203203 1.701414
v -3.008012 24.359695 0.709651
v -3.951193 24.144928 -0.041550
v -3.485076 24.563978 -3.080592
v 1.050862 24.863636 -2.294735
v -0.406544 24.924709 -2.724788
v -0.368410 25.311275 0.652538
v -2.001357 25.508467 0.075304
v -4.117532 24.980602 -0.968938
v -3.924780 25.345203 -2.005343
v 0.801808 25.913080 -1.708388
v -0.854458 25.971266 -2.266772
v -0.812596 21.967613 2.187728
v -0.387242 21.821505 -3.312764
v -5.474650 23.488020 5.499967
v -5.326125 24.111086 6.292409
v -5.063318 23.123280 5.645619
v -4.968915 23.755089 6.341790
v -4.306892 23.142889 5.453164
v -4.185206 23.723873 6.187311
v -3.896222 23.749569 4.935820
v -3.694937 24.282209 5.667832
v -4.427307 24.272030 4.704946
v -4.270838 24.840525 5.434713
v -5.284431 24.426193 4.819991
v -5.098012 25.011238 5.745875
v -5.733279 23.889502 5.292879
v -5.474699 24.436522 6.102465
v -5.657434 23.368320 5.486658
v -5.136248 22.911036 5.677527
v -4.181445 22.937403 5.437805
v -3.665559 23.699329 4.778765
v -4.338387 24.353842 4.477899
v -5.421840 24.546673 4.616424
v -5.986004 23.872051 5.218460
v -6.262965 21.059067 2.566203
v -5.761311 20.557266 2.669031
v -4.831784 20.572105 2.458977
v -4.331972 21.342638 1.907498
v -4.953818 22.060106 1.612979
v -6.012938 22.279787 1.789944
v -6.575333 21.595366 2.358246
v -6.508635 20.604584 1.878335
v -5.872105 20.039137 1.966877
v -4.773001 20.070425 1.865034
v -4.232494 20.991714 1.480906
v -5.028321 21.798239 1.175322
v -6.279292 22.062149 1.248542
v -6.916662 21.225132 1.701220
v -4.442327 23.347807 -2.826144
v -3.863671 22.648102 -2.738946
v -3.032446 22.624344 -1.827050
v -4.001400 23.383270 -0.396811
v -3.861209 24.598370 -0.579457
v -4.943823 24.880527 -1.370711
v -5.090086 23.999050 -2.574537
v -4.197336 21.389885 1.061092
v -4.412917 20.547632 0.440119
v -5.274283 20.511082 -0.068369
v -5.872965 20.979031 -0.093756
v -6.317668 21.490860 0.029216
v -5.982211 22.241308 0.773632
v -4.927145 22.076750 1.197237
v -2.758146 6.404500 0.881600
v -3.471267 6.552482 -0.043844
v -3.525928 7.237080 0.132987
v -1.816819 7.111290 -0.036482
v -1.763990 6.467257 0.446083
v -1.669482 6.868903 -0.739563
v -3.280412 6.717818 -1.356650
v -3.249758 7.223981 -0.966535
v -2.849655 7.087181 1.450639
v -1.884092 7.022192 0.912067
v -2.789582 7.824432 1.350026
v -1.487634 7.559774 0.498124
v -1.451516 6.609814 -1.016191
v -3.748986 7.763826 0.353697
v 0.026765 12.156919 -2.249933
v -3.232753 13.411673 -2.071508
v -1.956361 13.175356 1.261188
v -0.668667 12.505744 0.863051
v -3.576380 13.640568 -0.098481
v -1.264148 12.778417 -2.816188
v -2.480503 7.079790 -0.848394
v -2.636685 3.154043 -0.869887
v -3.186226 3.346094 -1.549981
v -1.884237 3.322473 -1.163387
v -2.921447 3.693858 -2.472293
v -1.759679 3.729792 -2.289185
v -1.422006 4.329331 -2.164148
v -1.667245 3.940161 -0.791243
v -2.576127 3.773760 -0.425152
v -3.236348 3.990173 -1.248998
v -2.995256 4.305353 -2.413499
v -3.107970 5.577190 -2.001595
v -1.438721 5.508861 -1.629809
v -0.688755 14.076655 2.397553
v -1.921796 14.295822 1.687774
v -3.238001 14.588875 0.380497
v -3.004730 14.622468 -1.683177
v 0.626683 13.275325 -2.533996
v -0.850216 13.923592 -3.163844
v 0.446380 12.844519 -1.975648
v -0.311252 12.467675 1.017860
v -0.751205 13.201750 1.833199
v -0.548580 13.206179 1.907451
v -1.454438 13.634446 1.870535
v 0.688964 13.767271 -2.689432
v -2.045826 0.078575 1.144480
v -2.038577 1.134166 0.977524
v -1.767135 0.026134 -0.293235
v -1.861970 1.196943 -0.364862
v -3.616785 0.041373 0.841320
v -3.608753 1.048021 0.676300
v -3.338094 -0.011067 -0.596394
v -3.260041 1.133567 -0.630172
v -1.618065 0.283274 -1.102585
v -1.780188 1.683854 -1.139639
v -3.188181 0.243032 -1.411137
v -3.064608 1.661680 -1.394998
v -1.509835 0.254258 -1.665988
v -1.574158 1.594866 -1.573622
v -3.079851 0.218140 -1.974472
v -3.122117 1.586823 -1.899529
v -1.463541 0.004558 -1.876696
v -1.366027 1.495567 -2.565783
v -3.034416 -0.029183 -2.179805
v -2.914071 1.458156 -2.895830
v -1.217471 0.127316 -3.137775
v -1.411157 1.590156 -2.940826
v -2.788635 0.088791 -3.439953
v -2.691689 1.463779 -3.235268
v -1.922494 0.573011 1.150358
v -1.641490 0.376261 -0.281647
v -3.474857 0.332846 -0.635445
v -3.755860 0.529596 0.796559
v -1.490340 0.549988 -1.096344
v -3.323122 0.506601 -1.453543
v -1.382580 0.521603 -1.656908
v -3.214081 0.478436 -2.021532
v -1.337997 0.280145 -1.856358
v -3.171054 0.241559 -2.211195
v -1.076263 0.431530 -3.190265
v -2.910169 0.380685 -3.542096
v -2.273056 0.014154 -0.390867
v -2.320344 1.231357 -0.419642
v -2.570054 0.070039 1.141286
v -2.562805 1.125630 0.974330
v -2.126260 0.285229 -1.184781
v -2.205479 1.719816 -1.157348
v -2.018754 0.252330 -1.744572
v -3.460397 3.376432 -0.836906
v -1.972052 -0.002754 -1.958512
v -2.311770 3.357935 -0.493302
v -1.709196 0.128856 -3.306819
v -1.810740 1.599153 -3.093269
v -1.651799 0.436185 -3.378867
v -2.531228 0.562474 1.130856
v -2.230053 2.809135 -1.112950
v -3.080528 2.818051 -1.357031
v -3.160706 2.887647 -1.712877
v -1.625002 2.902054 -1.377153
v -1.811292 2.821141 -1.068042
v -3.028842 3.046152 -2.348346
v -1.493390 3.065117 -2.010438
v -1.960461 3.132689 -2.408253
v -2.829843 3.107702 -2.563542
v -1.559776 3.126115 -2.276973
v -2.208199 3.511986 -1.106327
v -3.550839 3.502501 -1.408332
v -1.472381 3.520943 -0.951173
v -1.741277 3.382956 -0.450571
v -2.005686 3.763497 -2.081218
v -3.349946 3.746536 -2.374969
v -1.269869 3.772455 -1.926063
v -1.891447 3.877236 -2.516182
v -3.072848 3.843592 -2.701634
v -1.350699 3.866257 -2.330400
v -2.967456 2.394903 -1.543945
v -1.804097 2.423600 -1.301334
v -1.810307 2.309726 -1.255194
v -2.973289 2.281388 -1.499803
v -2.358032 2.412966 -1.340064
v -2.384308 2.298791 -1.298832
v -2.945534 2.745914 -1.700566
v -1.782175 2.774610 -1.457955
v -1.788385 2.660737 -1.411815
v -2.951368 2.632399 -1.656424
v -2.336111 2.763977 -1.496685
v -2.362386 2.649802 -1.455452
v -2.983851 2.066793 -1.418765
v -1.820492 2.095492 -1.176154
v -1.826703 1.981617 -1.130014
v -2.989685 1.953279 -1.374622
v -2.374428 2.084856 -1.214884
v -2.400704 1.970682 -1.173651
v -3.026082 1.713436 -1.156619
v -1.862642 1.743860 -0.914636
v -1.877723 1.659718 -0.826171
v -3.040773 1.628773 -1.070113
v -2.415739 1.766506 -0.961791
v -2.450879 1.681624 -0.878214
v -2.962721 1.038618 -0.562249
v -2.782603 1.832203 -1.281606
v -2.095094 1.109367 -0.396648
v -1.984331 1.851106 -1.127559
v -1.907030 3.117219 -1.627292
v -2.699879 3.093651 -1.780118
v -2.080605 3.648688 -1.363427
v -2.661307 3.630144 -1.475314
v -1.473961 30.435829 1.218218
v -1.659001 27.890373 -1.325248
v -1.405399 30.610542 -0.445942
v 0.157487 27.889418 -1.588440
v 0.116755 30.985533 -0.599786
v 0.033428 30.866859 1.422764
v -1.595960 29.815262 2.094265
v -1.225168 26.461096 2.363901
v -0.023179 26.143080 2.796759
v -0.009100 30.115217 2.455038
v -1.524908 28.124426 2.309044
v -0.022512 28.119022 2.780584
v -1.408113 26.277349 2.144495
v 0.005437 25.755053 2.102185
v -1.691890 29.264900 -1.565115
v 0.167685 29.526018 -1.835977
v 0.109506 24.642792 -0.393834
v -1.489300 26.655775 0.677952
v 0.038127 25.824768 1.209286
v 1.222669 27.075451 -0.708366
v 0.131238 27.074892 -0.951321
v 1.134217 26.352337 0.457195
v 0.887946 26.130686 1.311890
v -0.976479 27.075451 -0.798969
v -0.984204 26.352337 0.369918
v -0.833574 26.130686 1.233138
v 0.040645 24.319138 0.543736
v 1.249766 25.569824 -1.366078
v 0.158335 25.569267 -1.609032
v 1.155727 24.846706 -0.180771
v 0.816097 24.625055 0.715234
v -0.949382 25.569824 -1.456681
v -0.957107 24.846706 -0.287793
v -0.811094 24.625055 0.568425
v 1.810465 28.284630 1.484870
v -1.742663 28.290440 1.337195
v -1.532195 5.206230 -0.194043
v -3.499143 5.279744 -0.764883
v -2.672390 5.015897 0.270154
v 1.004533 5.468150 2.895304
v 3.113487 5.477932 2.977912
v 1.958747 5.514019 3.752566
v -1.674194 30.349808 2.085226
v -0.922533 31.409958 0.968426
v -1.694735 29.059078 -1.871529
v -0.842390 31.130178 -0.976846
v 1.680770 30.349808 2.223447
v 1.023522 31.409958 1.048601
v 2.026717 29.059078 -1.718209
v 1.103666 31.130178 -0.896671
v 0.196386 29.047968 -2.532630
v 0.137339 31.243998 -1.099408
v -0.028084 30.495996 2.915812
v 0.042975 31.618505 1.191038
v -2.316402 29.365946 -0.035639
v -1.135025 31.407202 -0.015004
v 2.495261 29.365946 0.162597
v 1.316190 31.407202 0.085984
v 0.090608 31.622986 0.034880
v -1.840412 29.938753 2.475465
v -1.493675 30.928858 1.826753
v -1.487268 30.290937 -1.731900
v 1.808468 30.290937 -1.596119
v 1.522126 30.928858 1.951001
v -0.003951 31.131456 2.330043
v 0.189414 30.215782 -2.363404
v 2.270036 30.609684 0.126564
v -2.088976 30.609684 -0.053023
v -2.343612 28.233126 0.271370
v -0.041299 30.251656 3.236581
v 0.192270 28.018318 -2.432726
v 2.018589 27.559591 -1.520921
v 1.814325 29.938753 2.626037
v -1.702863 27.559591 -1.674241
v 2.468051 28.233126 0.469606
v -2.045090 29.363882 1.331056
v 2.056131 29.363882 1.500023
v -2.138142 29.661255 2.759175
v -2.621537 27.475237 0.320470
v -0.055833 30.108799 3.784671
v 0.212153 27.200418 -2.915323
v 2.330015 26.804720 -2.010321
v 2.087709 29.661255 2.933277
v -1.972976 26.804720 -2.187600
v 2.769067 27.475237 0.542557
v -2.578741 28.971436 1.333453
v 2.643328 28.971436 1.548597
v -2.133955 29.160137 2.898229
v -2.577068 26.956968 0.364378
v -0.051690 29.231596 3.924788
v 0.216340 26.699303 -2.776270
v 2.338184 26.286448 -1.967909
v 2.091897 29.160137 3.072330
v -1.964807 26.286448 -2.145187
v 2.742940 26.956968 0.583557
v -2.573892 28.470314 1.472534
v 2.648177 28.470314 1.687678
v -1.603264 28.886826 2.398206
v -1.938097 27.139368 0.437443
v -0.022608 28.941071 3.177471
v 0.180842 26.913992 -1.909033
v 1.792773 26.393814 -1.325267
v 1.604597 28.886826 2.530367
v -1.473645 26.393814 -1.459840
v 2.100344 27.139368 0.603822
v -1.937222 28.363180 1.315955
v 2.026872 28.363180 1.479272
v 0.455609 27.851948 2.856118
v 0.455766 29.197214 2.852317
v 1.622656 27.915161 2.673258
v 1.622798 29.132696 2.669818
v 1.918000 27.930672 2.005349
v 1.918123 28.985153 2.002370
v 0.449910 27.852341 2.994447
v 0.450067 29.197607 2.990646
v 1.686597 27.915520 2.802909
v 1.686738 29.133059 2.799469
v 2.036828 28.045149 2.053799
v 2.036924 28.870922 2.051465
v 0.455812 29.597107 2.851187
v 1.622844 29.532591 2.668688
v 1.918169 29.385040 2.001240
v 0.450096 29.447582 2.989940
v 1.686768 29.383030 2.798762
v 1.982092 29.235481 2.131314
v 0.386904 27.409527 2.849531
v 1.553951 27.472738 2.666671
v 1.926156 27.594006 2.001630
v 0.381218 27.523048 2.987540
v 1.617905 27.586227 2.796003
v 1.990111 27.707497 2.130961
v 2.025623 28.865547 1.546151
v 2.007634 28.102745 1.540119
v 2.123168 28.820551 1.833195
v 2.123084 28.103565 1.835221
v 2.014282 29.185783 1.668804
v 2.071733 28.990522 1.830595
v 2.077299 27.951555 1.826004
v 1.893621 27.923683 1.675711
v -0.505226 27.851948 2.816533
v -0.505070 29.197214 2.812732
v -0.024652 29.197214 2.832524
v -0.024758 28.284595 2.835103
v -1.653277 27.915161 2.538293
v -1.653135 29.132696 2.534853
v -1.892678 27.930672 1.848354
v -1.892556 28.985153 1.845374
v -0.510926 27.852341 2.954862
v -0.510769 29.197607 2.951061
v -0.030351 29.197607 2.970853
v -0.030457 28.284988 2.973432
v -1.727666 27.915520 2.662245
v -1.727524 29.133059 2.658805
v -2.015089 28.045149 1.886864
v -2.014993 28.870922 1.884531
v -0.505023 29.597107 2.811602
v -0.024606 29.597107 2.831395
v -1.653088 29.532591 2.533723
v -1.892509 29.385040 1.844244
v -0.510740 29.447582 2.950354
v -0.030322 29.447582 2.970147
v -1.727495 29.383030 2.658099
v -1.966916 29.235481 1.968619
v -0.024612 27.774870 2.831543
v -0.436212 27.409527 2.815620
v -1.584263 27.472738 2.537380
v -1.900502 27.594006 1.843975
v -0.030298 27.888395 2.969552
v -0.441898 27.523048 2.953629
v -1.658638 27.586227 2.661013
v -1.974877 27.707497 1.967608
v -1.962164 28.865547 1.381858
v -1.943740 28.102745 1.377326
v -2.082991 28.820551 1.659906
v -2.083074 28.103565 1.661932
v -1.960951 29.185783 1.505028
v -2.031516 28.990522 1.661546
v -2.036685 27.951555 1.656512
v -1.841267 27.923683 1.521837
v 2.656652 11.149974 3.460380
v 2.444503 13.645154 2.839327
v 2.029319 10.834701 2.700413
v 1.934893 13.398603 2.172723
v 3.598442 10.958775 2.754924
v 3.715458 13.445255 2.075823
v 3.166921 10.771840 2.255871
v 3.058047 13.190489 1.391028
v 3.177031 12.960265 0.684698
v 3.265876 10.580371 1.668433
v 3.917150 10.710094 1.965145
v 3.960122 13.116245 1.041463
v 2.717532 11.927540 3.497689
v 1.994682 11.579282 2.578083
v 3.331076 11.472874 2.049391
v 3.840687 11.719424 2.715995
v 3.450061 11.242652 1.343062
v 4.233150 11.398629 1.699824
v 2.329820 13.583932 3.108600
v 1.722741 13.290225 2.314501
v 3.843859 13.345800 2.199071
v 3.060714 13.042310 1.383300
v 3.201646 12.896688 0.490349
v 4.134510 13.082500 0.915349
v 2.312556 14.077381 2.936035
v 1.705479 13.783672 2.141933
v 3.042502 13.686704 1.150268
v 3.825648 13.990200 1.966041
v 3.185191 13.261499 0.369308
v 4.118054 13.447312 0.794309
v -3.526407 9.713534 1.351863
v -3.101199 12.673272 1.239135
v -2.716650 9.276207 0.819663
v -2.405674 12.525603 0.729945
v -4.196596 9.702773 0.366015
v -4.065450 12.681623 0.095308
v -3.655858 9.354319 0.040255
v -3.223855 12.521497 -0.386461
v -3.112543 12.429770 -1.124865
v -3.563283 9.278029 -0.573857
v -4.248418 9.618449 -0.515658
v -3.969344 12.558944 -1.006365
v -3.554061 10.881257 1.443726
v -2.575679 10.668523 0.745904
v -3.676717 10.729483 -0.181870
v -4.372244 10.877152 0.327320
v -3.565406 10.637755 -0.920273
v -4.422204 10.766928 -0.801775
v -3.076662 12.558325 1.514074
v -2.248110 12.382409 0.907496
v -4.225338 12.568271 0.151480
v -3.222780 12.377521 -0.422434
v -3.074202 12.403881 -1.325559
v -4.094875 12.557759 -1.184394
v -3.009839 13.073321 1.451733
v -2.181288 12.897407 0.845152
v -3.137210 13.051678 -0.512345
v -4.139770 13.242431 0.061573
v -3.023354 12.783246 -1.364411
v -4.044027 12.937124 -1.223245
v 1.021731 24.473345 5.529866
v 1.693097 24.309513 3.302883
v 1.516510 23.727394 5.800514
v 2.138609 23.692577 3.516723
v 1.839396 25.113710 5.816838
v 2.636513 25.221998 3.628106
v 2.161241 24.608183 5.974882
v 3.063235 24.471640 3.837968
v 3.689321 24.393333 4.091544
v 2.681940 24.543056 6.185774
v 2.582842 25.188267 6.107978
v 3.570168 25.169130 3.998002
v 1.059131 24.587162 4.834414
v 1.668583 23.718288 5.135069
v 2.429271 24.749289 5.369498
v 1.983757 25.366226 5.155655
v 3.055354 24.670986 5.623073
v 2.936205 25.446787 5.529532
v 1.427738 24.269077 3.334295
v 1.958462 23.534151 3.589035
v 2.551594 25.356092 3.721718
v 3.059934 24.462221 3.971720
v 3.859700 24.364702 4.160846
v 3.717760 25.288883 4.049415
v 1.609526 24.246439 2.898537
v 2.140251 23.511513 3.153277
v 3.305014 24.434616 3.403421
v 2.796674 25.328487 3.153416
v 3.987554 24.346291 3.838038
v 3.845609 25.270473 3.726605
v 1.078834 16.386969 2.402925
v 2.586673 16.568634 2.026837
v 3.586669 17.209038 0.004463
v 2.712406 17.312550 -2.120074
v 2.813783 17.442911 -2.537453
v 3.847769 17.335838 -0.013001
v 0.941131 16.498846 2.776138
v 2.705792 16.690039 2.332593
v 2.808956 23.911942 -2.878452
v 4.627243 23.827173 -0.689594
v 1.516007 23.245377 2.818266
v 2.797960 22.742908 3.131653
v 2.646216 19.615129 -2.377621
v 2.792959 20.935188 2.224561
v 1.115515 19.028618 2.481236
v 3.616635 19.464003 0.035241
v 2.891812 21.654922 -2.996857
v 2.632451 18.960381 2.109287
v 1.001732 21.007872 2.541468
v 3.841394 21.439939 -0.105424
v 2.493607 25.505733 -2.271454
v 4.085727 25.334494 -0.901722
v 1.759219 24.520828 2.595567
v 2.981786 24.030176 2.931991
v 3.219497 21.137383 -2.544288
v 3.309499 20.198551 -1.846948
v 2.820441 19.032274 2.403795
v 3.020813 20.901316 2.527037
v 0.834478 20.948931 2.736604
v 0.916176 19.084423 2.738602
v 4.210126 21.389519 -0.092252
v 3.929889 19.518015 0.068179
v 0.576808 24.478144 2.067487
v 1.985622 25.281002 1.842235
v 0.783884 25.243813 1.324305
v 1.451392 24.417517 0.492578
v 1.186903 24.673473 0.684243
v 1.831389 24.464344 0.943947
v 1.571503 24.718063 1.131848
v 2.457484 25.672512 -1.120656
v 1.900919 25.306946 -0.123388
v 1.771832 25.838207 -0.131995
v 2.432225 26.303968 -1.295989
v 2.246226 25.367260 0.343357
v 2.871835 25.761154 -0.646882
v 3.021971 26.402752 -0.689027
v 2.150699 25.889452 0.318096
v 3.743546 25.448341 -1.044884
v 0.907582 16.514172 2.919419
v 1.372547 23.257837 3.210497
v 0.970204 19.035976 2.882220
v 0.855539 21.015701 2.941714
v 0.637332 25.228991 1.163808
v 0.460734 25.683630 1.363888
v 0.996228 25.595509 0.647739
v 0.819630 26.050150 0.847818
v 1.650986 25.292616 1.913931
v 1.474387 25.747253 2.114011
v 2.009882 25.659132 1.397862
v 1.833284 26.113775 1.597941
v 2.339006 25.489887 -2.025154
v 3.935497 25.329885 -0.774735
v 3.610384 25.442682 -0.896645
v 4.357858 23.833641 -0.449099
v 3.574885 21.153360 0.112831
v 0.661530 24.455999 1.753079
v 2.776443 22.743282 2.526496
v 2.761920 20.925993 1.640251
v 3.178226 24.003086 2.547910
v 2.185441 25.247305 1.479836
v 2.698525 16.680885 2.347398
v 2.591524 18.861439 2.284829
v 2.368289 18.859642 1.943167
v 3.252964 19.399651 0.257355
v -0.491075 16.320892 2.087896
v -1.794865 16.333017 1.142247
v -2.600814 16.483904 -0.229606
v -1.529104 17.002258 -2.252041
v 1.738369 17.222767 -2.691656
v 0.638927 17.224165 -3.040695
v 0.871855 17.358976 -3.401377
v -1.716912 17.113277 -2.464369
v -1.975458 16.443394 1.496469
v -0.670707 16.432356 2.495743
v -2.887505 16.593081 -0.109246
v 1.909831 17.352932 -3.100440
v 0.701948 23.753567 -3.883670
v -2.143294 23.264328 -3.980604
v -2.870642 23.170601 0.867981
v -0.713367 23.685118 1.873444
v -3.913580 22.625647 0.154798
v 1.789925 23.780434 -3.429745
v 1.869362 21.547180 -3.386072
v 0.675182 19.524918 -3.261751
v -3.103102 20.797768 -0.371083
v -2.029224 18.959343 1.096011
v -1.889514 19.269552 -2.370775
v 1.731032 19.529055 -2.943061
v 0.890941 21.538237 -3.926651
v -2.757635 18.828875 -0.258128
v -2.144879 20.941216 1.149999
v -2.126414 21.232544 -2.718161
v 0.148687 25.343117 -3.319506
v -2.002080 24.847486 -3.767613
v -2.972525 24.453707 0.498152
v -0.605731 24.432661 1.561129
v -3.990101 23.922642 -0.164873
v 1.383808 25.376602 -2.868195
v 0.317016 20.988300 -3.867188
v -0.238869 20.039093 -3.434412
v -3.104655 18.888729 -0.199771
v -3.471295 20.747986 -0.331151
v -2.168842 20.884609 1.408713
v -2.085741 19.017855 1.415641
v -2.382599 21.163752 -2.977806
v -2.136685 19.307951 -2.582976
v -1.780590 24.442184 1.025053
v -2.633827 25.231848 -0.193007
v -1.427272 25.213762 0.362245
v -1.562859 24.962170 -0.153431
v -1.674563 25.284470 0.207395
v -2.200613 24.828119 -0.255085
v -2.312950 25.154453 0.100674
v -0.915342 25.562019 -2.406283
v -1.569379 25.654495 -1.065948
v -1.632063 26.139242 -1.009773
v -0.881451 26.165234 -2.575879
v -2.172006 25.499479 -1.136499
v -1.640623 25.542458 -2.458733
v -1.829812 26.125544 -2.712983
v -2.252498 26.005056 -1.110326
v -1.680573 25.034325 -3.562425
v -2.056591 16.457628 1.618584
v -0.728653 16.446827 2.629134
v -3.058686 23.180882 1.238127
v -0.878105 23.696793 2.254756
v -2.226692 18.967749 1.473028
v -0.746278 19.111607 2.427323
v -2.342187 20.950375 1.525916
v -0.810439 22.217409 2.247687
v -0.784560 21.104832 2.308621
v -1.682227 25.228991 0.485312
v -1.750752 25.683630 0.743233
v -1.451890 25.595509 -0.099564
v -1.520415 26.050146 0.158357
v -2.868626 25.292616 0.057954
v -2.937151 25.747255 0.315875
v -2.638290 25.659134 -0.526922
v -2.706815 26.113777 -0.269001
v 0.047599 25.351925 -3.011434
v 1.256506 25.372463 -2.591444
v -2.014456 24.869997 -3.548052
v -1.743110 25.055101 -3.334332
v -2.137115 23.284718 -3.601068
v -2.159761 20.995989 -2.380215
v -0.474993 24.412109 1.265335
v -1.608069 24.422340 0.751953
v -3.459433 22.637487 -0.226053
v -2.666905 20.808908 -0.743863
v -3.841295 23.897118 -0.568762
v -2.506332 25.205595 -0.582482
v -2.917628 16.589949 -0.093432
v -3.021708 18.800539 -0.098670
v -2.627274 18.806335 -0.178045
v -1.802096 19.224987 -1.949621
v -2.604420 24.863674 11.963494
v -2.709182 24.528049 12.449803
v -3.180626 24.003841 11.002378
v -3.319215 23.685495 11.468614
v -3.525032 26.465263 11.752245
v -3.817097 26.426243 12.020006
v -4.005143 25.166492 10.799209
v -4.261182 25.106966 10.995810
v -3.045746 24.267628 11.277478
v -3.185622 23.897474 11.805744
v -3.933085 25.576777 10.913536
v -4.249526 25.511692 11.153610
v -2.964509 24.528698 11.683425
v -4.101621 26.131035 11.649414
v -2.825520 24.099205 12.108368
v -3.813420 26.166073 11.387391
v -3.893913 24.434931 11.100114
v -4.023657 24.179907 11.486567
v -3.390537 25.512739 12.210348
v -3.496912 25.302029 12.529689
v -3.972838 24.512161 11.795786
v -3.853512 24.712076 11.479244
v -3.792038 24.990004 12.179109
v -3.690542 25.211912 11.853320
v -2.113638 24.425587 10.714261
v -1.755754 24.530087 10.954267
v -1.277546 24.317968 11.345715
v -2.059330 23.555286 11.110161
v -2.306970 23.429506 10.906904
v -2.369930 23.964024 10.495784
v -2.251116 24.197824 10.616396
v -1.662349 23.835178 11.327521
v -1.582883 24.363230 10.377214
v -1.358031 24.665224 10.501169
v -1.049026 24.247385 10.878827
v -1.491558 23.730673 10.639435
v -1.664216 23.640079 10.499257
v -1.745688 24.035002 10.214520
v -1.673048 24.205090 10.300888
v -1.253503 23.895191 10.842614
v -1.386194 25.096632 10.786298
v -0.939453 24.668411 11.081606
v -1.125936 24.684063 10.542692
v -0.930402 24.494333 10.746407
v -1.709265 25.037115 11.900086
v -1.127129 24.952473 12.010659
v -1.445872 25.675034 11.720150
v -1.055558 25.389301 11.893068
v -1.047323 24.612799 11.626311
v -1.724740 24.708694 11.435174
v -1.392173 25.370234 11.333220
v -1.010776 25.024984 11.500483
v -1.737284 25.927811 12.547897
v -1.211685 25.876665 12.837716
v -1.419672 26.272223 12.324500
v -0.982081 26.077391 12.633533
v -2.233668 24.844278 12.598906
v -2.145756 25.153425 12.160820
v -3.163678 25.757618 12.128918
v -3.330858 25.448446 12.605140
v -2.770602 25.939703 12.452744
v -2.970297 25.693729 12.891677
v -3.225366 26.705168 11.841928
v -3.538269 26.668308 12.126272
v -2.887826 26.863014 12.219015
v -3.211830 26.825670 12.510146
v -3.837733 24.880720 11.424890
v -4.003744 24.593737 11.876080
v -3.650356 25.128279 11.778606
v -3.868325 24.853874 12.251784
v -4.030426 25.796366 10.945660
v -4.363702 25.761633 11.245116
v -3.858311 26.077507 11.273959
v -4.205889 26.041927 11.584904
v -4.153038 24.791960 7.541433
v -4.717356 25.226170 7.559518
v -5.080808 24.096973 7.209861
v -5.458927 24.121134 7.630517
v -2.891109 23.663803 8.089929
v -3.047800 23.341936 8.224526
v -4.146409 23.228149 7.369237
v -4.317346 22.959213 7.429514
v -4.812391 24.227753 7.475533
v -5.251273 24.280174 7.927054
v -3.769280 23.120678 7.503615
v -3.959330 22.782221 7.593408
v -4.482435 24.347767 7.591015
v -3.342761 23.315092 7.751099
v -5.023543 24.649426 7.905332
v -3.188384 23.649748 7.620850
v -4.825407 23.384121 7.466198
v -5.131689 23.386463 7.835822
v -3.757967 24.122599 8.292484
v -4.028446 24.157429 8.596006
v -4.832920 23.429581 8.164877
v -4.581032 23.451359 7.860682
v -4.343637 23.833355 8.265286
v -4.132586 23.908218 8.041368
v -4.386519 24.066006 6.339679
v -3.869830 24.473873 6.189146
v -4.604020 25.080561 6.129678
v -5.378012 24.439217 6.470360
v -5.487808 24.169481 6.544312
v -4.921108 23.873688 6.420806
v -4.666704 23.995722 6.414427
v -5.117164 24.802040 6.255754
v -4.614086 24.026730 5.864256
v -4.162284 24.260742 5.654385
v -4.558090 24.662794 5.470727
v -5.151100 24.356863 5.705041
v -5.249745 24.184175 5.805344
v -4.949753 23.904833 5.883341
v -4.784179 23.972933 5.887126
v -4.946313 24.601400 5.572647
v -3.529255 25.123177 5.844643
v -4.175736 25.312067 6.052843
v -4.122400 24.441044 5.456832
v -4.301758 24.594633 5.355564
v -3.324078 25.040495 6.995869
v -3.735053 25.475649 7.063456
v -2.893776 25.564726 6.878162
v -3.344728 25.796082 6.975947
v -4.207602 25.404549 6.549935
v -3.595261 24.762129 6.589884
v -3.262626 25.429037 6.372765
v -3.761457 25.554747 6.539530
v -2.769304 25.249687 7.747925
v -3.105038 25.656013 8.033092
v -2.537152 25.672007 7.661034
v -2.953900 25.966475 7.915109
v -4.284940 25.556255 7.400114
v -3.828094 25.191893 7.423185
v -3.941603 25.012661 8.559819
v -4.408695 25.385195 8.536228
v -3.616659 25.412592 8.441575
v -4.083751 25.785128 8.417985
v -3.722966 25.133259 9.568521
v -4.039570 25.385773 9.552533
v -3.398022 25.533194 9.450274
v -3.714625 25.785704 9.434285
v -4.400257 23.535820 7.708462
v -4.763234 23.530775 8.151265
v -4.142500 23.722582 8.054864
v -4.516348 23.706129 8.506774
v -3.563681 23.315941 7.386034
v -3.733810 22.952904 7.514058
v -3.300792 23.275434 7.742168
v -3.491503 22.876083 7.905861
v -4.407005 22.778313 11.931677
v -4.794685 22.350674 10.316460
v -5.160733 22.647877 10.325632
v -4.773051 23.075518 11.940850
v -4.559831 22.607262 11.973003
v -4.928387 22.200720 10.437458
v -5.276381 22.483265 10.446175
v -4.907825 22.889812 11.981724
v -2.932550 24.694527 11.413461
v -3.197649 24.418344 9.782703
v -3.481297 24.648647 9.789811
v -3.216200 24.924829 11.420568
v -2.976382 24.640039 11.429814
v -3.241480 24.363855 9.799058
v -3.525130 24.594160 9.806164
v -3.260032 24.870340 11.436921
v -2.956717 24.664103 11.434886
v -3.221815 24.387920 9.804128
v -3.505465 24.618221 9.811235
v -3.240367 24.894402 11.441991
v -3.410446 24.106148 11.406538
v -3.669158 23.832968 9.933242
v -3.952806 24.063271 9.940348
v -3.694098 24.336447 11.413645
v -3.806910 23.614283 11.521950
v -4.065621 23.341108 10.048653
v -4.349273 23.571411 10.055759
v -4.090561 23.844585 11.529058
v -4.181165 23.146992 11.727622
v -4.439874 22.873812 10.254322
v -4.723524 23.104115 10.261429
v -4.464814 23.377295 11.734731
v -4.483549 22.770851 11.847755
v -4.817998 22.403276 10.410675
v -5.101648 22.633575 10.417784
v -4.767199 23.001154 11.854862
v -3.735991 23.614614 11.612196
v -4.007624 23.331446 9.947041
v -4.373676 23.628651 9.956214
v -4.102044 23.911821 11.621367
v -3.813396 23.518686 11.631476
v -4.085029 23.235516 9.966322
v -4.451080 23.532721 9.975493
v -4.179449 23.815893 11.640648
v -2.569865 25.738016 11.758076
v -2.323785 26.041590 11.742296
v -2.836249 25.564978 6.733807
v -2.527742 25.945557 6.714022
v -2.266299 25.491543 11.750467
v -2.020217 25.795116 11.734689
v -2.532681 25.318497 6.726200
v -2.224171 25.699083 6.706417
v -2.349366 25.395113 11.559906
v -2.441345 25.284565 11.471132
v -2.892411 24.728279 11.495096
v -3.161494 24.447941 9.839805
v -2.760087 24.977304 8.706612
v -2.796900 24.934841 8.613379
v -2.845779 24.909180 7.494048
v -2.672329 25.123121 7.483946
v -2.508090 25.334047 7.203914
v -2.811656 25.580524 7.211520
v -2.975897 25.369595 7.491551
v -3.149347 25.155655 7.501655
v -3.100466 25.181314 8.620986
v -3.063651 25.223783 8.714219
v -3.465064 24.694416 9.847410
v -3.195979 24.974751 11.502703
v -2.744913 25.531038 11.478738
v -2.652934 25.641586 11.567512
v -3.040162 24.641232 8.418752
v -3.075027 24.626932 7.490645
v -3.378596 24.873404 7.498251
v -3.343730 24.887707 8.426358
v -2.904969 24.806362 8.463439
v -3.208537 25.052839 8.471045
v -4.257580 23.176805 7.284852
v -4.263686 23.196997 6.386701
v -4.567253 23.443470 6.394308
v -4.561144 23.423279 7.292459
v -3.294569 24.339016 8.058292
v -3.598137 24.585491 8.065900
v -2.702861 25.244623 6.736672
v -2.873333 25.383032 6.740946
v -2.692167 25.246279 7.109846
v -2.912347 24.967680 7.350271
v -2.824239 25.076214 7.349475
v -2.862638 25.384687 7.114118
v -2.994712 25.214626 7.353748
v -3.082817 25.106089 7.354542
v -3.090820 24.747776 7.353027
v -3.261291 24.886190 7.357299
v -4.301491 23.291599 6.220686
v -4.471962 23.430012 6.224955
v -3.083006 25.171244 9.644142
v -2.779434 24.924770 9.636538
v -3.148481 25.087784 9.735552
v -2.844913 24.841309 9.727947
v -3.030861 25.239521 9.512756
v -2.727295 24.993046 9.505149
v -3.277478 24.927090 9.794395
v -2.973910 24.680616 9.786790
v -3.418884 24.753887 9.763252
v -3.115318 24.507414 9.755647
v -3.174548 24.473652 8.485810
v -3.478115 24.720121 8.493416
v -3.617033 24.555098 8.296588
v -3.313467 24.308624 8.288981
v -3.241318 24.386080 8.658321
v -3.544890 24.632555 8.665926
v -3.596710 24.569016 8.656809
v -3.293144 24.322538 8.649202
v -3.503200 24.654982 9.603140
v -3.561900 24.582724 9.601837
v -3.258334 24.336250 9.594233
v -3.199632 24.408508 9.595534
v -4.377581 23.206839 7.475849
v -4.501401 23.307373 7.478951
v -3.509820 24.254396 8.163383
v -3.633641 24.354927 8.166486
v -3.552542 24.450388 8.309836
v -3.428723 24.349855 8.306736
v -4.369573 22.908943 7.273025
v -4.275076 23.052504 6.392531
v -4.706107 23.402462 6.403331
v -4.800603 23.258911 7.283826
v -4.352127 23.155716 6.232388
v -4.594176 23.352240 6.238453
v -4.516828 22.982708 7.459284
v -4.692637 23.125452 7.463688
v -2.855589 24.708725 11.528642
v -3.135835 24.416759 9.804692
v -3.501887 24.713964 9.813863
v -3.221640 25.005932 11.537813
v -2.901922 24.651123 11.545929
v -3.182170 24.359156 9.821980
v -3.548221 24.656361 9.831152
v -3.267975 24.948326 11.555102
v -4.065670 23.518017 1.229929
v -2.387338 25.393919 1.126023
v -2.079317 25.746954 1.106787
v -2.034908 26.144192 1.097398
v -2.270797 26.345360 1.103124
v -2.648808 26.232620 1.120609
v -2.940895 25.866650 1.139448
v -4.435707 23.828100 1.239016
v -3.662893 24.975975 1.185745
v -3.106004 24.507362 1.172107
v -2.734206 25.124519 2.311696
v -2.359383 25.586908 2.287661
v -2.097338 25.688705 2.275088
v -2.154279 25.960918 2.272199
v -2.392424 26.159307 2.278070
v -2.672276 26.167656 2.289262
v -2.728199 25.898500 2.296671
v -3.104758 25.433971 2.320817
v -3.557414 24.875561 2.349842
v -3.185121 24.568260 2.340611
v -2.650571 25.163900 4.373567
v -2.275751 25.626287 4.349534
v -2.013708 25.728086 4.336960
v -2.070644 26.000298 4.334068
v -2.308791 26.198683 4.339940
v -2.588642 26.207035 4.351134
v -2.644568 25.937880 4.358541
v -3.021129 25.473347 4.382687
v -3.473783 24.914942 4.411712
v -3.101490 24.607641 4.402481
v -2.336583 25.537205 4.808422
v -2.084019 25.848774 4.792228
v -1.872132 25.888693 4.782871
v -1.965103 26.116449 4.782291
v -2.204051 26.313848 4.788212
v -2.449006 26.365252 4.797169
v -2.454771 26.157976 4.801359
v -2.708505 25.844967 4.817631
v -3.013517 25.468697 4.837190
v -2.640422 25.162384 4.827904
v -4.087637 23.524076 1.230701
v -2.138818 25.262878 1.118445
v -1.799194 25.668402 1.096924
v -1.845799 26.195683 1.088745
v -2.251330 26.535835 1.098696
v -2.778230 26.489605 1.120953
v -3.117856 26.084082 1.142473
v -4.433008 23.815382 1.239149
v -4.096032 23.520121 1.023696
v -2.147213 25.258924 0.911438
v -1.807593 25.664448 0.889918
v -1.854196 26.191729 0.881738
v -2.259727 26.531881 0.891690
v -2.786627 26.485655 0.913946
v -3.126251 26.080126 0.935467
v -4.441405 23.811430 1.032142
v -3.832409 24.995996 1.192237
v -3.840806 24.992041 0.985231
v -3.056249 24.347214 1.173146
v -3.064644 24.343262 0.966140
v -4.087637 23.524076 1.230701
v -2.138818 25.262878 1.118445
v -1.799194 25.668402 1.096924
v -1.845799 26.195683 1.088745
v -2.251330 26.535835 1.098696
v -2.778230 26.489605 1.120953
v -3.117856 26.084082 1.142473
v -4.433008 23.815382 1.239149
v -3.832409 24.995996 1.192237
v -3.056249 24.347214 1.173146
v -2.137980 26.415791 7.533733
v -1.845340 26.776796 7.514967
v -2.150179 26.410048 7.233009
v -1.857538 26.771055 7.214245
v -1.821455 26.158796 7.525801
v -1.528814 26.519802 7.507036
v -1.833652 26.153053 7.225078
v -1.541012 26.514059 7.206314
v -2.022226 26.245081 7.201007
v -1.671390 26.677881 7.178512
v -2.007603 26.251968 7.561534
v -1.656765 26.684763 7.539037
v -2.287677 26.757103 7.249586
v -2.158035 26.917038 7.241272
v -2.296390 26.753004 7.034804
v -2.166748 26.912931 7.026491
v -1.465444 26.089510 7.228987
v -1.335800 26.249443 7.220671
v -1.474157 26.085407 7.014203
v -1.344513 26.245342 7.005889
v -1.780925 26.269617 6.958141
v -2.055003 26.492146 6.965008
v -1.865237 26.726250 6.952839
v -1.591161 26.503717 6.945971
v -2.041029 26.498728 7.309506
v -1.766952 26.276196 7.302638
v -1.577186 26.510300 7.290469
v -1.851264 26.732832 7.297335
v -1.616913 26.174726 11.721357
v -1.440526 26.386835 11.710153
v -1.459539 26.601969 11.706817
v -1.624997 26.740751 11.710877
v -1.839978 26.721889 11.719954
v -2.016365 26.509783 11.731162
v -1.788223 26.094061 7.497879
v -1.611838 26.306179 7.486674
v -1.630852 26.521307 7.483337
v -1.796313 26.660091 7.487396
v -2.011290 26.641230 7.496477
v -2.187679 26.429121 7.507682
v -1.416251 26.653654 11.704075
v -1.581711 26.792440 11.708134
v -1.587567 26.572994 7.480595
v -1.753023 26.711779 7.484653
v -2.380796 25.770948 16.563272
v -2.377388 25.772552 16.647268
v -2.113787 25.554155 16.556583
v -2.110380 25.555759 16.640577
v -2.654360 25.655651 16.576572
v -2.650951 25.657259 16.660566
v -2.148384 25.185694 16.565027
v -2.166715 25.264090 16.648434
v -2.036384 25.424864 16.640076
v -2.039792 25.423262 16.556084
v -2.524031 25.816427 16.568213
v -2.520624 25.818031 16.652208
v -2.587071 25.516254 16.576506
v -2.583663 25.517860 16.660498
v -2.320282 25.299646 16.569822
v -2.316878 25.301250 16.653812
v -2.059325 25.576984 16.553938
v -2.369704 25.828987 16.561716
v -2.366296 25.830591 16.645710
v -2.055917 25.578590 16.637932
v -1.956223 25.420147 16.636915
v -2.144979 25.187294 16.649015
v -1.959632 25.418543 16.552923
v -2.545170 25.893957 16.567591
v -2.733924 25.661106 16.579699
v -2.541759 25.895561 16.651587
v -2.170122 25.262487 16.564438
v -2.730515 25.662710 16.663687
v -2.331261 25.241516 16.571375
v -2.641640 25.493521 16.579153
v -2.638233 25.495121 16.663149
v -2.327856 25.243122 16.655371
v -2.210421 25.811459 16.555588
v -2.207016 25.813065 16.639584
v -2.107566 25.727945 16.553013
v -2.104159 25.729551 16.637005
v -2.265519 25.743492 16.559122
v -2.262114 25.745096 16.643116
v -2.162663 25.659979 16.556543
v -2.159255 25.661583 16.640539
v -2.171770 25.598606 11.955235
v -1.784903 25.632545 11.938898
v -1.535543 25.930296 11.923096
v -1.569763 26.317432 11.917088
v -1.867513 26.567188 11.924397
v -2.254382 26.533245 11.940736
v -2.503739 26.235498 11.956538
v -2.469522 25.848352 11.962545
v -2.363408 25.508371 7.230656
v -1.976542 25.542313 7.214312
v -1.727184 25.840065 7.198514
v -1.761402 26.227201 7.192507
v -2.059152 26.476954 7.199814
v -2.446018 26.443010 7.216155
v -2.695378 26.145264 7.231956
v -2.661160 25.758125 7.237963
v -2.348305 25.556452 7.229123
v -1.999847 25.587023 7.214404
v -1.775244 25.855213 7.200173
v -1.806063 26.203918 7.194763
v -2.074255 26.428871 7.201344
v -2.422711 26.398302 7.216063
v -2.647320 26.130114 7.230297
v -2.616497 25.781406 7.235706
v -2.365368 25.548420 6.808473
v -2.016910 25.578991 6.793756
v -1.792303 25.847178 6.779521
v -1.823124 26.195883 6.774113
v -2.091317 26.420839 6.780694
v -2.439778 26.390268 6.795414
v -2.664381 26.122078 6.809645
v -2.633558 25.773373 6.815055
v -2.460211 25.412027 5.307425
v -2.025750 25.450142 5.289075
v -1.745712 25.784523 5.271331
v -1.784142 26.219290 5.264587
v -2.118524 26.499763 5.272790
v -2.552984 26.461645 5.291142
v -2.833021 26.127268 5.308889
v -2.794591 25.692501 5.315632
v -2.629164 25.332468 1.142032
v -2.194706 25.370584 1.123682
v -1.914667 25.704966 1.105936
v -1.953095 26.139732 1.099192
v -2.287477 26.420204 1.107397
v -2.721938 26.382090 1.125749
v -3.001974 26.047712 1.143493
v -2.963546 25.612944 1.150239
v -2.343000 25.609034 6.902951
v -2.041488 25.635483 6.890218
v -1.847147 25.867535 6.877901
v -1.873816 26.169258 6.873222
v -2.105871 26.363907 6.878917
v -2.407382 26.337456 6.891652
v -2.601723 26.105400 6.903966
v -2.575056 25.803682 6.908646
v -2.413782 25.575701 5.157821
v -2.112276 25.602152 5.145087
v -1.917931 25.834208 5.132770
v -1.944600 26.135929 5.128091
v -2.176657 26.330574 5.133785
v -2.478167 26.304125 5.146522
v -2.672507 26.072073 5.158836
v -2.645842 25.770350 5.163516
v -2.227947 25.419769 11.960932
v -1.698223 25.466246 11.938558
v -1.356781 25.873941 11.916921
v -1.403636 26.404045 11.908698
v -1.811336 26.746019 11.918705
v -2.341066 26.699545 11.941076
v -2.682504 26.291843 11.962714
v -2.635648 25.761745 11.970938
v -2.192810 25.496408 12.278829
v -1.719417 25.537939 12.258832
v -1.414287 25.902277 12.239500
v -1.456161 26.376007 12.232150
v -1.820505 26.681612 12.241090
v -2.293894 26.640076 12.261085
v -2.599024 26.275743 12.280421
v -2.557152 25.802015 12.287771
v -2.187437 25.499960 12.401887
v -1.715006 25.541407 12.381934
v -1.410497 25.905012 12.362637
v -1.452279 26.377773 12.355301
v -1.815888 26.682762 12.364224
v -2.288320 26.641315 12.384178
v -2.592832 26.277712 12.403475
v -2.551046 25.804945 12.410810
v -2.199154 25.526443 11.821012
v -1.756723 25.565260 11.802326
v -1.471551 25.905771 11.784255
v -1.510682 26.348516 11.777386
v -1.851199 26.634134 11.785745
v -2.293629 26.595318 11.804431
v -2.578803 26.254807 11.822502
v -2.539668 25.812065 11.829373
v -2.235995 25.335781 12.494448
v -1.631079 25.388847 12.468899
v -1.241175 25.854418 12.444187
v -1.294680 26.459761 12.434798
v -1.760252 26.850279 12.446224
v -2.365163 26.797205 12.471773
v -2.755070 26.331638 12.496485
v -2.701566 25.726297 12.505872
v -2.045637 25.534203 16.194651
v -1.542711 25.578325 16.173405
v -1.218544 25.965397 16.152864
v -1.263031 26.468679 16.145056
v -1.650105 26.793358 16.154554
v -2.153029 26.749233 16.175797
v -2.477197 26.362162 16.196341
v -2.432714 25.858875 16.204145
v -2.027690 25.582901 16.269875
v -1.562492 25.623709 16.250229
v -1.262644 25.981749 16.231226
v -1.303789 26.447271 16.224005
v -1.661829 26.747589 16.232790
v -2.127023 26.706778 16.252441
v -2.426874 26.348743 16.271439
v -2.385727 25.883213 16.278664
v -2.214099 25.415955 12.396683
v -1.674679 25.463274 12.373899
v -1.326989 25.878433 12.351868
v -1.374702 26.418238 12.343493
v -1.789864 26.766468 12.353683
v -2.329283 26.719143 12.376468
v -2.676973 26.303988 12.398497
v -2.629260 25.764187 12.406874
v -2.011731 25.639700 16.213457
v -1.592743 25.676458 16.195759
v -1.322676 25.998928 16.178644
v -1.359740 26.418215 16.172140
v -1.682212 26.688702 16.180058
v -2.101202 26.651947 16.197754
v -2.371268 26.329475 16.214867
v -2.334205 25.910187 16.221371
v -2.002539 25.649162 16.393190
v -1.588366 25.685503 16.375700
v -1.321406 26.004267 16.358786
v -1.358039 26.418730 16.352352
v -1.676808 26.686110 16.360178
v -2.090981 26.649775 16.377666
v -2.357941 26.331009 16.394585
v -2.321308 25.916542 16.401016
v -1.972342 25.734730 16.486538
v -1.625054 25.765192 16.471867
v -1.401204 26.032482 16.457684
v -1.431926 26.380014 16.452291
v -1.699216 26.604218 16.458853
v -2.046503 26.573750 16.473520
v -2.270351 26.306459 16.487705
v -2.239635 25.958927 16.493099
v -1.503298 26.513401 16.529732
v -1.605508 26.387310 16.536287
v -1.464543 26.531647 17.485130
v -1.566759 26.405558 17.491680
v -1.566232 26.564497 16.531311
v -1.668444 26.438408 16.537867
v -1.527481 26.582747 17.486706
v -1.629691 26.456657 17.493259
v -0.983842 27.131704 17.208736
v -1.138284 26.941181 17.218637
v -0.973896 27.136393 17.453951
v -1.128341 26.945866 17.463852
v -1.046779 27.182808 17.210312
v -1.201221 26.992279 17.220215
v -1.036833 27.187490 17.455526
v -1.191275 26.996965 17.465433
v -1.926201 26.420568 17.589872
v -1.047831 27.196510 17.539427
v -1.930772 26.418411 17.477200
v -1.052403 27.194359 17.426752
v -1.537876 26.105272 17.580145
v -0.960288 27.125431 17.537233
v -1.542444 26.103125 17.467466
v -0.964858 27.123280 17.424559
v -1.579805 26.729847 16.551374
v -1.071834 27.183378 17.006937
v -1.557452 26.760778 16.441145
v -1.030995 27.236435 16.917458
v -1.337638 26.533226 16.545309
v -0.984287 27.112301 17.004745
v -1.315289 26.564157 16.435076
v -0.943452 27.165361 16.915260
v -1.976816 26.406076 16.464928
v -1.965628 26.411341 16.740694
v -1.575639 26.080355 16.454880
v -1.564452 26.085617 16.730640
v -1.050314 27.193512 17.537453
v -1.005967 27.248226 17.534613
v -0.918420 27.177145 17.532421
v -0.962769 27.122433 17.535261
v -1.240499 26.999296 17.551008
v -1.245069 26.997143 17.438332
v -1.117959 26.893942 17.435146
v -1.113388 26.896091 17.547821
v -1.461428 26.807781 17.450727
v -1.258508 26.643021 17.445641
v -1.253935 26.645172 17.558315
v -1.456858 26.809927 17.563402
v -1.761182 26.477272 17.469196
v -1.519859 26.281334 17.463152
v -1.515291 26.283489 17.575825
v -1.756612 26.479424 17.581871
v -1.768097 26.474016 17.298712
v -1.937691 26.415155 17.306715
v -1.549360 26.099867 17.296982
v -1.526774 26.278078 17.292665
v -2.059225 26.259956 17.485435
v -2.054651 26.262104 17.598114
v -1.670894 25.944660 17.475708
v -1.666323 25.946814 17.588385
v -1.677811 25.941410 17.305225
v -2.066139 26.256701 17.314951
v -2.064496 26.110279 17.488506
v -2.059924 26.112432 17.601183
v -1.816149 25.908640 17.482285
v -1.811580 25.910795 17.594961
v -1.823068 25.905386 17.311802
v -2.071410 26.107023 17.318022
v -2.248021 25.883877 17.500277
v -2.243449 25.886030 17.612953
v -1.999678 25.682241 17.494055
v -1.995107 25.684397 17.606730
v -2.006595 25.678986 17.323570
v -2.254936 25.880619 17.329794
v -2.279147 25.761353 17.503880
v -2.274574 25.763504 17.616554
v -2.113055 25.626499 17.499718
v -2.108489 25.628654 17.612394
v -2.119972 25.623241 17.329233
v -2.286060 25.758099 17.333395
v -1.562981 26.258600 16.450960
v -1.805148 26.455225 16.457029
v -1.800743 26.457291 16.565538
v -1.558580 26.260666 16.559471
v -2.093891 26.261646 16.472439
v -2.082706 26.266914 16.748198
v -1.692719 25.935919 16.462381
v -1.681531 25.941191 16.738144
v -2.112817 26.093977 16.476404
v -2.119697 26.076960 16.753328
v -1.852750 25.882820 16.469889
v -1.859630 25.865805 16.746809
v -2.118998 25.990610 16.478630
v -2.109898 25.994892 16.702980
v -1.952545 25.855461 16.474463
v -1.943441 25.859741 16.698811
v -2.204500 25.885134 16.484112
v -2.195398 25.889418 16.708466
v -2.038043 25.749983 16.479939
v -2.028945 25.754272 16.704292
v -2.241733 25.837833 16.530825
v -2.236213 25.840431 16.666752
v -2.075279 25.702688 16.526655
v -2.069763 25.705282 16.662582
v -0.962191 27.212681 17.533514
v -0.987224 27.200897 16.916363
v -0.756276 27.380804 17.135052
v -0.712505 27.345261 17.133955
v -0.740363 27.391483 17.423981
v -0.696592 27.355942 17.422880
v -0.879810 27.504702 17.427475
v -0.895717 27.494020 17.138544
v -0.836037 27.469158 17.426376
v -0.851948 27.458481 17.137449
v -0.719617 27.421345 17.284328
v -0.675844 27.385807 17.283237
v -0.859062 27.534561 17.287825
v -0.815289 27.499023 17.286728
v -1.820380 25.988291 18.497978
v -1.915308 25.943600 16.157795
v -1.640756 26.004055 18.490398
v -1.735681 25.959354 16.150208
v -1.524976 26.142300 18.483057
v -1.619895 26.097607 16.142866
v -1.540862 26.322058 18.480270
v -1.635785 26.277359 16.140083
v -1.679109 26.438021 18.483664
v -1.774034 26.393324 16.143475
v -1.858739 26.422258 18.491247
v -1.953662 26.377563 16.151060
v -1.974522 26.284008 18.498590
v -2.069443 26.239311 16.158398
v -1.958635 26.104254 18.501373
v -2.053556 26.059559 16.161186
v -1.799436 26.043798 18.597857
v -1.662599 26.055805 18.592081
v -1.574398 26.161118 18.586489
v -1.586501 26.298050 18.584368
v -1.691820 26.386395 18.586950
v -1.828655 26.374388 18.592731
v -1.916856 26.269075 18.598320
v -1.904752 26.132141 18.600443
v -1.796579 26.044886 18.670660
v -1.659500 26.056911 18.664869
v -1.571140 26.162411 18.659269
v -1.583266 26.299591 18.657141
v -1.688771 26.388086 18.659735
v -1.825852 26.376062 18.665522
v -1.914209 26.270555 18.671120
v -1.902082 26.133379 18.673248
v -1.735443 25.890757 21.847193
v -1.863249 25.830582 18.696297
v -1.426882 25.917831 21.834160
v -1.554688 25.857651 18.683260
v -1.227994 26.155310 21.821560
v -1.355802 26.095133 18.670660
v -1.255286 26.464096 21.816767
v -1.383092 26.403913 18.665865
v -1.492769 26.663294 21.822599
v -1.620573 26.603111 18.671696
v -1.801332 26.636219 21.835632
v -1.929138 26.576042 18.684731
v -2.000221 26.398741 21.848232
v -2.128023 26.338558 18.697336
v -1.972927 26.089958 21.853022
v -2.100733 26.029781 18.702124
v -1.727019 25.909121 21.923458
v -1.431953 25.935007 21.910992
v -1.241767 26.162104 21.898943
v -1.267864 26.457378 21.894363
v -1.494961 26.647861 21.899931
v -1.790025 26.621973 21.912395
v -1.980214 26.394880 21.924446
v -1.954116 26.099606 21.929029
v -1.702022 25.981020 21.991032
v -1.463325 26.001955 21.980946
v -1.309465 26.185669 21.971191
v -1.330580 26.424540 21.967487
v -1.514292 26.578634 21.972000
v -1.752992 26.557692 21.982080
v -1.906851 26.373980 21.991831
v -1.885738 26.135111 21.995535
v -1.589172 25.918402 18.627535
v -1.844633 25.895987 18.638323
v -1.424513 26.115007 18.617100
v -1.447107 26.370655 18.613132
v -1.643724 26.535574 18.617960
v -1.899185 26.513159 18.628750
v -2.063840 26.316545 18.639187
v -2.041247 26.060904 18.643150
vn 0.4218 0.1099 -0.9000
vn 0.2613 0.2569 0.9304
vn 0.7864 0.0735 -0.6134
vn 0.9410 0.2491 0.2289
vn -0.1532 0.2285 0.9614
vn 0.8095 0.1002 -0.5785
vn 0.9427 0.1634 0.2908
vn -0.1410 0.1090 0.9840
vn 0.4047 -0.0082 -0.9144
vn 0.3934 0.0484 0.9181
vn 0.4182 0.0081 -0.9083
vn 0.1221 -0.1800 0.9761
vn 0.8272 -0.2869 -0.4831
vn 0.8576 -0.0245 0.5138
vn -0.1942 -0.0324 0.9804
vn -0.1488 0.0463 0.9878
vn -0.1673 -0.0054 0.9859
vn 0.9342 0.0152 0.3563
vn 0.8879 -0.2140 0.4072
vn 0.8577 0.0724 -0.5091
vn 0.8636 -0.1894 -0.4672
vn 0.4065 0.0088 0.9136
vn 0.2617 -0.0688 0.9627
vn 0.4029 0.0988 -0.9099
vn 0.3721 -0.2505 -0.8938
vn 0.6225 0.0939 0.7769
vn -0.1962 0.2561 0.9465
vn 0.4214 0.3058 -0.8538
vn -0.0572 0.1442 0.9879
vn 0.7381 0.1338 -0.6613
vn -0.1363 0.5076 0.8508
vn -0.0693 0.9678 0.2422
vn 0.6454 0.6566 -0.3903
vn 0.7113 -0.1743 0.6810
vn -0.2709 0.6346 0.7238
vn 0.3584 0.5266 -0.7709
vn -0.1787 -0.1889 0.9656
vn 0.7556 0.2194 -0.6172
vn 0.7719 -0.0014 -0.6357
vn 0.8016 0.0802 0.5925
vn 0.4922 -0.6714 0.5541
vn -0.1581 -0.9864 0.0450
vn -0.7974 -0.1563 -0.5828
vn -0.6288 0.5831 -0.5144
vn -0.5793 -0.0066 0.8151
vn 0.1221 0.9924 0.0130
vn 0.7414 0.4467 0.5008
vn -0.5956 -0.3735 0.7111
vn 0.7686 0.3873 0.5092
vn -0.4467 0.5685 0.6908
vn -0.8900 0.0051 0.4560
vn -0.0820 0.2732 0.9584
vn -0.2323 -0.2778 0.9321
vn -0.8379 0.3422 0.4252
vn -0.0626 0.1230 0.9904
vn -0.0636 0.9729 0.2223
vn -0.6187 0.5295 -0.5804
vn -0.2063 -0.9781 0.0262
vn 0.8008 0.1045 0.5897
vn 0.1447 0.9858 -0.0848
vn -0.7952 -0.1698 -0.5820
vn 0.4917 -0.7060 0.5097
vn -0.2519 -0.9635 -0.0904
vn -0.9511 -0.1466 -0.2717
vn 0.3673 -0.6622 0.6532
vn 0.5873 0.3774 0.7160
vn -0.8066 0.5225 -0.2764
vn -0.3298 -0.9132 0.2395
vn 0.6411 0.1045 0.7603
vn 0.0988 0.0385 -0.9944
vn 0.9256 -0.0062 0.3785
vn 0.0492 0.9727 0.2268
vn -0.9242 -0.1653 -0.3442
vn 0.6472 -0.7278 0.2270
vn 0.8477 0.3204 0.4227
vn -0.8361 0.5080 -0.2071
vn -0.6869 0.5238 -0.5037
vn 0.8515 0.3926 0.3475
vn 0.6535 -0.6982 0.2925
vn -0.8059 -0.1749 -0.5656
vn 0.1157 0.9899 -0.0821
vn 0.9095 0.1104 0.4007
vn -0.0900 -0.9864 -0.1376
vn -0.2034 -0.1226 -0.9714
vn 0.3732 0.9249 -0.0722
vn 0.9766 0.1622 -0.1415
vn 0.8010 -0.5763 0.1620
vn 0.3192 -0.5355 0.7819
vn 0.6746 -0.3934 0.6246
vn 0.9735 -0.1646 0.1585
vn 0.8667 0.0430 0.4969
vn 0.5879 -0.0285 0.8084
vn -0.6155 -0.3577 0.7023
vn -0.7619 0.3400 0.5513
vn 0.6248 -0.1599 0.7642
vn -0.9646 0.1000 -0.2438
vn 0.9963 -0.0362 0.0773
vn 0.9767 0.1568 0.1462
vn 0.1861 0.2102 -0.9598
vn -0.9689 0.2174 -0.1181
vn -0.7414 -0.6707 0.0211
vn 0.9339 -0.3291 0.1399
vn 0.3535 0.2591 0.8988
vn 0.5610 -0.3837 -0.7335
vn 0.9951 -0.0524 0.0837
vn -0.7735 0.0747 0.6294
vn -0.9364 -0.2646 -0.2304
vn 0.1523 -0.5238 -0.8381
vn -0.8816 -0.4493 -0.1447
vn 0.5548 -0.0696 0.8291
vn 0.1693 -0.2199 -0.9607
vn 0.9947 -0.0418 0.0935
vn -0.6315 -0.3247 0.7041
vn -0.6548 -0.1707 0.7363
vn 0.9973 -0.0054 0.0730
vn 0.1698 0.1493 -0.9741
vn 0.5505 -0.1225 0.8258
vn -0.9809 -0.0628 -0.1843
vn 0.1718 -0.0227 -0.9849
vn -0.7791 -0.6122 -0.1349
vn 0.5299 -0.8470 -0.0424
vn 0.3869 -0.8939 0.2266
vn 0.1615 -0.9766 0.1418
vn 0.1884 -0.7940 -0.5779
vn 0.2756 -0.9300 0.2431
vn -0.0968 -0.7307 0.6758
vn 0.3128 -0.0220 0.9496
vn 0.9443 0.3043 0.1256
vn 0.7595 -0.0546 -0.6483
vn 0.2850 -0.5793 -0.7636
vn -0.6340 -0.7584 -0.1512
vn -0.4104 -0.6531 -0.6364
vn -0.3007 -0.5042 0.8095
vn -0.1381 -0.0568 0.9888
vn -0.1496 -0.7841 0.6023
vn -0.0274 -0.1501 0.9883
vn -0.2705 -0.4987 0.8235
vn 0.3681 -0.3222 -0.8722
vn -0.9583 0.2466 -0.1443
vn 0.9152 -0.4025 -0.0197
vn 0.9652 0.2452 0.0906
vn -0.2794 0.2336 0.9313
vn -0.0145 -0.9998 -0.0117
vn -0.0742 0.9888 0.1297
vn 0.8882 -0.4467 0.1073
vn 0.0303 -0.9324 -0.3602
vn 0.0148 0.7725 0.6349
vn -0.9724 0.2306 -0.0344
vn 0.1897 0.0860 -0.9781
vn -0.0435 0.3273 0.9439
vn -0.9851 0.1716 -0.0124
vn -0.8819 0.0258 -0.4706
vn -0.9778 0.1164 -0.1744
vn 0.7204 -0.3969 0.5687
vn -0.1067 -0.6294 0.7697
vn 0.1885 0.1077 -0.9761
vn -0.9661 0.1696 -0.1948
vn 0.9885 0.1481 0.0312
vn -0.9008 -0.4180 -0.1174
vn 0.1653 -0.3512 -0.9216
vn 0.9936 0.0863 0.0723
vn -0.8508 -0.3718 0.3714
vn -0.8942 -0.3736 -0.2468
vn 0.9534 0.1535 0.2598
vn -0.2917 -0.0382 0.9557
vn 0.9389 -0.3187 0.1300
vn 0.9478 0.2286 0.2221
vn -0.9514 -0.2885 -0.1074
vn -0.0434 -0.0181 0.9989
vn -0.0038 -0.3716 -0.9284
vn -0.0075 0.1243 -0.9922
vn -0.9883 0.0805 0.1299
vn 0.9467 0.0148 -0.3218
vn -0.9923 0.0107 -0.1233
vn -0.1887 0.7855 0.5894
vn 0.0797 0.9856 0.1492
vn -0.0339 0.2224 0.9744
vn -0.0086 -0.4758 -0.8795
vn -0.9444 -0.3168 -0.0882
vn -0.8058 -0.4010 -0.4358
vn 0.7620 -0.4636 0.4522
vn 0.8936 -0.4232 0.1496
vn 0.8167 -0.4992 -0.2895
vn -0.0106 0.0872 -0.9961
vn 0.8999 0.0854 0.4277
vn 0.9926 -0.0039 0.1216
vn -0.2547 0.3264 0.9102
vn 0.0270 0.9958 -0.0877
vn -0.9125 -0.3646 0.1857
vn -0.2280 -0.4612 0.8575
vn -0.0645 -0.4563 0.8875
vn 0.1550 -0.4703 -0.8688
vn 0.0146 0.3306 0.9437
vn -0.2221 0.3228 0.9200
vn 0.0145 0.3306 0.9437
vn 0.0481 0.6898 0.7224
vn -0.1943 0.6849 0.7023
vn -0.0635 0.6603 0.7483
vn -0.1115 0.3285 0.9379
vn -0.1181 -0.5190 0.8466
vn 0.2731 0.6387 -0.7194
vn 0.2513 0.9640 0.0871
vn 0.2401 0.7895 0.5648
vn 0.2389 -0.0076 0.9710
vn 0.9858 0.0579 0.1577
vn 0.9914 -0.1094 0.0721
vn 0.1904 0.1355 0.9723
vn 0.2839 -0.7744 0.5654
vn 0.2109 -0.1594 -0.9644
vn -0.1121 -0.6069 -0.7868
vn 0.6182 -0.7020 -0.3536
vn 0.2562 0.1476 -0.9553
vn -0.6962 0.1927 0.6915
vn -0.4297 0.1920 -0.8824
vn -0.9647 0.2373 -0.1145
vn -0.4737 0.2024 0.8571
vn -0.4002 0.0852 -0.9125
vn -0.9779 0.1553 -0.1399
vn -0.4796 0.0943 0.8724
vn 0.2329 -0.0015 -0.9725
vn -0.8043 0.0617 0.5911
vn 0.2875 0.0007 -0.9578
vn -0.8259 -0.2239 0.5174
vn -0.2600 -0.4048 -0.8767
vn -0.9600 -0.1657 -0.2259
vn -0.4570 -0.0517 0.8880
vn -0.4761 0.0442 0.8783
vn -0.4759 0.0044 0.8795
vn -0.9759 0.0087 -0.2180
vn -0.9654 -0.0825 -0.2472
vn -0.3951 0.0462 -0.9175
vn -0.3702 -0.2225 -0.9019
vn -0.8474 0.0051 0.5309
vn -0.8493 0.0202 0.5276
vn 0.2395 0.1014 -0.9656
vn 0.2698 -0.2582 -0.9277
vn -0.9812 -0.1497 -0.1220
vn -0.4088 0.2680 0.8724
vn 0.2630 0.3221 -0.9094
vn -0.7176 0.0581 0.6940
vn 0.0971 0.1431 -0.9849
vn -0.4937 0.6572 0.5695
vn -0.1212 0.9758 0.1820
vn -0.0867 0.6152 -0.7836
vn -0.9214 -0.3260 -0.2116
vn -0.2244 0.6653 0.7120
vn 0.2792 0.5010 -0.8192
vn -0.4695 -0.1972 0.8606
vn -0.0192 0.3127 -0.9497
vn 0.0108 0.0417 -0.9991
vn -0.6401 -0.5328 0.5536
vn 0.1359 -0.7657 0.6287
vn 0.8505 -0.4919 0.1863
vn 0.6947 0.4825 -0.5335
vn 0.0129 0.8192 -0.5734
vn 0.2675 0.5003 0.8235
vn -0.8397 0.5276 -0.1288
vn -0.8719 -0.2626 0.4134
vn 0.5722 0.2763 0.7721
vn -0.8431 -0.3226 0.4302
vn -0.2415 0.7492 0.6167
vn 0.4990 0.7249 0.4748
vn -0.2780 0.2989 0.9129
vn 0.2425 0.0688 0.9677
vn 0.2115 0.8936 0.3960
vn -0.1790 0.1920 0.9649
vn -0.7604 0.6458 0.0688
vn 0.0559 0.7733 -0.6315
vn 0.8773 -0.4503 0.1660
vn -0.6503 -0.5256 0.5484
vn -0.8366 0.4994 -0.2254
vn 0.7204 0.4512 -0.5268
vn 0.1582 -0.7916 0.5902
vn 0.9311 -0.0278 0.3637
vn 0.7485 0.5510 -0.3690
vn 0.1119 -0.7831 0.6117
vn -0.7859 -0.3116 0.5341
vn 0.1313 0.8715 -0.4725
vn 0.8638 -0.3126 0.3951
vn -0.6183 -0.5606 0.5508
vn 0.7411 0.5684 -0.3574
vn -0.4696 -0.5408 -0.6979
vn -0.9338 0.3520 -0.0640
vn 0.7382 0.2442 0.6289
vn 0.3914 -0.7974 -0.4592
vn -0.6375 -0.3836 -0.6682
vn -0.2684 0.6498 0.7112
vn 0.0198 0.6946 0.7191
vn -0.7397 -0.5738 -0.3514
vn 0.0836 -0.9667 -0.2420
vn 0.3267 0.4293 0.8420
vn -0.8113 0.5389 -0.2269
vn -0.5859 -0.7374 -0.3361
vn 0.9186 -0.3951 0.0093
vn -0.3201 0.8333 0.4507
vn -0.5013 0.6670 -0.5512
vn -0.3827 -0.0287 -0.9234
vn -0.8008 -0.5983 0.0292
vn -0.9192 -0.3096 -0.2432
vn -0.9272 -0.3635 -0.0901
vn -0.9352 -0.1777 -0.3062
vn -0.8955 -0.1383 0.4230
vn -0.8092 -0.1581 0.5659
vn 0.3687 -0.5584 0.7431
vn 0.5325 0.1458 0.8338
vn -0.8191 -0.3397 0.4622
vn 0.9861 0.1434 0.0834
vn -0.9698 -0.0146 -0.2434
vn -0.9803 0.1542 -0.1231
vn 0.2097 0.6620 -0.7196
vn 0.9295 0.3204 0.1826
vn 0.4764 -0.7957 0.3741
vn -0.9271 -0.2965 -0.2293
vn -0.6632 0.0952 0.7424
vn -0.2752 -0.2138 -0.9373
vn -0.9696 -0.0163 -0.2443
vn 0.4066 -0.0896 0.9092
vn 0.9618 -0.2179 0.1656
vn 0.1643 -0.3370 -0.9270
vn 0.9096 -0.4154 0.0022
vn -0.7797 -0.3134 0.5421
vn 0.1527 0.1157 -0.9815
vn -0.9696 -0.0260 -0.2433
vn 0.4003 -0.5657 0.7209
vn 0.4025 -0.4242 0.8112
vn -0.9710 0.0066 -0.2391
vn 0.1974 0.4923 -0.8477
vn -0.7727 -0.3548 0.5264
vn 0.9922 -0.0340 0.1196
vn 0.1801 0.3625 -0.9144
vn 0.8053 -0.5928 0.0014
vn -0.4730 -0.8081 -0.3511
vn -0.4433 -0.8939 -0.0663
vn -0.2236 -0.9722 0.0689
vn 0.1110 -0.7714 -0.6266
vn -0.3279 -0.9379 0.1132
vn -0.2752 -0.7397 0.6140
vn -0.6865 -0.1842 0.7034
vn -0.9401 0.3065 -0.1492
vn -0.4367 0.1343 -0.8895
vn 0.2286 -0.3554 -0.9063
vn 0.5898 -0.7959 0.1367
vn 0.8664 -0.4896 -0.0980
vn -0.2873 -0.5046 0.8141
vn -0.5117 -0.1268 0.8498
vn -0.2749 -0.7836 0.5571
vn -0.6432 -0.2550 0.7220
vn -0.2694 -0.5084 0.8179
vn 0.2492 -0.3203 -0.9140
vn 0.9548 0.2594 0.1450
vn -0.8648 -0.4231 -0.2706
vn -0.9441 0.2393 -0.2268
vn -0.0239 0.2782 0.9602
vn 0.0160 -0.9991 0.0395
vn 0.0224 0.9976 0.0649
vn -0.8698 -0.4717 -0.1450
vn 0.0758 -0.9515 -0.2982
vn 0.0772 -0.9515 -0.2978
vn 0.0629 -0.9513 -0.3018
vn -0.2015 0.8301 0.5200
vn 0.9341 0.2597 0.2449
vn 0.1179 0.3990 -0.9094
vn 0.0067 -0.9985 0.0546
vn 0.0086 -0.9985 0.0548
vn -0.0085 -0.9985 0.0534
vn -0.2699 -0.0402 0.9620
vn 0.9409 0.2003 0.2732
vn 0.9806 0.1407 -0.1363
vn 0.9760 0.1394 0.1671
vn -0.8681 -0.3992 0.2950
vn -0.1258 -0.6507 0.7489
vn -0.1269 -0.6506 0.7488
vn -0.1123 -0.6517 0.7501
vn 0.1148 0.2505 -0.9613
vn 0.9728 0.1776 0.1489
vn -0.8675 -0.4489 -0.2142
vn 0.0364 -0.9954 -0.0891
vn 0.0377 -0.9953 -0.0887
vn 0.0287 -0.9954 -0.0914
vn -0.9526 0.1539 -0.2623
vn 0.9031 -0.4081 0.1336
vn 0.1319 -0.2637 -0.9556
vn -0.9685 0.0891 -0.2325
vn 0.7152 -0.3653 0.5959
vn 0.8836 -0.4273 0.1916
vn 0.9221 -0.3807 0.0694
vn -0.9855 0.1576 -0.0625
vn -0.0202 0.0079 0.9998
vn -0.9332 -0.3248 -0.1538
vn -0.9656 0.2372 -0.1066
vn 0.9372 -0.2806 0.2072
vn -0.2695 0.0266 0.9626
vn 0.3032 -0.2837 -0.9097
vn 0.0452 -0.9952 -0.0864
vn 0.3207 0.2770 -0.9058
vn -0.1403 -0.6494 0.7474
vn 0.8840 -0.0216 0.4670
vn -0.7953 0.1585 -0.5851
vn 0.0239 -0.9981 0.0560
vn 0.9788 0.0071 0.2049
vn 0.0222 0.8389 0.5439
vn 0.0899 -0.9515 -0.2941
vn -0.1002 0.9938 0.0485
vn -0.2706 0.2657 0.9253
vn 0.3124 -0.1603 -0.9363
vn 0.9431 -0.3119 0.1155
vn 0.9253 -0.2709 -0.2655
vn -0.8249 -0.5644 0.0327
vn -0.8674 -0.4093 -0.2830
vn -0.6568 -0.3354 -0.6753
vn 0.3122 0.4075 -0.8582
vn -0.9867 -0.0363 0.1581
vn -0.9790 -0.0001 -0.2039
vn -0.0754 -0.0538 0.9957
vn -0.0600 0.9704 0.2338
vn -0.0624 0.9697 0.2362
vn -0.0626 0.9700 0.2351
vn -0.0591 0.9708 0.2324
vn -0.0583 0.9710 0.2317
vn -0.0559 0.9718 0.2292
vn -0.0630 0.9696 0.2364
vn -0.0641 0.9698 0.2355
vn -0.0618 0.9695 0.2373
vn -0.0607 0.9703 0.2341
vn -0.0613 0.9698 0.2359
vn 0.8230 -0.4553 0.3396
vn -0.0313 -0.7439 0.6675
vn -0.1984 -0.7420 0.6404
vn 0.1662 -0.1426 -0.9757
vn -0.3070 0.3718 0.8761
vn -0.0747 0.3660 0.9276
vn -0.2695 0.7204 0.6391
vn -0.0329 0.7177 0.6955
vn -0.1716 0.6935 0.6997
vn -0.1854 0.3711 0.9099
vn -0.1519 -0.4794 0.8643
vn -0.2130 0.6387 -0.7394
vn -0.2576 0.9640 0.0661
vn -0.2857 0.7896 0.5431
vn -0.3180 -0.0076 0.9481
vn -0.9954 0.0579 0.0762
vn -0.9940 -0.1092 -0.0095
vn -0.2698 0.1355 0.9533
vn -0.3295 -0.7744 0.5401
vn -0.1309 -0.1594 -0.9785
vn 0.5286 -0.8409 -0.1160
vn 0.1765 -0.6069 -0.7749
vn 0.9496 -0.1324 0.2843
vn -0.9855 -0.0816 0.1490
vn -0.9998 -0.0119 -0.0140
vn 0.1994 0.3953 -0.8967
vn -0.5298 -0.8326 -0.1617
vn -0.5870 -0.7020 -0.4033
vn -0.3417 -0.9368 -0.0750
vn 0.3497 -0.9353 -0.0540
vn 0.3042 -0.9295 -0.2087
vn 0.1947 -0.8138 -0.5476
vn -0.2645 -0.9258 -0.2701
vn -0.1436 -0.8122 -0.5654
vn -0.1172 -0.4021 0.9081
vn -0.1250 0.3953 -0.9100
vn 0.9975 -0.0136 0.0691
vn -0.0101 -0.3864 0.9223
vn 0.9140 -0.0881 0.3960
vn 0.9837 0.1532 0.0942
vn -0.9437 -0.0881 0.3188
vn -0.9881 0.1535 0.0128
vn -0.7808 -0.2932 0.5517
vn 0.3987 -0.3522 0.8468
vn 0.5570 -0.0320 0.8299
vn -0.6656 -0.0665 0.7434
vn -0.5740 0.7353 -0.3603
vn 0.2429 0.7479 -0.6177
vn 0.6040 0.7855 0.1348
vn -0.2559 0.8986 0.3564
vn -0.1920 0.9813 0.0156
vn 0.1900 0.9813 0.0313
vn 0.2257 0.8986 0.3762
vn -0.1913 0.7479 -0.6356
vn 0.9554 0.1436 0.2582
vn 0.1760 0.9363 -0.3039
vn -0.1504 0.9363 -0.3174
vn -0.3378 -0.1082 -0.9350
vn 0.6017 0.7353 -0.3119
vn -0.6130 0.7855 0.0846
vn -0.9461 0.2440 0.2132
vn 0.9447 0.1788 -0.2749
vn -0.3337 0.1477 -0.9310
vn 0.3129 0.5710 0.7590
vn -0.3743 0.5710 0.7307
vn 0.9253 0.2440 0.2903
vn 0.4092 0.1477 -0.9004
vn -0.9189 0.1788 -0.3517
vn 0.3160 0.7287 0.6076
vn 0.4135 -0.1082 -0.9040
vn -0.3649 0.7287 0.5796
vn 0.9746 -0.0547 -0.2172
vn -0.9510 -0.0458 -0.3056
vn -0.9704 0.1872 0.1525
vn 0.4462 0.5366 -0.7162
vn 0.7234 0.5094 -0.4660
vn 0.8552 0.4271 -0.2936
vn 0.2962 0.8896 0.3476
vn -0.8332 0.4143 -0.3662
vn -0.6552 0.7299 -0.1947
vn -0.7195 0.4854 -0.4967
vn -0.3857 0.5366 -0.7505
vn -0.3244 0.8877 0.3268
vn 0.6479 0.7429 -0.1684
vn 0.3433 -0.1606 -0.9254
vn 0.9943 -0.0019 0.1066
vn 0.9874 -0.0296 -0.1554
vn 0.3822 0.1857 0.9052
vn -0.9717 -0.0682 -0.2260
vn -0.2635 -0.1722 -0.9492
vn -0.9968 -0.0353 0.0718
vn -0.4526 0.1744 0.8745
vn -0.9619 0.0650 0.2656
vn 0.9395 0.0994 0.3277
vn -0.1534 -0.5853 0.7962
vn -0.0589 -0.9491 0.3093
vn 0.1139 -0.9245 0.3638
vn 0.0332 -0.9491 0.3131
vn 0.2665 -0.9563 0.1202
vn 0.0873 -0.5852 0.8061
vn -0.1427 -0.9244 0.3538
vn -0.0410 -0.8944 0.4454
vn 0.0042 -0.8944 0.4473
vn -0.2755 -0.9563 0.0980
vn -0.0412 0.0028 0.9991
vn 0.1547 0.0028 0.9880
vn 0.9146 0.0010 0.4044
vn 0.7534 -0.5177 -0.4055
vn 0.1555 -0.0531 0.9864
vn 0.8929 -0.1085 0.4369
vn -0.9146 -0.0010 -0.4044
vn -0.1567 0.0390 -0.9869
vn 0.9611 -0.1494 0.2321
vn 0.8034 0.5473 0.2345
vn 0.1484 0.6769 0.7210
vn -0.0302 0.6805 0.7321
vn -0.1546 -0.0028 -0.9880
vn 0.9126 0.0289 0.4078
vn 0.1529 0.0028 0.9882
vn 0.0412 -0.0028 -0.9991
vn 0.1376 -0.7696 0.6235
vn 0.6848 -0.6811 0.2591
vn -0.5872 -0.6368 0.4996
vn -0.0525 -0.0099 0.9986
vn 0.9355 0.3523 0.0272
vn -0.8947 0.0754 -0.4403
vn 0.0500 0.0070 -0.9987
vn 0.9555 0.1796 -0.2338
vn 0.9388 -0.0105 -0.3443
vn 0.7234 -0.5218 -0.4522
vn 0.9591 0.1566 0.2359
vn 0.9301 0.0009 0.3673
vn -0.9650 0.0289 -0.2608
vn -0.9738 0.2171 0.0674
vn 0.9779 -0.0101 0.2086
vn 0.6684 0.7434 0.0254
vn -0.0512 0.9987 0.0084
vn -0.6129 0.7900 0.0180
vn -0.5310 -0.8474 0.0031
vn -0.0514 -0.9986 0.0140
vn -0.0001 -1.0000 0.0028
vn -0.3797 0.0027 0.9251
vn -0.2354 0.0028 0.9719
vn -0.9447 0.0010 0.3278
vn -0.7175 -0.5177 -0.4661
vn -0.2361 -0.0531 0.9703
vn -0.9258 -0.1085 0.3620
vn 0.9447 -0.0010 -0.3278
vn 0.2374 0.0390 -0.9706
vn -0.9770 -0.1494 0.1523
vn -0.8200 0.5473 0.1676
vn -0.2072 0.6769 0.7063
vn 0.2354 -0.0028 -0.9719
vn -0.9431 0.0289 0.3314
vn -0.2337 0.0028 0.9723
vn -0.1884 -0.7696 0.6101
vn -0.7038 -0.6811 0.2019
vn 0.5441 -0.6368 0.5463
vn -0.0298 -0.0099 0.9995
vn -0.9345 0.3523 -0.0498
vn 0.9279 0.0754 -0.3652
vn 0.0323 0.0070 -0.9995
vn -0.9331 0.1796 -0.3116
vn -0.9073 -0.0105 -0.4203
vn -0.6837 -0.5218 -0.5102
vn -0.9752 0.1566 0.1562
vn -0.9572 0.0009 0.2895
vn 0.9831 0.0289 -0.1805
vn 0.9650 0.2171 0.1473
vn -0.9918 -0.0101 0.1275
vn -0.6682 0.7434 -0.0297
vn 0.0504 0.9987 0.0125
vn 0.6093 0.7900 0.0684
vn 0.5290 -0.8474 0.0468
vn 0.0501 -0.9986 0.0182
vn 0.3024 0.0027 0.9532
vn -0.8036 0.1008 0.5866
vn -0.4784 -0.2939 -0.8275
vn -0.9758 -0.1939 -0.1012
vn 0.5494 0.3497 0.7589
vn 0.0634 -0.9442 0.3233
vn 0.4427 -0.2587 -0.8585
vn 0.8724 -0.2475 0.4216
vn 0.0446 -0.9476 0.3164
vn 0.9521 0.1980 0.2331
vn 0.4402 -0.4916 -0.7514
vn 0.5666 -0.1108 0.8165
vn -0.9630 0.1622 -0.2151
vn -0.3708 -0.1743 -0.9122
vn -0.7876 0.0479 0.6143
vn 0.0420 -0.9480 0.3154
vn 0.1267 -0.9700 0.2074
vn -0.1148 0.9596 -0.2569
vn 0.0568 0.8995 -0.4333
vn 0.9748 0.1029 0.1977
vn 0.4429 -0.2643 -0.8567
vn -0.8121 0.1671 0.5591
vn -0.9868 -0.0827 -0.1390
vn 0.5263 0.3000 0.7956
vn -0.5831 -0.2889 -0.7593
vn 0.5772 -0.0493 0.8151
vn 0.7170 -0.1633 -0.6777
vn 0.9595 -0.2228 0.1723
vn -0.7631 0.2343 0.6023
vn -0.3440 -0.8964 0.2795
vn -0.1477 -0.0753 -0.9862
vn -0.9881 -0.1398 0.0635
vn -0.4687 -0.8796 0.0817
vn -0.9786 0.2017 -0.0413
vn -0.1857 -0.2525 -0.9496
vn -0.8130 -0.0837 0.5762
vn 0.9888 0.0383 0.1443
vn 0.6335 -0.1094 -0.7660
vn 0.5589 -0.0306 0.8287
vn -0.1317 -0.9860 0.1020
vn -0.1778 -0.9836 -0.0291
vn 0.1822 0.9830 -0.0226
vn 0.0754 0.9649 -0.2517
vn -0.9883 0.1158 -0.0993
vn -0.1485 -0.0810 -0.9856
vn 0.5934 0.0204 0.8046
vn 0.9810 -0.1073 0.1615
vn -0.7524 0.1776 0.6343
vn 0.7948 -0.1762 -0.5808
vn -0.7621 -0.6131 -0.2081
vn 0.6521 -0.6980 0.2958
vn -0.1666 -0.9800 0.1087
vn -0.5635 0.7525 -0.3408
vn -0.3705 0.0754 0.9258
vn 0.9196 0.1831 0.3475
vn -0.2037 0.9313 0.3021
vn -0.3689 0.0552 0.9278
vn 0.0338 0.9919 -0.1226
vn 0.7972 0.1915 0.5726
vn -0.6513 0.7500 0.1153
vn -0.0253 -0.9711 -0.2375
vn 0.7708 -0.6076 0.1917
vn -0.7889 -0.5945 -0.1556
vn -0.3687 0.0524 0.9281
vn -0.2447 0.1041 0.9640
vn 0.2946 -0.1064 -0.9497
vn 0.5036 0.0084 -0.8639
vn 0.0661 0.9975 -0.0239
vn 0.9175 0.1835 0.3529
vn -0.7324 -0.6236 -0.2732
vn -0.1241 -0.9923 -0.0007
vn -0.6088 0.7362 -0.2957
vn 0.5602 -0.7806 0.2772
vn 0.4153 0.0301 -0.9092
vn -0.0503 -0.2746 0.9602
vn 0.8760 -0.3654 -0.3149
vn 0.1762 0.9836 0.0395
vn 0.0209 -0.9933 0.1139
vn 0.9494 -0.0240 0.3130
vn 0.9235 0.1035 -0.3695
vn 0.7091 0.6546 -0.2620
vn 0.2365 0.0994 0.9665
vn 0.0531 0.9828 0.1768
vn 0.5171 0.1032 -0.8497
vn 0.4473 -0.2659 -0.8539
vn -0.3583 0.3005 0.8839
vn 0.3985 0.3936 -0.8284
vn 0.3586 0.3976 -0.8446
vn 0.3630 0.3972 -0.8429
vn -0.1759 0.1885 0.9662
vn 0.6988 0.2990 -0.6499
vn 0.9391 0.0439 0.3408
vn 0.3936 -0.8968 -0.2022
vn -0.0106 -0.9625 0.2709
vn 0.1868 -0.9275 0.3238
vn 0.2262 -0.9479 -0.2242
vn 0.9189 -0.1708 -0.3557
vn 0.1310 -0.0363 0.9907
vn -0.0677 0.0867 0.9939
vn -0.7766 -0.0300 -0.6293
vn 0.0123 -0.9741 0.2257
vn 0.8211 -0.0418 -0.5693
vn 0.6476 -0.6681 -0.3664
vn 0.6765 -0.3270 -0.6599
vn 0.9119 -0.0864 0.4011
vn 0.9096 -0.1129 0.3998
vn -0.0277 -0.9776 -0.2087
vn 0.2896 -0.9541 -0.0765
vn -0.3028 0.7098 0.6360
vn 0.0788 0.6898 0.7197
vn 0.6801 0.1616 0.7151
vn -0.4343 -0.7810 0.4488
vn 0.6519 -0.6152 -0.4432
vn -0.6222 0.6322 0.4617
vn -0.3378 0.9241 0.1784
vn 0.3560 -0.9238 -0.1412
vn 0.8008 -0.0029 0.5989
vn -0.6701 -0.1668 -0.7233
vn -0.7825 -0.1875 -0.5938
vn -0.7245 -0.1768 -0.6662
vn -0.8210 -0.1939 -0.5369
vn 0.5288 0.6504 -0.5453
vn -0.9854 0.1615 -0.0543
vn -0.1027 0.9946 -0.0173
vn -0.3851 -0.0008 0.9229
vn -0.2166 0.0468 0.9751
vn -0.3082 0.0023 0.9513
vn -0.3945 -0.0224 0.9186
vn 0.9073 -0.2500 0.3380
vn -0.8028 -0.0504 -0.5941
vn 0.4932 0.5037 -0.7092
vn 0.8028 0.0504 0.5941
vn -0.4932 -0.5037 0.7092
vn 0.3350 -0.8624 -0.3795
vn -0.3350 0.8624 0.3795
vn 0.2170 0.9413 0.2586
vn 0.4358 0.0731 0.8971
vn 0.6603 -0.0348 0.7502
vn 0.6234 0.3272 0.7102
vn -0.0074 0.9973 -0.0724
vn -0.9654 0.0080 -0.2607
vn 0.9989 0.0165 -0.0443
vn 0.6242 0.7325 0.2717
vn 0.9620 -0.2089 0.1758
vn -0.9597 -0.0566 -0.2751
vn 0.8877 0.0496 -0.4577
vn 0.3627 -0.0175 0.9318
vn 0.7689 0.0616 -0.6364
vn 0.4332 0.0260 -0.9009
vn -0.6655 -0.2932 0.6864
vn -0.2751 -0.5091 -0.8156
vn -0.1795 0.9773 -0.1128
vn -0.0661 -0.9949 0.0758
vn -0.8713 -0.0912 -0.4822
vn -0.3361 0.0221 -0.9416
vn -0.2833 0.6175 -0.7338
vn -0.8723 0.0699 0.4839
vn -0.2147 0.9745 0.0652
vn 0.2827 0.0898 -0.9550
vn 0.3755 -0.2761 -0.8847
vn -0.4235 0.2930 0.8572
vn 0.3237 0.4004 -0.8573
vn -0.6062 0.1660 0.7778
vn 0.0533 0.2700 -0.9614
vn -0.8853 -0.0391 -0.4633
vn -0.0541 -0.9161 -0.3973
vn -0.1613 -0.9654 0.2048
vn -0.3377 -0.9359 0.1004
vn 0.0833 -0.9549 -0.2850
vn -0.3191 -0.2356 -0.9180
vn -0.8170 -0.0774 0.5714
vn -0.6846 0.0547 0.7268
vn 0.9893 0.0494 0.1375
vn -0.1332 -0.9774 0.1638
vn -0.1368 -0.0884 -0.9866
vn -0.1115 -0.7150 -0.6902
vn 0.0793 -0.3644 -0.9278
vn -0.8959 -0.1802 -0.4060
vn -0.8938 -0.2039 -0.3993
vn 0.2124 -0.9741 -0.0780
vn -0.1015 -0.9687 -0.2267
vn -0.2866 0.6997 0.6544
vn -0.6220 0.6536 0.4311
vn -0.9757 -0.1553 -0.1545
vn 0.0413 -0.7343 0.6776
vn 0.2603 -0.7702 -0.5823
vn -0.2573 0.7959 0.5481
vn -0.1109 0.9938 0.0049
vn 0.1233 -0.9897 0.0733
vn -0.9051 -0.2895 -0.3114
vn 0.9812 0.1479 0.1240
vn 0.9566 0.1123 0.2688
vn 0.9446 0.1031 0.3116
vn 0.8988 0.0689 0.4328
vn 0.0229 0.6480 -0.7613
vn 0.6456 0.3839 0.6602
vn -0.0169 0.9998 -0.0146
vn -0.4261 -0.0002 0.9047
vn -0.5740 0.0341 0.8181
vn -0.4960 -0.0048 0.8683
vn -0.4179 -0.0235 0.9082
vn -0.8430 -0.3272 -0.4269
vn 0.9396 -0.0504 0.3385
vn 0.3165 0.5037 -0.8038
vn -0.9396 0.0504 -0.3385
vn -0.3165 -0.5037 0.8038
vn 0.1300 -0.8624 -0.4892
vn -0.1300 0.8624 0.4892
vn -0.4415 0.8830 -0.1593
vn -0.9856 -0.1372 0.0988
vn -0.9987 -0.0247 -0.0452
vn -0.9963 0.0843 -0.0163
vn 0.0328 0.9980 -0.0534
vn 0.8457 0.0675 0.5293
vn -0.6438 -0.0646 -0.7625
vn -0.6718 0.6862 -0.2788
vn -0.7620 -0.2870 -0.5805
vn 0.5095 0.0269 0.8600
vn -0.2898 0.0014 -0.9571
vn -0.9208 -0.1271 0.3688
vn 0.0303 0.0220 -0.9993
vn 0.1406 -0.8200 0.5548
vn -0.6212 -0.4401 -0.6484
vn -0.4234 0.8370 -0.3467
vn 0.6407 0.4836 0.5963
vn 0.6307 0.5293 0.5675
vn 0.6219 0.5627 0.5446
vn 0.8244 -0.1528 -0.5450
vn -0.4035 -0.4948 0.7696
vn -0.4531 -0.6140 0.6463
vn 0.9757 -0.0023 -0.2191
vn -0.6186 0.3053 -0.7239
vn 0.4809 0.8210 0.3077
vn -0.3964 0.6867 -0.6094
vn -0.3903 -0.6031 0.6957
vn 0.4963 0.6414 0.5851
vn 0.5258 0.5310 0.6645
vn -0.6490 -0.4941 -0.5785
vn -0.6297 -0.6021 -0.4909
vn -0.6388 -0.5607 -0.5268
vn -0.6542 -0.4305 -0.6219
vn 0.2757 0.7032 -0.6553
vn -0.9568 -0.0934 0.2754
vn -0.7994 0.0523 0.5985
vn 0.2545 0.5398 -0.8024
vn 0.6493 0.4334 0.6250
vn -0.4749 -0.6538 -0.5891
vn -0.3971 0.5606 -0.7266
vn -0.3983 0.5588 -0.7274
vn -0.3974 0.5641 -0.7238
vn 0.7032 -0.5274 0.4768
vn -0.2509 -0.7700 0.5867
vn 0.0536 -0.8633 0.5018
vn 0.4344 -0.5270 0.7305
vn -0.2455 0.8806 -0.4053
vn -0.4386 0.7326 -0.5204
vn -0.4715 -0.6117 -0.6352
vn 0.7710 -0.2002 -0.6045
vn 0.7301 -0.1691 -0.6621
vn 0.6370 -0.2386 -0.7330
vn 0.3776 -0.9186 0.1167
vn -0.3968 0.7274 -0.5599
vn -0.3726 0.8557 -0.3591
vn -0.3967 0.7290 -0.5578
vn 0.4441 -0.8629 0.2413
vn -0.2733 -0.6034 -0.7492
vn 0.7647 0.5951 -0.2473
vn -0.5653 0.4288 -0.7047
vn 0.2261 -0.5688 -0.7907
vn 0.8401 -0.3968 0.3699
vn -0.8507 0.3378 -0.4027
vn 0.6776 0.5981 -0.4278
vn -0.8909 0.3444 -0.2960
vn 0.9749 -0.0630 0.2134
vn 0.9153 -0.3766 0.1428
vn -0.8705 0.4580 -0.1803
vn 0.7361 0.5923 -0.3275
vn -0.1431 0.8597 -0.4904
vn -0.2179 0.7283 0.6497
vn 0.6350 0.5344 -0.5578
vn 0.9127 -0.2817 0.2962
vn -0.3350 -0.6067 0.7210
vn 0.3178 -0.7629 0.5629
vn 0.4812 0.8698 0.1091
vn 0.7400 0.4316 0.5159
vn 0.7101 0.3128 0.6308
vn 0.2837 0.4329 -0.8556
vn -0.7666 -0.4119 -0.4925
vn -0.2081 -0.3871 0.8983
vn -0.2610 0.9509 -0.1662
vn 0.7162 -0.1227 -0.6870
vn -0.7264 0.1096 0.6785
vn -0.7367 -0.3048 -0.6037
vn 0.4454 0.6632 -0.6015
vn -0.5617 -0.5951 -0.5747
vn -0.5710 -0.5731 -0.5878
vn -0.5977 -0.5249 -0.6060
vn 0.5641 0.6251 0.5395
vn 0.5919 0.5425 0.5961
vn 0.5720 0.5935 0.5661
vn 0.8964 -0.0402 -0.4413
vn -0.9119 -0.0453 0.4079
vn 0.5985 0.4971 0.6282
vn -0.6127 -0.4920 -0.6184
vn -0.4620 0.7780 -0.4257
vn -0.8087 0.5769 0.1152
vn -0.4394 -0.4588 -0.7723
vn 0.7317 -0.5230 -0.4371
vn 0.5518 0.5712 0.6076
vn 0.5599 0.7375 0.3776
vn 0.5589 0.6254 0.5446
vn 0.1892 0.8713 -0.4529
vn -0.4325 0.3125 0.8457
vn -0.7397 -0.1656 0.6523
vn 0.2435 0.9459 -0.2142
vn 0.2282 -0.3592 -0.9049
vn 0.6257 0.7790 -0.0406
vn 0.3047 -0.9120 0.2747
vn -0.6018 0.0354 0.7979
vn 0.6557 0.4838 0.5797
vn 0.5582 0.1967 0.8060
vn -0.5407 -0.4982 -0.6779
vn -0.5445 -0.5680 -0.6172
vn -0.5332 -0.7219 -0.4410
vn -0.5015 -0.2648 -0.8236
vn 0.7905 -0.0054 -0.6124
vn -0.3920 -0.8748 0.2847
vn -0.2798 -0.7838 0.5544
vn 0.5736 -0.3932 -0.7186
vn 0.5118 0.3994 0.7606
vn -0.6800 -0.4567 -0.5736
vn 0.4113 -0.9093 -0.0636
vn 0.3420 -0.9385 -0.0472
vn 0.3331 -0.9417 -0.0467
vn -0.4120 0.8004 -0.4354
vn -0.5459 -0.5349 0.6449
vn -0.8232 0.5596 0.0960
vn -0.7230 0.6909 -0.0031
vn 0.7155 -0.6508 0.2541
vn 0.2750 -0.9321 0.2358
vn -0.2839 -0.9563 0.0694
vn -0.0039 -0.3684 -0.9297
vn -0.0118 -0.4499 -0.8930
vn -0.1344 -0.5128 -0.8479
vn -0.9042 0.3104 -0.2934
vn 0.3998 -0.9154 -0.0474
vn 0.3930 -0.9184 -0.0465
vn 0.5345 -0.8427 -0.0646
vn -0.8314 0.4561 -0.3174
vn -0.5533 -0.8242 -0.1204
vn 0.1290 0.5654 -0.8147
vn 0.8056 -0.5353 -0.2539
vn -0.3758 -0.7002 -0.6070
vn -0.3403 0.7309 -0.5916
vn 0.7425 -0.5887 -0.3195
vn 0.1826 0.8508 -0.4928
vn 0.7704 -0.5724 -0.2809
vn -0.4706 0.8686 0.1549
vn -0.4086 0.8922 -0.1922
vn 0.8461 -0.5052 -0.1698
vn 0.0687 0.8576 -0.5097
vn 0.6138 -0.6912 0.3814
vn 0.5483 -0.0535 0.8346
vn 0.3969 0.8634 -0.3115
vn -0.6941 0.6762 0.2470
vn -0.5233 -0.6798 0.5139
vn -0.5821 0.7986 -0.1528
vn 0.6842 0.7190 -0.1223
vn 0.6062 0.7419 -0.2866
vn 0.6146 0.7565 -0.2237
vn 0.7726 -0.6345 -0.0229
vn -0.5893 -0.7514 0.2967
vn -0.6870 0.7258 0.0345
vn 0.1095 0.1990 0.9739
vn 0.7602 -0.6437 -0.0878
vn -0.7111 0.6540 0.2579
vn -0.6146 -0.7565 0.2237
vn 0.6325 -0.0478 -0.7731
vn -0.6299 -0.5631 -0.5349
vn -0.5789 -0.4559 -0.6760
vn -0.6133 -0.5060 -0.6065
vn 0.5985 0.6455 0.4744
vn 0.6101 0.5236 0.5947
vn 0.6027 0.4824 0.6357
vn 0.2257 0.9068 -0.3560
vn -0.3723 -0.8568 0.3567
vn 0.5829 0.3165 0.7484
vn -0.5455 -0.3735 -0.7503
vn 0.6678 -0.5199 -0.5326
vn 0.5886 0.7353 -0.3360
vn -0.5886 -0.7353 0.3360
vn 0.1262 0.1250 0.9841
vn -0.8050 0.5922 0.0364
vn -0.3380 -0.3898 -0.8566
vn 0.7454 -0.6666 -0.0024
vn -0.6103 -0.7587 0.2277
vn 0.6103 0.7587 -0.2277
vn -0.1583 -0.1649 -0.9735
vn 0.7762 -0.6302 -0.0194
vn 0.1583 0.1649 0.9735
vn -0.7762 0.6302 0.0194
vn 0.1282 0.1275 0.9835
vn -0.0097 -0.0428 0.9990
vn -0.1272 -0.1263 -0.9838
vn -0.1277 -0.1269 -0.9837
vn -0.2191 -0.2407 -0.9455
vn -0.1281 -0.1275 -0.9835
vn -0.1727 -0.1828 -0.9679
vn 0.2191 0.2407 0.9455
vn -0.5909 -0.7378 0.3262
vn 0.1669 0.1757 0.9702
vn 0.6102 0.7586 -0.2285
vn -0.6102 -0.7586 0.2285
vn 0.1124 0.1079 0.9878
vn -0.1123 -0.1079 -0.9878
vn -0.0461 -0.0280 -0.9985
vn -0.0405 -0.0191 -0.9990
vn -0.0475 -0.0303 -0.9984
vn 0.7762 -0.6302 -0.0195
vn 0.0405 0.0191 0.9990
vn 0.6292 0.7762 -0.0403
vn -0.5159 -0.6525 0.5551
vn 0.0362 0.0137 0.9993
vn -0.3183 -0.4183 0.8507
vn -0.5321 -0.6713 0.5159
vn -0.6087 -0.7410 -0.2836
vn -0.9006 0.3510 -0.2562
vn -0.6725 0.5467 -0.4990
vn -0.6816 0.5346 -0.4996
vn -0.6722 0.5478 -0.4981
vn -0.9751 0.2187 0.0360
vn -0.4087 -0.5264 0.7456
vn -0.1144 -0.1711 0.9786
vn 0.5172 -0.7270 0.4516
vn -0.0488 -0.0292 -0.9984
vn -0.0202 0.0060 -0.9998
vn -0.0197 0.0065 -0.9998
vn -0.0187 0.0078 -0.9998
vn 0.1797 -0.9738 0.1395
vn -0.4790 -0.5694 -0.6681
vn -0.6298 -0.7764 0.0215
vn -0.0212 0.0047 -0.9998
vn 0.3106 0.4090 -0.8580
vn 0.6487 -0.5442 -0.5320
vn 0.6494 -0.5442 -0.5311
vn 0.6569 -0.5331 -0.5332
vn 0.8318 -0.3728 -0.4113
vn -0.6813 0.5358 -0.4987
vn -0.5476 0.7471 -0.3768
vn 0.5202 -0.8026 -0.2918
vn 0.6575 -0.5332 -0.5323
vn 0.4149 -0.9099 0.0012
vn -0.5359 -0.6432 -0.5469
vn -0.4230 -0.4976 -0.7573
vn -0.6292 -0.7762 0.0411
vn -0.1876 -0.2014 -0.9614
vn 0.0720 0.1193 -0.9902
vn 0.2023 0.2197 0.9544
vn -0.7762 0.6302 0.0195
vn -0.0547 -0.0980 0.9937
vn 0.5395 0.6479 0.5377
vn -0.6280 -0.7755 0.0654
vn -0.0063 0.0231 -0.9997
vn 0.4800 0.6106 -0.6299
vn -0.5323 -0.6716 0.5154
vn -0.6294 -0.7763 0.0344
vn 0.6289 0.7761 -0.0465
vn -0.4648 -0.5928 0.6577
vn -0.2709 -0.3612 0.8923
vn -0.6115 -0.7449 -0.2670
vn -0.9853 -0.0279 0.1687
vn -0.8036 0.3454 0.4847
vn 0.2388 0.2653 0.9341
vn -0.4070 0.8172 -0.4081
vn -0.0232 -0.0594 0.9980
vn -0.4763 0.8774 0.0571
vn -0.5068 0.5868 0.6315
vn 0.8706 -0.2201 -0.4401
vn -0.0726 -0.0587 -0.9956
vn 0.9577 -0.2869 0.0212
vn 0.6970 -0.3906 0.6013
vn -0.6216 -0.7598 -0.1906
vn -0.9783 0.2042 0.0358
vn -0.8730 0.4815 0.0779
vn 0.9980 0.0198 0.0606
vn 0.7383 -0.6691 0.0849
vn -0.8032 0.5828 0.1231
vn 0.6362 0.7495 0.1831
vn 0.7762 -0.6248 0.0851
vn -0.3916 -0.4939 0.7764
vn -0.1519 0.9837 0.0960
vn 0.6246 -0.7798 0.0424
vn -0.7677 0.6287 0.1238
vn 0.9038 0.2687 -0.3330
vn 0.9780 0.2041 -0.0436
vn 0.6389 0.7682 -0.0406
vn -0.6355 -0.7711 0.0405
vn 0.0290 0.9994 -0.0203
vn 0.3622 -0.9321 0.0031
vn 0.5981 0.7308 -0.3289
vn -0.3103 -0.4030 0.8610
vn 0.0954 0.9444 -0.3148
vn 0.2866 -0.9142 0.2866
vn -0.9465 0.1297 0.2956
vn 0.7660 -0.6425 -0.0188
vn -0.8352 0.5495 0.0234
vn -0.0880 0.9960 -0.0154
vn 0.9953 0.0873 -0.0420
vn 0.6234 -0.7818 -0.0103
vn -0.6436 -0.7643 0.0407
vn -0.7660 0.6425 0.0188
vn 0.6415 0.7660 -0.0407
vn -0.8905 0.4541 0.0274
vn 0.7059 -0.7082 -0.0151
vn 0.0726 -0.1104 -0.9912
vn -0.0726 0.1104 0.9912
vn -0.4419 -0.8964 0.0351
vn 0.4419 0.8964 -0.0350
vn 0.7853 0.6176 -0.0437
vn -0.7853 -0.6176 0.0436
vn 0.1528 -0.0727 0.9856
vn -0.1528 0.0727 -0.9856
vn 0.1005 -0.1327 -0.9860
vn -0.1005 0.1327 0.9860
vn -0.5195 -0.8537 0.0374
vn 0.5194 0.8537 -0.0374
vn 0.7276 0.6847 -0.0426
vn 0.6292 0.7762 -0.0404
vn -0.7276 -0.6847 0.0426
vn -0.6292 -0.7762 0.0403
vn 0.1802 -0.0952 0.9790
vn -0.1802 0.0952 -0.9790
vn 0.7683 -0.6399 -0.0189
vn -0.7682 0.6399 0.0189
vn -0.2909 -0.9563 0.0300
vn 0.2392 0.9706 -0.0282
vn -0.8696 -0.4918 0.0447
vn -0.6292 -0.7762 0.0404
vn 0.3461 0.9376 -0.0319
vn 0.8454 0.5322 -0.0445
vn -0.8750 -0.4820 0.0447
vn -0.3015 -0.9530 0.0304
vn 0.8997 0.4343 -0.0448
vn -0.9953 -0.0873 0.0420
vn -0.0880 0.9960 -0.0155
vn 0.0880 -0.9960 0.0155
vn -0.6415 -0.7660 0.0407
vn 0.0880 -0.9960 0.0154
vn -0.6415 -0.7660 0.0406
vn 0.6359 0.7532 0.1686
vn -0.9949 -0.0871 0.0515
vn -0.9650 -0.0814 0.2494
vn 0.7576 -0.6244 0.1899
vn -0.0777 0.9781 0.1932
vn -0.6190 -0.7452 0.2481
vn 0.0945 -0.9701 0.2234
vn 0.9819 0.0894 0.1672
vn -0.7407 0.6324 0.2267
vn -0.0877 0.9961 -0.0060
vn 0.9956 0.0875 -0.0326
vn 0.0884 -0.9958 0.0249
vn -0.6411 -0.7658 0.0501
vn -0.7656 0.6427 0.0282
vn 0.6419 0.7662 -0.0312
vn 0.7664 -0.6423 -0.0093
vn 0.5806 -0.5195 -0.6269
vn -0.8114 -0.0807 -0.5788
vn -0.0944 0.7755 -0.6243
vn 0.7618 0.0573 -0.6453
vn 0.0448 -0.7989 -0.5998
vn -0.5319 -0.6171 -0.5799
vn -0.6303 0.4961 -0.5972
vn 0.4822 0.5937 -0.6442
vn 0.6425 0.7662 -0.0073
vn -0.8343 -0.0653 0.5474
vn -0.9934 -0.0866 0.0753
vn 0.7670 -0.6415 0.0145
vn -0.0866 0.9961 0.0179
vn -0.6398 -0.7650 0.0739
vn 0.0893 -0.9948 0.0488
vn 0.9961 0.0879 -0.0087
vn -0.7642 0.6428 0.0521
vn -0.0549 0.8654 0.4980
vn 0.8758 0.0848 0.4752
vn 0.0964 -0.8459 0.5245
vn -0.5304 -0.6483 0.5462
vn -0.6374 0.5618 0.5274
vn 0.5719 0.6679 0.4763
vn 0.6788 -0.5422 0.4951
vn -0.6143 0.4812 -0.6254
vn -0.0936 0.7527 -0.6517
vn 0.4667 0.5761 -0.6711
vn 0.7384 0.0548 -0.6721
vn 0.5624 -0.5057 -0.6543
vn 0.0416 -0.7771 -0.6280
vn -0.5186 -0.6005 -0.6086
vn -0.7903 -0.0793 -0.6075
vn 0.6425 0.7662 -0.0083
vn -0.7344 -0.0544 0.6765
vn -0.9935 -0.0867 0.0744
vn 0.7669 -0.6416 0.0136
vn -0.0867 0.9961 0.0169
vn -0.6399 -0.7650 0.0730
vn 0.0893 -0.9949 0.0478
vn 0.9961 0.0879 -0.0096
vn -0.7643 0.6428 0.0512
vn -0.0411 0.7734 0.6326
vn 0.7867 0.0790 0.6122
vn 0.0934 -0.7488 0.6562
vn -0.4641 -0.5731 0.6754
vn -0.5592 0.5033 0.6587
vn 0.5164 0.5977 0.6133
vn 0.6115 -0.4787 0.6300
vn -0.0406 -0.0191 -0.9990
vn -0.7148 0.6992 0.0156
vn 0.8310 -0.5558 -0.0231
vn -0.7029 0.7073 0.0750
vn 0.3428 0.4477 -0.8259
vn 0.8383 -0.5440 0.0364
vn -0.3422 -0.4470 0.8265
vn -0.2755 0.9613 -0.0072
vn 0.9967 -0.0716 -0.0391
vn 0.5002 0.5967 0.6274
vn 0.0404 0.0191 0.9990
vn 0.3729 0.4838 -0.7918
vn 0.8717 -0.4894 -0.0260
vn -0.6582 0.7528 0.0123
vn -0.7401 0.6722 0.0172
vn 0.8098 -0.5862 -0.0216
vn 0.9912 -0.1265 -0.0378
vn -0.3281 0.9446 -0.0048
vn -0.3281 0.9446 -0.0047
vn 0.2411 -0.9705 0.0088
vn 0.2410 -0.9705 0.0088
vn -0.9986 0.0360 0.0398
vn 0.2411 -0.9705 0.0087
vn -0.9684 0.2470 0.0346
vn 0.4412 -0.8974 -0.0007
vn 0.1849 -0.9824 -0.0258
vn 0.3542 -0.9349 -0.0226
vn -0.9879 0.1547 0.0110
vn -0.9998 -0.0205 0.0039
vn -0.3981 -0.5138 0.7600
vn -0.3984 -0.4664 -0.7898
vn -0.3325 -0.4353 0.8366
vn -0.8889 0.4572 0.0288
vn 0.6281 0.7755 -0.0633
vn 0.6303 -0.7763 -0.0092
vn 0.2425 0.2700 0.9318
vn -0.6303 0.7763 0.0092
vn 0.6281 0.7756 -0.0632
vn 0.3730 0.4837 -0.7918
vn 0.8889 -0.4572 -0.0288
vn 0.2426 0.2699 0.9318
vn 0.5898 0.6909 0.4180
vn -0.9954 -0.0874 0.0380
vn -0.8681 -0.0691 0.4916
vn 0.7007 -0.5636 0.4374
vn -0.0600 0.8958 0.4404
vn -0.5530 -0.6736 0.4903
vn 0.0968 -0.8785 0.4679
vn 0.9049 0.0864 0.4167
vn -0.6639 0.5810 0.4709
vn -0.0882 0.9959 -0.0195
vn 0.9951 0.0872 -0.0461
vn 0.0879 -0.9961 0.0114
vn -0.6417 -0.7661 0.0366
vn -0.7662 0.6424 0.0147
vn 0.6414 0.7659 -0.0447
vn 0.7658 -0.6426 -0.0228
vn 0.6219 0.0428 -0.7819
vn 0.6359 0.7532 0.1683
vn -0.6832 -0.0491 0.7286
vn -0.9650 -0.0814 0.2492
vn 0.7577 -0.6245 0.1897
vn -0.0777 0.9781 0.1930
vn -0.6190 -0.7452 0.2478
vn 0.0945 -0.9702 0.2231
vn 0.9819 0.0894 0.1669
vn -0.7408 0.6324 0.2265
vn -0.0346 0.7254 0.6875
vn 0.7398 0.0758 0.6685
vn 0.0913 -0.6987 0.7096
vn -0.4303 -0.5343 0.7276
vn -0.5193 0.4727 0.7120
vn 0.4869 0.5610 0.6695
vn 0.5759 -0.4460 0.6851
vn -0.5328 0.4068 -0.7420
vn 0.3900 0.4878 -0.7810
vn -0.6831 -0.0716 -0.7268
vn 0.4716 -0.4356 -0.7667
vn -0.0883 0.6385 -0.7645
vn -0.4512 -0.5166 -0.7277
vn 0.0271 -0.6674 -0.7442
vt 0.059165 0.245620
vt 0.055031 0.281627
vt 0.030437 0.276867
vt 0.031313 0.237137
vt 0.503088 0.303490
vt 0.499537 0.324697
vt 0.454426 0.314725
vt 0.451342 0.292913
vt 0.236433 0.271612
vt 0.231385 0.233236
vt 0.263567 0.217192
vt 0.271630 0.237131
vt 0.311636 0.204741
vt 0.320491 0.221510
vt 0.421278 0.311791
vt 0.419259 0.289215
vt 0.226769 0.209591
vt 0.263838 0.194726
vt 0.307421 0.189725
vt 0.462692 0.342775
vt 0.423131 0.346632
vt 0.051787 0.304377
vt 0.026649 0.300693
vt 0.496039 0.342249
vt 0.011581 0.391481
vt 0.039248 0.394953
vt 0.031967 0.441346
vt 0.002321 0.437458
vt 0.008127 0.405782
vt 0.463918 0.429417
vt 0.499537 0.425360
vt 0.495331 0.461485
vt 0.472923 0.461765
vt 0.255233 0.101896
vt 0.202064 0.122324
vt 0.200443 0.107154
vt 0.245650 0.050241
vt 0.297338 0.107301
vt 0.299687 0.070616
vt 0.426311 0.434915
vt 0.426154 0.458727
vt 0.463918 0.387960
vt 0.424847 0.392691
vt 0.260528 0.147822
vt 0.302203 0.148473
vt 0.221920 0.161399
vt 0.493822 0.385280
vt 0.047418 0.352013
vt 0.021463 0.348311
vt 0.551106 0.484620
vt 0.546272 0.517150
vt 0.496682 0.492627
vt 0.425275 0.470049
vt 0.474063 0.503339
vt 0.431155 0.507777
vt 0.029905 0.473707
vt 0.000000 0.469509
vt 0.696345 0.897173
vt 0.696345 0.964233
vt 0.675980 0.922699
vt 0.512589 0.516416
vt 0.473045 0.534954
vt 0.519123 0.211102
vt 0.494568 0.236720
vt 0.457826 0.195003
vt 0.482378 0.173104
vt 0.517956 0.139728
vt 0.534238 0.150238
vt 0.556967 0.160572
vt 0.531520 0.221402
vt 0.173366 0.527552
vt 0.193854 0.578617
vt 0.172126 0.576287
vt 0.166375 0.554607
vt 0.441780 0.534043
vt 0.033233 0.494338
vt 0.000513 0.489245
vt 0.200184 0.039472
vt 0.196250 0.074561
vt 0.353940 0.943143
vt 0.372935 0.942071
vt 0.372533 0.952327
vt 0.355528 0.954725
vt 0.368710 0.967637
vt 0.351091 0.968974
vt 0.143448 0.519255
vt 0.145690 0.501187
vt 0.165048 0.502139
vt 0.162349 0.518896
vt 0.506395 0.559431
vt 0.507521 0.542580
vt 0.523635 0.547472
vt 0.521312 0.564272
vt 0.541625 0.541627
vt 0.539633 0.562707
vt 0.818983 0.947449
vt 0.815869 0.957785
vt 0.811468 0.964924
vt 0.797313 0.966122
vt 0.792759 0.951412
vt 0.797235 0.933947
vt 0.811956 0.933947
vt 0.962761 0.284522
vt 0.963947 0.260583
vt 0.980435 0.262829
vt 0.980739 0.284522
vt 0.351091 0.934100
vt 0.370122 0.935893
vt 0.166375 0.523216
vt 0.142543 0.523544
vt 0.631929 0.831602
vt 0.643495 0.828254
vt 0.643977 0.897701
vt 0.632601 0.900229
vt 0.018694 0.970939
vt 0.031600 0.965591
vt 0.036161 0.969009
vt 0.019968 0.975772
vt 0.520143 0.568900
vt 0.501314 0.562575
vt 0.032319 0.954561
vt 0.036967 0.955072
vt 0.030318 0.942448
vt 0.018694 0.933853
vt 0.019632 0.928931
vt 0.034339 0.939771
vt 0.543280 0.567073
vt 0.451267 0.060979
vt 0.464564 0.042951
vt 0.476653 0.049480
vt 0.460079 0.070790
vt 0.533421 0.632222
vt 0.510506 0.634950
vt 0.155069 0.593847
vt 0.131483 0.594793
vt 0.658207 0.826604
vt 0.658440 0.896936
vt 0.384287 0.018630
vt 0.397249 0.000000
vt 0.491838 0.629290
vt 0.675980 0.832757
vt 0.675980 0.903067
vt 0.128811 0.632221
vt 0.155177 0.627294
vt 0.166308 0.675526
vt 0.146371 0.690126
vt 0.508320 0.648272
vt 0.485822 0.641869
vt 0.116011 0.586011
vt 0.129162 0.609570
vt 0.110529 0.599163
vt 0.882143 0.968604
vt 0.883766 0.954737
vt 0.896229 0.953983
vt 0.894038 0.970676
vt 0.536023 0.645256
vt 0.157643 0.607755
vt 0.882143 0.939452
vt 0.894426 0.935585
vt 0.814070 0.264193
vt 0.804670 0.243762
vt 0.817471 0.217535
vt 0.842208 0.216283
vt 0.858503 0.240964
vt 0.855733 0.271232
vt 0.827998 0.278792
vt 0.351541 0.017774
vt 0.354885 0.032757
vt 0.273953 0.045230
vt 0.273622 0.021660
vt 0.478890 0.086224
vt 0.496407 0.069710
vt 0.545892 0.127910
vt 0.520550 0.141678
vt 0.487573 0.664801
vt 0.507491 0.668833
vt 0.512999 0.734100
vt 0.486470 0.728121
vt 0.353692 0.052581
vt 0.282210 0.067387
vt 0.347836 0.006459
vt 0.271353 0.004338
vt 0.532245 0.666679
vt 0.543280 0.736491
vt 0.374007 -0.000000
vt 0.379724 0.012682
vt 0.384287 0.029475
vt 0.382188 0.051790
vt 0.855244 0.259257
vt 0.847443 0.278792
vt 0.240029 0.020890
vt 0.166307 0.669172
vt 0.166375 0.728912
vt 0.193854 0.517680
vt 0.180249 0.541427
vt 0.187817 0.501187
vt 0.610180 0.098185
vt 0.583879 0.106995
vt 0.580309 0.092676
vt 0.604845 0.087638
vt 0.974910 0.718936
vt 0.972549 0.695505
vt 0.986146 0.687506
vt 0.986146 0.711472
vt 0.059527 0.649360
vt 0.077488 0.651585
vt 0.077438 0.666235
vt 0.049375 0.661168
vt 0.601442 0.073296
vt 0.579559 0.077816
vt 0.598202 0.837215
vt 0.594313 0.822549
vt 0.614881 0.827058
vt 0.350281 0.377093
vt 0.372891 0.366352
vt 0.376731 0.380247
vt 0.349270 0.390829
vt 0.025892 0.068756
vt 0.065586 0.073723
vt 0.061513 0.087849
vt 0.043954 0.085683
vt 0.027345 0.082475
vt 0.630877 0.831740
vt 0.631213 0.847486
vt 0.987631 0.581517
vt 0.996945 0.569112
vt 0.990251 0.596015
vt 0.373390 0.353281
vt 0.642551 0.219941
vt 0.594827 0.220577
vt 0.035373 0.206140
vt 0.000000 0.213634
vt 0.277464 0.264887
vt 0.315776 0.244279
vt 0.089225 0.771429
vt 0.054866 0.756333
vt 0.023777 0.661337
vt -0.000000 0.771429
vt 0.064358 0.200110
vt 0.594663 0.894170
vt 0.625071 0.900946
vt 0.619889 0.910261
vt 0.594313 0.906905
vt 0.591948 0.014800
vt 0.571590 0.017636
vt 0.572742 0.002082
vt 0.589710 0.000000
vt 0.066001 0.017474
vt 0.032409 0.013003
vt 0.035428 -0.000000
vt 0.060171 0.003682
vt 0.357322 0.446403
vt 0.382776 0.438826
vt 0.384287 0.453573
vt 0.362859 0.458382
vt 0.833003 0.762255
vt 0.854248 0.762097
vt 0.852070 0.775223
vt 0.834528 0.775765
vt 0.826764 0.740137
vt 0.854248 0.740186
vt 0.377704 0.409137
vt 0.350780 0.418980
vt 0.028820 0.041467
vt 0.065461 0.046151
vt 0.601170 0.043031
vt 0.574931 0.046858
vt 0.630577 0.874453
vt 0.597441 0.867297
vt 0.987631 0.563269
vt 0.275256 0.239630
vt 0.241170 0.274199
vt 0.424670 0.545145
vt 0.469960 0.541627
vt 0.466227 0.546205
vt 0.426436 0.549401
vt 0.485570 0.582318
vt 0.485822 0.613443
vt 0.479447 0.613580
vt 0.480238 0.581554
vt 0.033854 0.233565
vt 0.061237 0.241008
vt 0.436470 0.603931
vt 0.465074 0.572518
vt 0.472561 0.591756
vt 0.460152 0.607584
vt 0.635362 0.242050
vt 0.589736 0.240435
vt 0.317960 0.225661
vt 0.260515 0.294169
vt 0.063684 0.230165
vt 0.384287 0.607015
vt 0.433910 0.612173
vt 0.385427 0.618953
vt 0.068686 0.219411
vt 0.459376 0.612293
vt 0.556967 0.241474
vt 0.576270 0.229680
vt 0.009499 0.771429
vt 0.022228 0.773622
vt 0.027158 0.802269
vt 0.007913 0.803118
vt 0.534270 0.768216
vt 0.542240 0.768466
vt 0.535396 0.785440
vt 0.528863 0.785241
vt 0.518350 0.767585
vt 0.522003 0.738840
vt 0.532287 0.736491
vt 0.271365 0.941639
vt 0.258769 0.942450
vt 0.258769 0.932044
vt 0.271419 0.929420
vt 0.919384 0.514933
vt 0.896659 0.511561
vt 0.896805 0.485776
vt 0.919540 0.487454
vt 0.236087 0.907752
vt 0.226825 0.908901
vt 0.225080 0.880111
vt 0.235774 0.877636
vt 0.535012 0.797116
vt 0.528479 0.796916
vt 0.930179 0.516535
vt 0.931668 0.526928
vt 0.920873 0.525326
vt 0.256854 0.907806
vt 0.252438 0.924982
vt 0.233835 0.924017
vt 0.041212 0.818940
vt 0.013504 0.820129
vt 0.502871 0.858286
vt 0.521725 0.858618
vt 0.522997 0.893100
vt 0.504215 0.892955
vt 0.931614 0.536451
vt 0.920819 0.534849
vt 0.866617 0.095808
vt 0.885663 0.096620
vt 0.885663 0.128032
vt 0.866848 0.127418
vt 0.041068 0.830724
vt 0.014030 0.831792
vt 0.034977 0.860047
vt 0.034402 0.852113
vt 0.068900 0.850964
vt 0.069279 0.856329
vt 0.009041 0.836231
vt 0.540077 0.801562
vt 0.533544 0.801363
vt 0.930294 0.542937
vt 0.919499 0.541336
vt 0.522760 0.835234
vt 0.495802 0.834877
vt 0.010265 0.863397
vt 0.539257 0.826492
vt 0.532649 0.828558
vt 0.930179 0.563269
vt 0.919378 0.562883
vt 0.509813 0.817379
vt 0.510804 0.825431
vt 0.003981 0.836301
vt 0.005103 0.861205
vt 0.521897 0.828903
vt 0.498823 0.828558
vt 0.502854 0.795962
vt 0.935871 0.533490
vt 0.934551 0.539977
vt 0.008444 0.820199
vt 0.008970 0.831863
vt 0.001423 0.803240
vt 0.504034 0.784275
vt 0.281813 0.943310
vt 0.281813 0.932904
vt 0.543280 0.736849
vt 0.000000 0.771656
vt 0.280796 0.966590
vt 0.270232 0.968733
vt 0.533120 0.828668
vt 0.535827 0.835005
vt 0.896774 0.537964
vt 0.896659 0.558295
vt 0.530944 0.858377
vt 0.898094 0.531477
vt 0.070729 0.828478
vt 0.069649 0.836555
vt 0.476345 0.821676
vt 0.475200 0.816197
vt 0.898148 0.521954
vt 0.225080 0.925994
vt 0.258769 0.878880
vt 0.930325 0.490750
vt 0.258795 0.965797
vt 0.532100 0.893045
vt 0.535827 0.908430
vt 0.523482 0.908518
vt 0.082941 0.833050
vt 0.081791 0.855148
vt 0.082254 0.863397
vt 0.474547 0.793794
vt 0.474270 0.801771
vt 0.457875 0.798030
vt 0.458157 0.785798
vt 0.459302 0.820153
vt 0.460915 0.828558
vt 0.858089 0.095805
vt 0.858274 0.127222
vt 0.572680 0.255987
vt 0.601424 0.256608
vt 0.601424 0.278702
vt 0.572680 0.278081
vt 0.572192 0.242050
vt 0.597144 0.244315
vt 0.597144 0.287018
vt 0.572192 0.288037
vt 0.556967 0.277741
vt 0.560339 0.286223
vt 0.560339 0.243519
vt 0.556967 0.255647
vt 0.084477 0.820685
vt 0.331335 0.976171
vt 0.332308 0.967186
vt 0.348168 0.969891
vt 0.346675 0.982074
vt 0.331335 0.948619
vt 0.346675 0.944776
vt 0.498078 0.908308
vt 0.457754 0.741289
vt 0.457501 0.754678
vt 0.454914 0.754790
vt 0.455159 0.740971
vt 0.457516 0.729554
vt 0.454914 0.729675
vt 0.457754 0.791759
vt 0.457501 0.805148
vt 0.454914 0.805260
vt 0.455159 0.791441
vt 0.457516 0.780025
vt 0.454914 0.780146
vt 0.457754 0.766524
vt 0.457501 0.779913
vt 0.454914 0.780025
vt 0.455159 0.766206
vt 0.457516 0.754790
vt 0.454914 0.754911
vt 0.866733 0.883848
vt 0.867245 0.897225
vt 0.865096 0.897560
vt 0.864585 0.883754
vt 0.867245 0.872103
vt 0.865099 0.872448
vt 0.000000 0.928931
vt 0.018694 0.929285
vt 0.018694 0.949131
vt 0.001618 0.947825
vt 0.017399 0.977903
vt 0.000427 0.976708
vt 0.196250 0.993151
vt 0.196250 0.976030
vt 0.208327 0.979365
vt 0.208344 0.991910
vt 0.827028 0.872103
vt 0.821452 0.845211
vt 0.855426 0.844108
vt 0.867520 0.868925
vt 0.826709 0.801785
vt 0.860194 0.808395
vt 0.833357 0.779780
vt 0.867520 0.789836
vt 0.868722 0.139565
vt 0.873011 0.175492
vt 0.839375 0.172670
vt 0.842032 0.130438
vt 0.736984 0.112465
vt 0.733669 0.076704
vt 0.754655 0.081796
vt 0.755249 0.125203
vt 0.812313 0.074583
vt 0.816392 0.103551
vt 0.738615 0.037640
vt 0.769989 0.046792
vt 0.873011 0.212313
vt 0.837581 0.216283
vt 0.410274 0.829813
vt 0.384287 0.817835
vt 0.389258 0.812462
vt 0.412243 0.812818
vt 0.748032 0.717583
vt 0.749157 0.753292
vt 0.709394 0.747686
vt 0.709394 0.717556
vt 0.787186 0.715169
vt 0.747864 0.697921
vt 0.771741 0.696478
vt 0.776417 0.037815
vt 0.801014 0.053491
vt 0.093200 0.253233
vt 0.081996 0.287243
vt 0.235064 0.673231
vt 0.208063 0.660901
vt 0.219911 0.644317
vt 0.245809 0.653039
vt 0.143087 0.267049
vt 0.134518 0.289350
vt 0.283705 0.689555
vt 0.294127 0.667965
vt 0.395437 0.297628
vt 0.395089 0.319288
vt 0.128473 0.310183
vt 0.078480 0.310184
vt 0.256015 0.635720
vt 0.300590 0.646715
vt 0.390431 0.349168
vt 0.234268 0.621887
vt 0.067786 0.401422
vt 0.066911 0.416115
vt 0.063455 0.447852
vt 0.266139 0.542862
vt 0.279215 0.511704
vt 0.297635 0.518694
vt 0.290867 0.557925
vt 0.119444 0.404060
vt 0.128519 0.447670
vt 0.340166 0.565225
vt 0.384287 0.476249
vt 0.393301 0.437540
vt 0.392024 0.394928
vt 0.271548 0.596837
vt 0.317560 0.601913
vt 0.120757 0.358020
vt 0.075025 0.356862
vt 0.251739 0.581496
vt 0.311198 0.495501
vt 0.376813 0.508871
vt 0.370477 0.540325
vt 0.384287 0.516364
vt 0.060917 0.479721
vt 0.301207 0.480770
vt 0.127677 0.480052
vt 0.325857 0.458382
vt 0.335100 0.487302
vt 0.465597 0.259353
vt 0.406475 0.273098
vt 0.397193 0.252385
vt 0.428728 0.218204
vt 0.135856 0.493645
vt 0.068474 0.501187
vt 0.359181 0.487372
vt 0.408222 0.541627
vt 0.953958 0.952155
vt 0.953687 0.963132
vt 0.933732 0.960439
vt 0.932136 0.950616
vt 0.953958 0.978412
vt 0.933764 0.976636
vt 0.179227 0.982844
vt 0.160219 0.982567
vt 0.160469 0.962814
vt 0.179227 0.962507
vt 0.893988 0.015482
vt 0.880234 0.021407
vt 0.879454 0.006046
vt 0.894340 0.000000
vt 0.861404 0.019844
vt 0.860934 0.000244
vt 0.454914 0.709571
vt 0.465895 0.696364
vt 0.483585 0.696364
vt 0.485379 0.713711
vt 0.475470 0.729554
vt 0.459687 0.727510
vt 0.455838 0.720442
vt 0.953958 0.977694
vt 0.955184 0.960284
vt 0.976685 0.961450
vt 0.977858 0.977694
vt 0.954602 0.952512
vt 0.976493 0.954527
vt 0.426223 0.926904
vt 0.428888 0.931331
vt 0.407116 0.934257
vt 0.408915 0.929227
vt 0.834461 0.289215
vt 0.838513 0.368528
vt 0.828483 0.370517
vt 0.824177 0.289707
vt 0.408828 0.895979
vt 0.407116 0.892288
vt 0.427481 0.887617
vt 0.425009 0.892267
vt 0.899245 0.018612
vt 0.881873 0.026292
vt 0.434904 0.898682
vt 0.430932 0.901027
vt 0.434483 0.912409
vt 0.439333 0.913052
vt 0.858089 0.024463
vt 0.253516 0.527670
vt 0.261817 0.537474
vt 0.244407 0.553386
vt 0.235155 0.539330
vt 0.885265 0.086540
vt 0.861793 0.083885
vt 0.729260 0.485776
vt 0.777172 0.553375
vt 0.757397 0.564487
vt 0.709394 0.499240
vt 0.814943 0.373674
vt 0.810331 0.290720
vt 0.215224 0.458382
vt 0.196250 0.469596
vt 0.901941 0.078987
vt 0.796211 0.375695
vt 0.791201 0.293098
vt 0.771938 0.597469
vt 0.717165 0.644158
vt 0.709394 0.609675
vt 0.754248 0.582747
vt 0.906475 0.087776
vt 0.885687 0.095805
vt 0.815479 0.392609
vt 0.793136 0.392192
vt 0.844607 0.385313
vt 0.832158 0.388681
vt 0.858089 0.095600
vt 0.786257 0.567350
vt 0.763395 0.574632
vt 0.412488 0.288398
vt 0.394549 0.289215
vt 0.384287 0.265870
vt 0.401458 0.241794
vt 0.403704 0.236036
vt 0.436920 0.256811
vt 0.426905 0.281024
vt 0.187746 0.398504
vt 0.150932 0.455458
vt 0.140030 0.439074
vt 0.175896 0.387207
vt 0.273719 0.536241
vt 0.339344 0.496480
vt 0.356646 0.523832
vt 0.282040 0.558367
vt 0.157293 0.831480
vt 0.142619 0.876527
vt 0.133628 0.901666
vt 0.136470 0.837154
vt 0.122570 0.433461
vt 0.157508 0.384269
vt 0.196250 0.409859
vt 0.163548 0.469738
vt 0.110529 0.899585
vt 0.114812 0.831783
vt 0.137242 0.830964
vt 0.110529 0.823854
vt 0.282528 0.567118
vt 0.237972 0.562085
vt 0.809746 0.422799
vt 0.791201 0.411710
vt 0.160219 0.822061
vt 0.824945 0.418807
vt 0.407116 0.934257
vt 0.433052 0.934257
vt 0.431333 0.942630
vt 0.414391 0.961920
vt 0.339595 0.534625
vt 0.312710 0.513387
vt 0.325538 0.490435
vt 0.573410 0.630301
vt 0.578114 0.640251
vt 0.551106 0.637457
vt 0.554094 0.621971
vt 0.867520 0.809023
vt 0.868225 0.793540
vt 0.884421 0.779780
vt 0.884670 0.798533
vt 0.782804 0.131130
vt 0.791751 0.144048
vt 0.761816 0.146527
vt 0.760900 0.130438
vt 0.905787 0.809389
vt 0.907432 0.797369
vt 0.647581 0.551181
vt 0.657003 0.564527
vt 0.636637 0.561835
vt 0.602282 0.640552
vt 0.581372 0.654391
vt 0.610109 0.651806
vt 0.992486 0.110062
vt 0.984104 0.110812
vt 0.984679 0.093797
vt 0.985645 0.075582
vt 0.992486 0.070722
vt 0.672718 0.560650
vt 0.679509 0.556620
vt 0.645875 0.575475
vt 0.775663 0.261595
vt 0.743331 0.274765
vt 0.743331 0.147709
vt 0.160461 0.104779
vt 0.146462 0.239745
vt 0.105252 0.224770
vt 0.144291 0.099629
vt 0.589075 0.508123
vt 0.631929 0.513805
vt 0.804670 0.249106
vt 0.703103 0.681110
vt 0.634275 0.682946
vt 0.079065 0.206759
vt 0.127362 0.093011
vt 0.677324 0.499691
vt 0.685466 0.485776
vt 0.709394 0.495504
vt 0.706873 0.509842
vt 0.902669 0.863653
vt 0.902054 0.877225
vt 0.885807 0.870422
vt 0.883140 0.855181
vt 0.791201 0.434992
vt 0.798668 0.422799
vt 0.823746 0.423070
vt 0.825153 0.435890
vt 0.631094 0.701737
vt 0.631929 0.714073
vt 0.611245 0.721453
vt 0.605293 0.707943
vt 0.872888 0.876195
vt 0.867520 0.862827
vt 0.313031 0.916632
vt 0.313818 0.891794
vt 0.334499 0.893822
vt 0.338944 0.918798
vt 0.623228 0.675411
vt 0.595578 0.682015
vt 0.791201 0.479336
vt 0.791229 0.458145
vt 0.827216 0.461483
vt 0.830624 0.483454
vt 0.908005 0.837831
vt 0.883546 0.827073
vt 0.663381 0.526537
vt 0.693987 0.534058
vt 0.384287 0.657489
vt 0.385309 0.656071
vt 0.428655 0.690744
vt 0.427943 0.696364
vt 0.463721 0.680716
vt 0.468023 0.685000
vt 0.481997 0.643427
vt 0.475910 0.644098
vt 0.093784 0.249376
vt 0.433406 0.620600
vt 0.458980 0.616917
vt 0.468328 0.631861
vt 0.454443 0.645345
vt 0.444957 0.688873
vt 0.580407 0.485776
vt 0.625225 0.486794
vt 0.139123 0.263476
vt 0.697494 0.697675
vt 0.631929 0.684102
vt 0.709394 0.707936
vt 0.896387 0.993594
vt 0.896387 0.967670
vt 0.907994 0.980998
vt 0.846982 0.487181
vt 0.853946 0.518062
vt 0.838314 0.520890
vt 0.836465 0.491692
vt 0.798683 0.676685
vt 0.800641 0.694918
vt 0.796101 0.693709
vt 0.792487 0.675356
vt 0.805491 0.645956
vt 0.816644 0.650155
vt 0.816418 0.679070
vt 0.958715 0.096292
vt 0.958748 0.109323
vt 0.946206 0.107229
vt 0.946206 0.095977
vt 0.893808 0.317251
vt 0.894032 0.289215
vt 0.916811 0.294064
vt 0.916601 0.320372
vt 0.372397 0.916293
vt 0.373172 0.885794
vt 0.383874 0.887671
vt 0.382186 0.916846
vt 0.798955 0.707222
vt 0.794492 0.705920
vt 0.895183 0.328071
vt 0.884309 0.327035
vt 0.882980 0.315769
vt 0.369234 0.932219
vt 0.351092 0.934100
vt 0.352931 0.917314
vt 0.852028 0.536238
vt 0.830137 0.538677
vt 0.583985 0.853930
vt 0.584214 0.886597
vt 0.565517 0.884975
vt 0.564837 0.854676
vt 0.895066 0.338467
vt 0.884209 0.337448
vt 0.184104 0.953392
vt 0.160944 0.952217
vt 0.160219 0.934463
vt 0.184834 0.935471
vt 0.853757 0.548427
vt 0.832233 0.548390
vt 0.835627 0.577917
vt 0.802527 0.566757
vt 0.802642 0.561204
vt 0.836221 0.569915
vt 0.859138 0.552270
vt 0.921975 0.339650
vt 0.920787 0.345962
vt 0.916614 0.348854
vt 0.917836 0.342133
vt 0.893818 0.345437
vt 0.882980 0.344294
vt 0.563418 0.830766
vt 0.590535 0.832480
vt 0.858684 0.581782
vt 0.793741 0.710791
vt 0.794047 0.740137
vt 0.789029 0.737552
vt 0.789029 0.709803
vt 0.894400 0.367879
vt 0.883519 0.365289
vt 0.818193 0.728995
vt 0.818538 0.736798
vt 0.865564 0.551651
vt 0.865564 0.579502
vt 0.565228 0.824093
vt 0.588478 0.825698
vt 0.822690 0.707564
vt 0.859986 0.547582
vt 0.858238 0.535333
vt 0.861892 0.517092
vt 0.826089 0.697145
vt 0.969267 0.095417
vt 0.969267 0.106669
vt 0.796351 0.644158
vt 0.857892 0.485776
vt 0.968668 0.073592
vt 0.958049 0.070722
vt 0.554707 0.822549
vt 0.551106 0.828932
vt 0.917133 0.369891
vt 0.556306 0.853202
vt 0.804788 0.546964
vt 0.806492 0.539587
vt 0.851935 0.720928
vt 0.853677 0.726162
vt 0.917920 0.331772
vt 0.378217 0.933437
vt 0.351092 0.888272
vt 0.883191 0.289461
vt 0.946661 0.074163
vt 0.562659 0.901027
vt 0.551106 0.899132
vt 0.556951 0.883628
vt 0.786561 0.561767
vt 0.789873 0.539846
vt 0.786257 0.570264
vt 0.911095 0.116057
vt 0.928772 0.121024
vt 0.921357 0.127315
vt 0.906475 0.120438
vt 0.849849 0.706672
vt 0.861238 0.700709
vt 0.864472 0.722401
vt 0.588673 0.884874
vt 0.594312 0.900406
vt 0.588074 0.903145
vt 0.849948 0.699124
vt 0.184834 0.962507
vt 0.160729 0.961111
vt 0.710158 0.449703
vt 0.731555 0.450210
vt 0.733313 0.478707
vt 0.712095 0.478236
vt 0.696782 0.448919
vt 0.700249 0.473764
vt 0.741181 0.449954
vt 0.741181 0.474650
vt 0.730713 0.434629
vt 0.739037 0.438166
vt 0.697778 0.437199
vt 0.709316 0.434122
vt 0.792609 0.527997
vt 0.909895 0.088307
vt 0.927093 0.083481
vt 0.928772 0.095264
vt 0.910985 0.097069
vt 0.109861 0.902031
vt 0.107297 0.902641
vt 0.107137 0.889993
vt 0.109694 0.889816
vt 0.109708 0.914263
vt 0.107137 0.914452
vt 0.867310 0.934412
vt 0.864745 0.935022
vt 0.864585 0.922374
vt 0.867143 0.922197
vt 0.867156 0.946644
vt 0.864585 0.946833
vt 0.867310 0.909776
vt 0.864745 0.910385
vt 0.864585 0.897737
vt 0.867143 0.897560
vt 0.867156 0.922008
vt 0.864585 0.922197
vt 0.495201 0.929580
vt 0.493140 0.930485
vt 0.493732 0.917809
vt 0.495797 0.917337
vt 0.495797 0.941787
vt 0.493738 0.942271
vt 0.727257 0.924406
vt 0.728076 0.942770
vt 0.711472 0.940140
vt 0.709394 0.920485
vt 0.725867 0.971322
vt 0.709394 0.968609
vt 0.393870 0.976871
vt 0.405805 0.980158
vt 0.405789 0.992688
vt 0.393870 0.993982
vt 0.789029 0.745242
vt 0.783784 0.770009
vt 0.751268 0.779779
vt 0.792759 0.837195
vt 0.797527 0.801482
vt 0.801301 0.782531
vt 0.816676 0.137237
vt 0.808079 0.172587
vt 0.781339 0.790844
vt 0.792759 0.811002
vt 0.747152 0.803883
vt 0.747307 0.783309
vt 0.732953 0.860270
vt 0.713223 0.815566
vt 0.709394 0.783704
vt 0.760604 0.867849
vt 0.804670 0.209256
vt 0.439646 0.819591
vt 0.442605 0.826086
vt 0.757642 0.031734
vt 0.724288 0.697934
vt 0.771449 -0.000000
vt 0.791358 0.006609
vt 0.640450 0.242050
vt 0.635903 0.260069
vt 0.601424 0.260069
vt 0.605885 0.242167
vt 0.638727 0.288952
vt 0.604248 0.288952
vt 0.722580 0.668338
vt 0.746156 0.668325
vt 0.448786 0.848415
vt 0.436942 0.856398
vt 0.431189 0.843018
vt 0.782278 0.681756
vt 0.771178 0.676837
vt 0.411348 0.845089
vt 0.395562 0.837838
vt 0.402953 0.874551
vt 0.404920 0.887617
vt 0.384287 0.879120
vt 0.388599 0.866216
vt 0.723877 0.648568
vt 0.746310 0.644158
vt 0.422381 0.872422
vt 0.428029 0.885666
vt 0.769470 0.647242
vt 0.770033 0.666882
vt 0.816392 0.022318
vt 0.331335 0.980193
vt 0.313031 0.975099
vt 0.313031 0.944776
vt 0.329580 0.949780
vt 0.733570 0.040326
vt 0.790913 0.129382
vt 0.714769 0.779780
vt 0.792759 0.847066
vt 0.313031 0.944776
vt 0.335452 0.944552
vt 0.564126 0.080515
vt 0.556967 0.052072
vt 0.721398 0.212014
vt 0.743331 0.208360
vt 0.743281 0.230057
vt 0.725220 0.249236
vt 0.585716 0.822549
vt 0.580085 0.795571
vt 0.601039 0.792318
vt 0.619755 0.807966
vt 0.629357 0.771489
vt 0.604915 0.771480
vt 0.599841 0.750385
vt 0.613924 0.731377
vt 0.581446 0.721453
vt 0.578416 0.746213
vt 0.559306 0.749793
vt 0.551106 0.730460
vt 0.578149 0.771189
vt 0.553857 0.770735
vt 0.551106 0.806963
vt 0.560504 0.791726
vt 0.315292 0.748726
vt 0.313568 0.699095
vt 0.323350 0.693727
vt 0.326278 0.720897
vt 0.339731 0.749998
vt 0.137217 0.816386
vt 0.134759 0.775571
vt 0.157032 0.775504
vt 0.169842 0.816334
vt 0.724177 0.171229
vt 0.740838 0.187665
vt 0.710287 0.168124
vt 0.694663 0.216815
vt 0.312635 0.788880
vt 0.290393 0.777909
vt 0.291883 0.740911
vt 0.111484 0.812090
vt 0.110529 0.775893
vt 0.942016 0.285411
vt 0.928570 0.284025
vt 0.921321 0.251006
vt 0.936321 0.247589
vt 0.920454 0.220026
vt 0.932987 0.214214
vt 0.301423 0.700645
vt 0.111484 0.740940
vt 0.137217 0.736047
vt 0.699465 0.257319
vt 0.838790 0.074375
vt 0.838239 0.034947
vt 0.845174 0.033170
vt 0.849005 0.075546
vt 0.169842 0.735995
vt 0.942331 0.208765
vt 0.942331 0.245954
vt 0.343525 0.794876
vt 0.668181 0.259529
vt 0.670279 0.215130
vt 0.690932 0.188066
vt 0.699381 0.161524
vt 0.184073 0.729167
vt 0.172672 0.774960
vt 0.816392 0.115075
vt 0.830280 0.092698
vt 0.837108 0.105506
vt 0.822412 0.124015
vt 0.353304 0.753875
vt 0.353506 0.810270
vt 0.856315 0.028914
vt 0.858089 0.079547
vt 0.653196 0.273450
vt 0.652977 0.217161
vt 0.679660 0.189381
vt 0.690796 0.156533
vt 0.184073 0.822061
vt 0.816392 0.006750
vt 0.820380 0.000000
vt 0.195254 0.728912
vt 0.183841 0.774793
vt 0.330722 0.723103
vt 0.341450 0.723615
vt 0.363956 0.756482
vt 0.363956 0.812882
vt 0.096047 0.739756
vt 0.089225 0.691719
vt 0.108397 0.691870
vt 0.107172 0.739756
vt 0.642552 0.274765
vt 0.642552 0.218465
vt 0.195254 0.821806
vt 0.668965 0.188576
vt 0.096039 0.649360
vt 0.107164 0.649360
vt 0.680096 0.155728
vt 0.329047 0.689555
vt 0.339778 0.690067
vt -0.000000 0.595764
vt 0.000279 0.557238
vt 0.013918 0.560362
vt 0.013655 0.591207
vt 0.021130 0.646954
vt 0.028906 0.632945
vt 0.005780 0.523030
vt 0.045031 0.501187
vt 0.047890 0.517813
vt 0.018094 0.534394
vt 0.110529 0.583926
vt 0.110529 0.637379
vt 0.096769 0.625677
vt 0.097558 0.582221
vt 0.070745 0.649360
vt 0.067076 0.631621
vt 0.108773 0.545619
vt 0.096276 0.551541
vt 0.093576 0.513627
vt 0.084740 0.527256
vt 0.704763 0.871743
vt 0.675980 0.871199
vt 0.675980 0.860922
vt 0.695506 0.861291
vt 0.702734 0.897173
vt 0.676684 0.896680
vt 0.096960 0.922521
vt 0.096940 0.947918
vt 0.081802 0.946410
vt 0.081819 0.924414
vt 0.081672 0.953391
vt 0.074818 0.946910
vt 0.077508 0.945215
vt 0.084264 0.950584
vt 0.448590 0.933708
vt 0.455621 0.932384
vt 0.453559 0.959328
vt 0.446528 0.960653
vt 0.099530 0.947471
vt 0.099554 0.954724
vt 0.082505 0.943334
vt 0.989331 0.154797
vt 0.997543 0.153593
vt 0.998115 0.168570
vt 0.989903 0.169774
vt 0.953229 0.000000
vt 0.962629 0.001417
vt 0.964816 0.026598
vt 0.955416 0.025181
vt 0.707903 0.754077
vt 0.702554 0.753976
vt 0.702554 0.743699
vt 0.707903 0.743800
vt 0.077585 0.941786
vt 0.547654 0.724176
vt 0.550882 0.722538
vt 0.550882 0.738511
vt 0.547654 0.740150
vt 0.698949 0.754332
vt 0.703225 0.780971
vt 0.699653 0.779814
vt 0.698949 0.744055
vt 0.457299 0.837662
vt 0.448786 0.837721
vt 0.449318 0.812521
vt 0.457831 0.812462
vt 0.082519 0.926109
vt 0.084413 0.918753
vt 0.099554 0.916860
vt 0.099550 0.922074
vt 0.708574 0.781072
vt 0.457299 0.848033
vt 0.448786 0.848092
vt 0.995864 0.916339
vt 0.992016 0.916821
vt 0.994094 0.892071
vt 0.997826 0.893009
vt 0.096962 0.957531
vt 0.992016 0.881077
vt 0.995748 0.882014
vt 0.439333 0.923257
vt 0.447804 0.923432
vt 0.077702 0.923569
vt 0.074421 0.919921
vt 0.081826 0.916073
vt 0.992066 0.358718
vt 0.985336 0.357015
vt 0.984975 0.341405
vt 0.994245 0.343870
vt 0.957039 0.035537
vt 0.946206 0.035616
vt 0.071740 0.926620
vt 0.077597 0.926829
vt 0.071603 0.942636
vt 0.995506 0.176368
vt 0.989331 0.179981
vt 0.993172 0.369543
vt 0.989804 0.365407
vt 0.193259 0.895924
vt 0.191421 0.883573
vt 0.194381 0.883164
vt 0.196219 0.895515
vt 0.194323 0.921205
vt 0.191421 0.920152
vt 0.995372 0.341405
vt 0.995277 0.358723
vt 0.960377 0.573153
vt 0.947545 0.566504
vt 0.947526 0.563269
vt 0.962937 0.571767
vt 0.963205 0.597438
vt 0.960709 0.597401
vt 0.961320 0.607298
vt 0.958824 0.607261
vt 0.631802 0.741400
vt 0.629357 0.744019
vt 0.629357 0.721453
vt 0.631802 0.723728
vt 0.704763 0.851189
vt 0.675980 0.850645
vt 0.676684 0.826604
vt 0.702734 0.827096
vt 0.460676 0.925637
vt 0.475083 0.930420
vt 0.475083 0.952306
vt 0.460676 0.950907
vt 0.475184 0.959342
vt 0.472383 0.957372
vt 0.478948 0.952809
vt 0.482201 0.952290
vt 0.448590 0.913155
vt 0.446528 0.887617
vt 0.453559 0.889239
vt 0.455621 0.914776
vt 0.457875 0.951285
vt 0.474026 0.950638
vt 0.458046 0.957712
vt 0.820022 0.969740
vt 0.818307 0.984530
vt 0.810791 0.980912
vt 0.812506 0.966122
vt 0.953229 0.070722
vt 0.955416 0.045924
vt 0.964816 0.044368
vt 0.962629 0.069166
vt 0.707903 0.733523
vt 0.702554 0.733422
vt 0.478738 0.949927
vt 0.460676 0.917337
vt 0.475083 0.922120
vt 0.472282 0.925611
vt 0.457875 0.920827
vt 0.698949 0.733778
vt 0.699653 0.709737
vt 0.703225 0.707936
vt 0.457299 0.858404
vt 0.457831 0.883183
vt 0.449318 0.883242
vt 0.448786 0.858463
vt 0.474026 0.933499
vt 0.457875 0.926016
vt 0.708574 0.708037
vt 0.981747 0.623042
vt 0.975562 0.598393
vt 0.979169 0.597052
vt 0.985707 0.623153
vt 0.975562 0.636102
vt 0.979523 0.636213
vt 0.965572 0.767143
vt 0.965572 0.777079
vt 0.962405 0.779256
vt 0.962405 0.769320
vt 0.482269 0.926811
vt 0.478786 0.931212
vt 0.735924 0.143646
vt 0.733570 0.129696
vt 0.742417 0.129382
vt 0.742984 0.143291
vt 0.484936 0.933518
vt 0.478738 0.935046
vt 0.485113 0.949244
vt 0.734156 0.483524
vt 0.730977 0.483524
vt 0.730275 0.478707
vt 0.734239 0.480158
vt 0.816970 0.994677
vt 0.812018 0.989352
vt 0.736459 0.150761
vt 0.733570 0.153735
vt 0.965572 0.767220
vt 0.968558 0.767143
vt 0.968558 0.778985
vt 0.965572 0.779062
vt 0.110068 0.863975
vt 0.110111 0.888933
vt 0.107137 0.889816
vt 0.107137 0.863397
vt 0.315471 0.982110
vt 0.316294 0.997788
vt 0.313031 0.998254
vt 0.313031 0.980193
vt 0.319061 0.980416
vt 0.821552 0.967295
vt 0.821552 0.984778
vt 0.947526 0.640386
vt 0.956940 0.617121
vt 0.959436 0.617158
vt 0.949543 0.641839
vt 0.818983 0.953991
vt 0.818983 0.936320
vt 0.821697 0.933947
vt 0.821697 0.956513
vt 0.968703 0.393131
vt 0.962374 0.428944
vt 0.947494 0.423461
vt 0.948152 0.385280
vt 0.225080 0.894446
vt 0.225080 0.934656
vt 0.200889 0.932300
vt 0.196250 0.893183
vt 0.631897 0.926331
vt 0.631897 0.962698
vt 0.615951 0.964383
vt 0.615951 0.928015
vt 0.896387 0.893353
vt 0.896387 0.932180
vt 0.867520 0.935585
vt 0.870656 0.896734
vt 0.845647 0.930365
vt 0.836900 0.952755
vt 0.822103 0.952353
vt 0.823358 0.928935
vt 0.964689 0.794908
vt 0.969203 0.834039
vt 0.952240 0.835460
vt 0.947726 0.796329
vt 0.495802 0.925105
vt 0.500507 0.908518
vt 0.518586 0.911132
vt 0.519056 0.928342
vt 0.845647 0.962164
vt 0.831209 0.967738
vt 0.495802 0.962405
vt 0.519377 0.964696
vt 0.969203 0.779779
vt 0.955096 0.780961
vt 0.890560 0.877225
vt 0.868881 0.880276
vt 0.630499 0.910261
vt 0.617237 0.911662
vt 0.224855 0.878141
vt 0.200296 0.877636
vt 0.964580 0.377122
vt 0.947494 0.369891
vt 0.061881 0.900826
vt 0.037058 0.896069
vt 0.050072 0.863397
vt 0.071603 0.869868
vt 0.071603 0.915628
vt 0.049708 0.919095
vt 0.799730 0.912425
vt 0.792759 0.877464
vt 0.812141 0.872103
vt 0.822102 0.909132
vt 0.812411 0.933947
vt 0.792759 0.928449
vt 0.421178 0.961920
vt 0.415791 0.990127
vt 0.407942 0.989901
vt 0.407116 0.961920
vt 0.000000 0.998180
vt 0.000000 0.977903
vt 0.008188 0.978523
vt 0.008188 0.998801
vt 0.983643 0.951125
vt 0.983643 0.932235
vt 0.994108 0.929979
vt 0.994108 0.948869
vt 0.957705 0.562068
vt 0.953279 0.542930
vt 0.967340 0.542930
vt 0.965550 0.561849
vt 0.897497 0.095890
vt 0.900127 0.130416
vt 0.885663 0.130416
vt 0.886438 0.095805
vt 0.551106 0.985802
vt 0.553763 0.956970
vt 0.564898 0.956898
vt 0.565672 0.985802
vt 0.921975 0.319761
vt 0.944684 0.319340
vt 0.944145 0.359230
vt 0.927985 0.359412
vt 0.908005 0.891714
vt 0.932118 0.893964
vt 0.926328 0.933630
vt 0.908363 0.931455
vt 0.953638 0.502204
vt 0.969852 0.502802
vt 0.969493 0.542930
vt 0.953279 0.542332
vt 0.897412 0.242794
vt 0.920454 0.245298
vt 0.920454 0.285411
vt 0.897011 0.282334
vt 0.884380 0.739802
vt 0.907047 0.740233
vt 0.908005 0.764885
vt 0.892481 0.764462
vt 0.924500 0.737051
vt 0.943140 0.736764
vt 0.938884 0.776624
vt 0.920243 0.776911
vt 0.873011 0.242823
vt 0.875844 0.219591
vt 0.894880 0.219610
vt 0.899524 0.779780
vt 0.884380 0.773155
vt 0.873011 0.282936
vt 0.920243 0.707157
vt 0.935871 0.712056
vt 0.915301 0.221649
vt 0.953279 0.473415
vt 0.966763 0.473912
vt 0.908005 0.861665
vt 0.928626 0.864094
vt 0.925382 0.295262
vt 0.944684 0.289215
vt 0.830402 0.907841
vt 0.822103 0.874592
vt 0.842551 0.872103
vt 0.853851 0.907704
vt 0.842619 0.928935
vt 0.822103 0.921272
vt 0.185077 0.862810
vt 0.160219 0.858450
vt 0.173272 0.822061
vt 0.194867 0.828308
vt 0.194867 0.878692
vt 0.172972 0.883164
vt 0.728076 0.948513
vt 0.742680 0.948591
vt 0.740158 0.977022
vt 0.731953 0.977226
vt 0.973901 0.999970
vt 0.965614 0.999902
vt 0.965614 0.977694
vt 0.973901 0.977762
vt 0.865136 0.992232
vt 0.853851 0.992484
vt 0.853851 0.973231
vt 0.865136 0.972980
vt 0.879103 0.981328
vt 0.870880 0.981328
vt 0.867520 0.962234
vt 0.882143 0.961800
vt 0.731531 0.920559
vt 0.742680 0.920485
vt 0.867611 0.935785
vt 0.878779 0.935585
vt 0.762251 0.943459
vt 0.756947 0.975107
vt 0.744525 0.980452
vt 0.745129 0.950946
vt 0.159499 0.917686
vt 0.159499 0.953679
vt 0.137825 0.949992
vt 0.133570 0.915483
vt 0.983353 0.379401
vt 0.983392 0.411490
vt 0.968742 0.412244
vt 0.968703 0.380154
vt 0.575806 0.917648
vt 0.575806 0.951699
vt 0.551106 0.956898
vt 0.553989 0.922804
vt 0.968540 0.835460
vt 0.960828 0.856702
vt 0.947726 0.857493
vt 0.948921 0.836401
vt 0.546450 0.932843
vt 0.550517 0.967375
vt 0.535091 0.969310
vt 0.531024 0.934778
vt 0.037058 0.932956
vt 0.041409 0.919095
vt 0.057650 0.919519
vt 0.057955 0.933507
vt 0.968540 0.864458
vt 0.955735 0.870577
vt 0.037058 0.968952
vt 0.058294 0.969653
vt 0.550517 0.919648
vt 0.537688 0.921257
vt 0.570086 0.903144
vt 0.551799 0.907769
vt 0.983392 0.369891
vt 0.971208 0.370517
vt 0.159306 0.903011
vt 0.137215 0.901666
vt 0.758710 0.932808
vt 0.744525 0.938944
vt 0.182620 0.915156
vt 0.160219 0.912816
vt 0.171993 0.883164
vt 0.191421 0.887178
vt 0.191421 0.929709
vt 0.171656 0.934463
vt 0.267271 0.912588
vt 0.258769 0.882411
vt 0.278337 0.877636
vt 0.289808 0.909466
vt 0.278609 0.929420
vt 0.258769 0.925106
vt 0.615951 0.989779
vt 0.619295 0.964383
vt 0.626797 0.964585
vt 0.629317 0.989779
vt 0.281813 0.997173
vt 0.281813 0.978652
vt 0.289040 0.979506
vt 0.289040 0.998026
vt 0.969852 0.514893
vt 0.974870 0.503111
vt 0.984583 0.503140
vt 0.979565 0.514922
vt 0.307383 0.977325
vt 0.310627 0.994870
vt 0.299646 0.994870
vt 0.301180 0.977546
vt 0.969852 0.473465
vt 0.982538 0.473415
vt 0.071151 0.963341
vt 0.068129 0.989357
vt 0.058294 0.989905
vt 0.058294 0.963974
vt 0.584554 0.400015
vt 0.606423 0.396926
vt 0.612928 0.444189
vt 0.591125 0.447186
vt 0.791201 0.394966
vt 0.789813 0.434122
vt 0.753964 0.429903
vt 0.743707 0.402328
vt 0.840607 0.581782
vt 0.840607 0.640958
vt 0.786257 0.593908
vt 0.864585 0.872828
vt 0.862807 0.925762
vt 0.853851 0.925531
vt 0.855600 0.872103
vt 0.893976 0.550043
vt 0.887921 0.516036
vt 0.890599 0.515380
vt 0.896659 0.549954
vt 0.928873 0.707157
vt 0.920243 0.653906
vt 0.929249 0.653947
vt 0.932025 0.706808
vt 0.282784 0.747476
vt 0.287274 0.798569
vt 0.242834 0.793923
vt 0.239659 0.745056
vt 0.378458 0.527136
vt 0.376813 0.461349
vt 0.384209 0.458382
vt 0.384209 0.514369
vt 0.830624 0.428445
vt 0.869360 0.434263
vt 0.867049 0.483454
vt 0.833646 0.483454
vt 0.984975 0.337182
vt 0.988051 0.298937
vt 0.991969 0.295359
vt 0.991969 0.341405
vt 0.577043 0.309010
vt 0.596468 0.307185
vt 0.604913 0.352294
vt 0.585238 0.354052
vt 0.733927 0.355775
vt 0.715538 0.406212
vt 0.716159 0.381959
vt 0.716906 0.357665
vt 0.624869 0.475061
vt 0.601095 0.478039
vt 0.725678 0.432450
vt 0.551106 0.441398
vt 0.573686 0.475088
vt 0.566042 0.472902
vt 0.920476 0.613167
vt 0.929469 0.613204
vt 0.286871 0.746414
vt 0.290393 0.789397
vt 0.884873 0.550232
vt 0.879649 0.516724
vt 0.865564 0.490851
vt 0.871104 0.485776
vt 0.789710 0.434122
vt 0.786927 0.458411
vt 0.781047 0.459018
vt 0.784220 0.436168
vt 0.236780 0.745211
vt 0.226775 0.784223
vt 0.207964 0.798569
vt 0.196250 0.748780
vt 0.781047 0.436760
vt 0.780828 0.478395
vt 0.741181 0.481548
vt 0.741181 0.434122
vt 0.983653 0.822672
vt 0.985116 0.779779
vt 0.991545 0.781757
vt 0.991638 0.822672
vt 0.997531 0.779780
vt 0.997531 0.820245
vt 0.991638 0.819918
vt 0.992952 0.781726
vt 0.407116 0.893796
vt 0.391866 0.921300
vt 0.384287 0.920473
vt 0.405650 0.887617
vt 0.254822 0.698082
vt 0.212695 0.695378
vt 0.212019 0.689555
vt 0.252164 0.692281
vt 0.576245 0.388128
vt 0.572051 0.365918
vt 0.197251 0.748010
vt 0.986147 0.676000
vt 0.993322 0.678883
vt 0.993572 0.716092
vt 0.986147 0.718936
vt 0.407116 0.950282
vt 0.401898 0.954095
vt 0.696782 0.411509
vt 0.697337 0.386814
vt 0.550842 0.819191
vt 0.544101 0.828443
vt 0.543280 0.797728
vt 0.550842 0.795900
vt 0.747499 0.274944
vt 0.756307 0.274940
vt 0.756405 0.287531
vt 0.747465 0.287531
vt 0.126778 0.930365
vt 0.118382 0.925618
vt 0.125524 0.901666
vt 0.133570 0.906145
vt 0.994003 0.506453
vt 0.984583 0.508583
vt 0.984695 0.475596
vt 0.994003 0.473415
vt 0.898966 0.463061
vt 0.881530 0.462253
vt 0.894159 0.437473
vt 0.906412 0.437216
vt 0.133570 0.954435
vt 0.124449 0.950343
vt 0.114304 0.960340
vt 0.110529 0.932363
vt 0.992036 0.295359
vt 0.999202 0.297314
vt 0.999202 0.327812
vt 0.991969 0.318649
vt 0.225080 0.925993
vt 0.235259 0.927268
vt 0.244749 0.954971
vt 0.232469 0.949615
vt 0.906412 0.483454
vt 0.869360 0.479846
vt 0.225469 0.973733
vt 0.225080 0.968055
vt 0.105713 0.916073
vt 0.108172 0.941635
vt 0.101626 0.941604
vt 0.099554 0.916762
vt 0.692093 0.100340
vt 0.726138 0.098335
vt 0.733570 0.145954
vt 0.690110 0.124245
vt 0.699143 -0.000000
vt 0.733570 0.002368
vt 0.731474 0.056381
vt 0.695455 0.057475
vt 0.686583 0.155728
vt 0.923216 0.563331
vt 0.932025 0.563269
vt 0.133570 0.978065
vt 0.143086 0.979790
vt 0.143086 0.994887
vt 0.133570 0.993162
vt 0.372642 0.804573
vt 0.363956 0.808944
vt 0.363956 0.787024
vt 0.372642 0.782653
vt 0.017979 0.993110
vt 0.008188 0.994564
vt 0.008188 0.979357
vt 0.017979 0.977903
vt 0.833472 0.967998
vt 0.843965 0.967738
vt 0.843965 0.994948
vt 0.833472 0.995208
vt 0.382792 0.789780
vt 0.382792 0.811700
vt 0.990184 0.955219
vt 0.990184 0.981403
vt 0.977858 0.978696
vt 0.977858 0.952513
vt 0.944585 0.359412
vt 0.944585 0.367782
vt 0.940575 0.369132
vt 0.940865 0.361267
vt 0.822103 0.984714
vt 0.830696 0.969379
vt 0.833471 0.967738
vt 0.833471 0.993214
vt 0.369421 0.696852
vt 0.381965 0.750991
vt 0.375739 0.749854
vt 0.363956 0.689555
vt 0.367396 0.782653
vt 0.363956 0.781867
vt 0.979599 0.181739
vt 0.979849 0.155133
vt 0.986811 0.156197
vt 0.986593 0.181777
vt 0.896215 0.617382
vt 0.896215 0.640794
vt 0.891186 0.622134
vt 0.962761 0.234258
vt 0.954099 0.276409
vt 0.942331 0.280427
vt 0.950473 0.238172
vt 0.981839 0.465800
vt 0.981839 0.428944
vt 0.990897 0.431164
vt 0.990611 0.467630
vt 0.950870 0.208765
vt 0.942331 0.210842
vt 0.704904 0.871638
vt 0.704904 0.824828
vt 0.705212 0.824571
vt 0.708515 0.869057
vt 0.992016 0.881077
vt 0.992016 0.925941
vt 0.985411 0.928987
vt 0.985321 0.882445
vt 0.372935 0.980969
vt 0.372935 0.934100
vt 0.378946 0.935820
vt 0.381432 0.981488
vt 0.794083 0.635901
vt 0.627612 0.396573
vt 0.636401 0.442905
vt 0.789029 0.778907
vt 0.789526 0.744013
vt 0.818072 0.740137
vt 0.826763 0.778907
vt 0.691333 0.379164
vt 0.696500 0.426720
vt 0.864585 0.972678
vt 0.855647 0.972980
vt 0.890313 0.585184
vt 0.887646 0.584717
vt 0.847380 0.423404
vt 0.844607 0.423571
vt 0.846606 0.372513
vt 0.855063 0.371573
vt 0.673624 0.291928
vt 0.681916 0.336862
vt 0.627696 0.351070
vt 0.618882 0.306151
vt 0.638740 0.383469
vt 0.696782 0.378093
vt 0.882980 0.378823
vt 0.880298 0.425971
vt 0.996092 0.042134
vt 0.989515 0.045618
vt 0.989515 -0.000000
vt 0.992904 0.004488
vt 0.716380 0.333517
vt 0.715858 0.308983
vt 0.744254 0.312220
vt 0.651487 0.473307
vt 0.726313 0.289215
vt 0.754882 0.292027
vt 0.696782 0.459770
vt 0.690203 0.463679
vt 0.844607 0.332046
vt 0.853040 0.331123
vt 0.669276 0.289215
vt 0.623468 0.301483
vt 0.879389 0.584394
vt 0.870891 0.617382
vt 0.865564 0.612835
vt 0.789710 0.483033
vt 0.784178 0.481993
vt 0.687383 0.337908
vt 0.648492 0.360597
vt 0.874803 0.644158
vt 0.913041 0.645101
vt 0.900762 0.679853
vt 0.864472 0.676799
vt 0.439333 0.977539
vt 0.434358 0.977390
vt 0.434663 0.936241
vt 0.439333 0.934257
vt 0.913041 0.698180
vt 0.918683 0.699094
vt 0.919996 0.737552
vt 0.913041 0.738954
vt 0.932232 0.887323
vt 0.933733 0.881077
vt 0.953958 0.915529
vt 0.946464 0.915994
vt 0.983392 0.369891
vt 0.990586 0.372236
vt 0.991429 0.413043
vt 0.983392 0.412849
vt 0.000000 0.863397
vt 0.037058 0.874913
vt 0.037058 0.928931
vt 0.000933 0.912242
vt 0.913041 0.739096
vt 0.876387 0.730143
vt 0.994274 0.718936
vt 0.994274 0.762656
vt 0.987183 0.758938
vt 0.987306 0.720966
vt 0.937591 0.950616
vt 0.932232 0.946294
vt 0.697513 0.341341
vt 0.696782 0.316540
vt 0.313031 0.934903
vt 0.298977 0.953861
vt 0.299315 0.918545
vt 0.908781 0.590636
vt 0.896659 0.570607
vt 0.903546 0.563269
vt 0.918836 0.590718
vt 0.640450 0.288952
vt 0.640450 0.275591
vt 0.651150 0.275525
vt 0.651123 0.288945
vt 0.094387 0.989263
vt 0.094387 0.971204
vt 0.108172 0.968824
vt 0.107418 0.986318
vt 0.653679 0.928587
vt 0.662167 0.903067
vt 0.674891 0.903316
vt 0.665987 0.928893
vt 0.655197 0.964216
vt 0.674891 0.965112
vt 0.439333 0.987461
vt 0.441849 0.960803
vt 0.454226 0.960653
vt 0.454226 0.984574
vt 0.909825 0.620223
vt 0.920243 0.626185
vt 0.593417 0.909111
vt 0.585615 0.931648
vt 0.575806 0.933029
vt 0.585065 0.903145
vt 0.593417 0.961211
vt 0.582295 0.968287
vt 0.695442 0.483374
vt 0.675108 0.485776
vt 0.495802 0.964696
vt 0.507565 0.971174
vt 0.497933 0.991188
vt 0.495802 0.993188
vt 0.106515 0.968824
vt 0.099554 0.968092
vt 0.642552 0.145381
vt 0.660455 0.097689
vt 0.665800 0.055654
vt 0.672655 0.001820
vt 0.848813 0.290062
vt 0.857107 0.289215
vt 0.082517 0.977811
vt 0.082517 0.993481
vt 0.071603 0.993705
vt 0.071603 0.978034
vt 0.097735 0.739756
vt 0.097735 0.765529
vt 0.089225 0.767989
vt 0.089225 0.742216
vt 0.082517 0.993442
vt 0.082517 0.977811
vt 0.093285 0.978176
vt 0.093285 0.993807
vt 0.696344 0.995284
vt 0.696345 0.968045
vt 0.706852 0.968207
vt 0.706852 0.995446
vt 0.108165 0.743579
vt 0.108165 0.769353
vt 0.434208 0.990411
vt 0.421178 0.988572
vt 0.421178 0.961920
vt 0.434208 0.963758
vt 0.940575 0.368310
vt 0.936574 0.365764
vt 0.935795 0.359412
vt 0.940575 0.361251
vt 0.896659 0.642925
vt 0.897230 0.637934
vt 0.941984 0.376801
vt 0.947494 0.369891
vt 0.936519 0.422641
vt 0.928547 0.424468
vt 0.947494 0.454470
vt 0.942816 0.455413
vt 0.986811 0.207815
vt 0.979901 0.208765
vt 0.704763 0.873956
vt 0.709339 0.878360
vt 0.704763 0.897173
vt 0.708515 0.824570
vt 0.698949 0.821857
vt 0.699318 0.781072
vt 0.708515 0.783660
vt 0.290393 0.954544
vt 0.290393 0.919389
vt 0.295202 0.895229
vt 0.303984 0.891794
vt 0.996559 0.878690
vt 0.990615 0.877315
vt 0.995886 0.830222
vt 0.996559 0.830370
vt 0.290333 0.978339
vt 0.281813 0.978652
vt 0.281813 0.929420
vt 0.288633 0.931260
vt 0.184834 0.934463
vt 0.193656 0.935647
vt 0.189175 0.979260
vt 0.184834 0.979679
vt 0.903207 0.398264
vt 0.914038 0.397584
vt 0.912100 0.425628
vt 0.901646 0.426746
vt 0.367214 0.875774
vt 0.374390 0.877532
vt 0.353874 0.885794
vt 0.351092 0.880620
vt 0.919507 0.215509
vt 0.911647 0.213361
vt 0.911535 0.204508
vt 0.919507 0.206739
vt 0.748662 0.873060
vt 0.753497 0.867849
vt 0.765509 0.884910
vt 0.757345 0.891853
vt 0.917727 0.969887
vt 0.917865 0.991073
vt 0.908005 0.995195
vt 0.908005 0.974181
vt 0.909536 0.371949
vt 0.893625 0.392092
vt 0.898138 0.369891
vt 0.928546 0.383843
vt 0.922454 0.400926
vt 0.920941 0.378040
vt 0.495263 0.973673
vt 0.492093 0.989016
vt 0.485113 0.995182
vt 0.485113 0.974300
vt 0.244749 0.991015
vt 0.246973 0.986101
vt 0.254744 0.991006
vt 0.251943 0.996902
vt 0.766396 0.924069
vt 0.752768 0.920729
vt 0.631929 0.976964
vt 0.638909 0.972010
vt 0.640139 0.987905
vt 0.634300 0.989669
vt 0.910239 0.371672
vt 0.919584 0.375887
vt 0.687640 0.964233
vt 0.682979 0.983487
vt 0.675980 0.984670
vt 0.675980 0.964766
vt 0.971965 0.152069
vt 0.976145 0.156508
vt 0.979532 0.176383
vt 0.971965 0.175826
vt 0.974572 0.320029
vt 0.971943 0.299232
vt 0.976728 0.289215
vt 0.980115 0.317028
vt 0.967878 0.341149
vt 0.962074 0.338329
vt 0.693364 0.965666
vt 0.691002 0.982928
vt 0.244749 0.965929
vt 0.254384 0.967987
vt 0.258769 0.992881
vt 0.258996 0.968733
vt 0.268979 0.973195
vt 0.268979 0.996784
vt 0.966342 0.319603
vt 0.962074 0.298708
vt 0.550909 0.995546
vt 0.543884 0.995566
vt 0.543884 0.969310
vt 0.547979 0.973923
vt 0.373647 0.859236
vt 0.382471 0.860940
vt 0.370060 0.842072
vt 0.365194 0.840210
vt 0.362051 0.828060
vt 0.365551 0.829119
vt 0.646276 0.950567
vt 0.653679 0.960295
vt 0.642331 0.964128
vt 0.637746 0.956968
vt 0.985321 0.918430
vt 0.969986 0.918472
vt 0.970365 0.907305
vt 0.983228 0.906320
vt 0.919392 0.424967
vt 0.893262 0.427087
vt 0.749337 0.891148
vt 0.744525 0.918580
vt 0.645894 0.964128
vt 0.645894 0.986659
vt 0.382588 0.838820
vt 0.958625 0.778884
vt 0.958625 0.767936
vt 0.962405 0.767143
vt 0.962380 0.776720
vt 0.358710 0.826594
vt 0.369182 0.817835
vt 0.372673 0.822506
vt 0.352082 0.822682
vt 0.361246 0.814564
vt 0.915968 0.436355
vt 0.910890 0.436796
vt 0.749773 0.932808
vt 0.746003 0.932053
vt 0.360314 0.837943
vt 0.903490 0.436856
vt 0.374627 0.825980
vt 0.058294 0.956679
vt 0.071208 0.952915
vt 0.070767 0.960130
vt 0.064742 0.963342
vt 0.976188 0.260583
vt 0.965948 0.255184
vt 0.979599 0.250269
vt 0.977331 0.259134
vt 0.351092 0.817764
vt 0.355192 0.812882
vt 0.631929 0.954001
vt 0.635770 0.946809
vt 0.977127 0.226844
vt 0.962761 0.232219
vt 0.969237 0.209828
vt 0.979599 0.208765
vt 0.069752 0.943515
vt 0.059252 0.944958
vt 0.058294 0.936351
vt 0.068663 0.934791
vt 0.977240 0.237303
vt 0.963057 0.244481
vt 0.646456 0.941260
vt 0.639282 0.935590
vt 0.642102 0.924489
vt 0.649612 0.930792
vt 0.760514 0.913983
vt 0.765427 0.895471
vt 0.688478 0.274940
vt 0.697723 0.280634
vt 0.698408 0.287820
vt 0.688478 0.285717
vt 0.058337 0.923353
vt 0.069802 0.919095
vt 0.646546 0.903067
vt 0.653679 0.904662
vt 0.969986 0.881077
vt 0.982660 0.883765
vt 0.882980 0.394642
vt 0.883943 0.424821
vt 0.772892 0.922815
vt 0.772892 0.889349
vt 0.965614 0.993919
vt 0.953958 0.993248
vt 0.954029 0.977802
vt 0.965614 0.977694
vt 0.049742 0.969653
vt 0.056008 0.975145
vt 0.057488 0.995651
vt 0.049742 0.995412
vt 0.969267 0.071691
vt 0.980524 0.070722
vt 0.984104 0.092453
vt 0.975257 0.091480
vt 0.906412 0.445007
vt 0.916740 0.437216
vt 0.921878 0.452513
vt 0.911646 0.460125
vt 0.882980 0.370480
vt 0.893830 0.370155
vt 0.774211 0.284985
vt 0.773939 0.274940
vt 0.782992 0.276009
vt 0.782992 0.286075
vt 0.976729 0.112382
vt 0.969267 0.111246
vt 0.927694 0.459638
vt 0.920873 0.481824
vt 0.912989 0.476767
vt 0.906412 0.479525
vt 0.970636 0.363016
vt 0.962074 0.363740
vt 0.962852 0.343550
vt 0.970529 0.345222
vt 0.965557 0.644364
vt 0.973341 0.637682
vt 0.980524 0.659416
vt 0.973357 0.664062
vt 0.980561 0.367320
vt 0.980561 0.341149
vt 0.762251 0.975926
vt 0.771532 0.973705
vt 0.771387 0.993871
vt 0.762251 0.996857
vt 0.969986 0.918502
vt 0.980095 0.918472
vt 0.983643 0.944440
vt 0.973825 0.943542
vt 0.364582 0.968974
vt 0.371656 0.974812
vt 0.372872 0.996861
vt 0.364582 0.997019
vt 0.972623 0.686528
vt 0.965557 0.684240
vt 0.979654 0.951125
vt 0.969986 0.949979
vt 0.885122 0.168255
vt 0.895083 0.202181
vt 0.885178 0.199316
vt 0.876164 0.169493
vt 0.978585 0.802689
vt 0.971977 0.789272
vt 0.978936 0.788563
vt 0.983653 0.807134
vt 0.869360 0.437216
vt 0.869582 0.427765
vt 0.877674 0.426523
vt 0.877674 0.436137
vt 0.865219 0.587774
vt 0.854792 0.605384
vt 0.840607 0.606509
vt 0.858793 0.581782
vt 0.575806 0.968287
vt 0.583204 0.972266
vt 0.587464 0.992928
vt 0.575806 0.991286
vt 0.981515 -0.000000
vt 0.989515 0.002682
vt 0.989515 0.031598
vt 0.977167 0.022838
vt 0.771415 0.945032
vt 0.762251 0.947716
vt 0.764235 0.932866
vt 0.772756 0.932808
vt 0.384287 0.976870
vt 0.393870 0.978051
vt 0.393870 0.998334
vt 0.387993 0.991585
vt 0.969203 0.781130
vt 0.977670 0.779780
vt 0.865219 0.633560
vt 0.846698 0.636855
vt 0.920137 0.943877
vt 0.917837 0.960601
vt 0.913231 0.959081
vt 0.914528 0.937363
vt 0.989515 0.065028
vt 0.991982 0.045618
vt 0.997189 0.046248
vt 0.997189 0.070303
vt 0.984245 0.550308
vt 0.976577 0.557352
vt 0.969852 0.537663
vt 0.975169 0.534462
vt 0.976046 0.514922
vt 0.984245 0.517467
vt 0.960521 0.661684
vt 0.965557 0.662791
vt 0.964687 0.686528
vt 0.959177 0.674953
vt 0.947526 0.645481
vt 0.954979 0.641839
vt 0.993564 0.777475
vt 0.987183 0.779133
vt 0.987183 0.762656
vt 0.995448 0.763506
vt 0.772756 0.966573
vt 0.767454 0.973705
vt 0.519109 0.992063
vt 0.507564 0.993125
vt 0.507564 0.964696
vt 0.519088 0.965501
vt 0.947526 0.677708
vt 0.951996 0.659241
vt 0.607276 0.996123
vt 0.607424 0.974834
vt 0.610394 0.969084
vt 0.615378 0.996123
vt 0.969203 0.816890
vt 0.974999 0.822733
vt 0.946206 0.102129
vt 0.944550 0.113423
vt 0.942182 0.113498
vt 0.942182 0.102453
vt 0.904446 0.203691
vt 0.899277 0.219591
vt 0.895178 0.217589
vt 0.965195 0.463239
vt 0.968142 0.451586
vt 0.980252 0.453759
vt 0.981839 0.468692
vt 0.878721 0.199021
vt 0.873011 0.176417
vt 0.900219 0.172864
vt 0.495802 0.873344
vt 0.493934 0.901049
vt 0.481806 0.902287
vt 0.484651 0.872055
vt 0.908005 0.959390
vt 0.908005 0.933631
vt 0.926932 0.936297
vt 0.930818 0.955218
vt 0.199230 0.939485
vt 0.200351 0.935800
vt 0.209263 0.934656
vt 0.211077 0.938847
vt 0.197886 0.943116
vt 0.212737 0.945856
vt 0.196250 0.954318
vt 0.208793 0.953440
vt 0.888378 0.215904
vt 0.883830 0.214590
vt 0.493484 0.910855
vt 0.484896 0.914301
vt 0.917016 0.968891
vt 0.913840 0.968541
vt 0.928023 0.968136
vt 0.920096 0.969887
vt 0.201450 0.976030
vt 0.199261 0.957846
vt 0.204522 0.957108
vt 0.212737 0.967195
vt 0.479964 0.917337
vt 0.464866 0.905864
vt 0.594313 0.959743
vt 0.601554 0.956788
vt 0.611327 0.967728
vt 0.605233 0.969083
vt 0.457875 0.882547
vt 0.457875 0.866120
vt 0.468201 0.866618
vt 0.471615 0.882796
vt 0.601360 0.944210
vt 0.601852 0.932474
vt 0.611717 0.927832
vt 0.612461 0.940598
vt 0.460048 0.893394
vt 0.476587 0.892567
vt 0.594313 0.948853
vt 0.595497 0.934441
vt 0.615951 0.951869
vt 0.474032 0.872450
vt 0.717791 0.286308
vt 0.707224 0.286017
vt 0.707224 0.274940
vt 0.714977 0.275496
vt 0.595828 0.912004
vt 0.607367 0.910261
vt 0.290393 0.998575
vt 0.290710 0.977325
vt 0.298514 0.977325
vt 0.299646 0.997780
vt 0.969173 0.431024
vt 0.981839 0.428944
vt 0.910275 0.174794
vt 0.911535 0.193442
vt 0.955543 0.176715
vt 0.953156 0.158436
vt 0.964750 0.157851
vt 0.971965 0.175648
vt 0.956143 0.136656
vt 0.967997 0.136057
vt 0.963930 0.114824
vt 0.971965 0.114418
vt 0.473955 0.850293
vt 0.484574 0.849898
vt 0.968540 0.878096
vt 0.970157 0.856250
vt 0.982459 0.856812
vt 0.983426 0.878096
vt 0.900920 0.151672
vt 0.911535 0.152356
vt 0.782992 0.274940
vt 0.791736 0.274957
vt 0.791736 0.286352
vt 0.782992 0.286335
vt 0.475778 0.828953
vt 0.486398 0.828558
vt 0.898617 0.130438
vt 0.909232 0.131121
vt 0.970683 0.835460
vt 0.979022 0.835842
vt 0.947494 0.461457
vt 0.952380 0.445496
vt 0.958293 0.447315
vt 0.954152 0.464764
vt 0.965195 0.451413
vt 0.961437 0.470852
vt 0.351092 0.989842
vt 0.351092 0.968974
vt 0.363558 0.969435
vt 0.364582 0.984234
vt 0.027055 0.977243
vt 0.027870 0.998367
vt 0.018694 0.995701
vt 0.018694 0.975772
vt 0.995661 0.598623
vt 0.994702 0.627330
vt 0.985707 0.628320
vt 0.985707 0.597052
vt 0.274751 0.968733
vt 0.278984 0.996884
vt 0.268979 0.996884
vt 0.269351 0.976118
vt 0.947494 0.432417
vt 0.955773 0.428944
vt 0.928547 0.471592
vt 0.935724 0.474324
vt 0.935724 0.483337
vt 0.929012 0.481689
vt 0.993455 0.514922
vt 0.993455 0.549912
vt 0.984245 0.551332
vt 0.984245 0.516342
vt 0.984975 0.261267
vt 0.994256 0.260582
vt 0.994256 0.294674
vt 0.984975 0.295359
vt 0.882699 0.426523
vt 0.882699 0.436700
vt 0.877674 0.436448
vt 0.877674 0.426773
vt 0.997229 0.070722
vt 0.997229 0.106805
vt 0.992486 0.105501
vt 0.992486 0.071198
vt 0.191421 0.931309
vt 0.191421 0.921208
vt 0.196060 0.921205
vt 0.196060 0.930808
vt 0.993309 0.150026
vt 0.993309 0.114418
vt 0.997877 0.114680
vt 0.997877 0.148532
vt 0.990184 0.953328
vt 0.997725 0.952513
vt 0.997725 0.986357
vt 0.990184 0.987173
vt 0.485076 0.959342
vt 0.485076 0.994544
vt 0.477894 0.995291
vt 0.477894 0.960089
vt 0.382667 0.661263
vt 0.384210 0.661244
vt 0.384210 0.669071
vt 0.382667 0.669090
vt 0.382667 0.618209
vt 0.384108 0.618074
vt 0.384108 0.653220
vt 0.382667 0.653355
vt 0.384215 0.661244
vt 0.382667 0.661242
vt 0.382667 0.653355
vt 0.384215 0.653358
vt 0.196250 0.627558
vt 0.194806 0.627453
vt 0.194806 0.591919
vt 0.196250 0.592024
vt 0.998611 0.369891
vt 0.998611 0.405093
vt 0.991429 0.405840
vt 0.991429 0.370638
vt 0.980435 0.756991
vt 0.972549 0.756991
vt 0.972554 0.743128
vt 0.980440 0.743128
vt 0.980519 0.772194
vt 0.972633 0.772194
vt 0.107137 0.915810
vt 0.071603 0.916073
vt 0.071773 0.901523
vt 0.103984 0.901881
vt 0.492940 0.973673
vt 0.485113 0.973574
vt 0.485221 0.957952
vt 0.493047 0.958052
vt 0.744525 0.920485
vt 0.709394 0.919458
vt 0.712510 0.905629
vt 0.744357 0.905964
vt 0.493140 0.944203
vt 0.485313 0.944104
vt 0.485146 0.930702
vt 0.492973 0.930802
vt 0.071945 0.888622
vt 0.104155 0.888981
vt 0.712341 0.892754
vt 0.744188 0.893089
vt 0.485113 0.917337
vt 0.492940 0.917437
vt 0.710185 0.880055
vt 0.742032 0.880390
vt 0.972611 0.729642
vt 0.980498 0.729642
vt 0.074125 0.875942
vt 0.106336 0.876300
vt 0.645894 0.964708
vt 0.653458 0.964128
vt 0.653458 0.995836
vt 0.645894 0.996417
vt 0.709394 0.870054
vt 0.740915 0.867849
vt 0.972633 0.718936
vt 0.980519 0.718936
vt 0.075254 0.863397
vt 0.107137 0.866294
vt 0.993309 0.114418
vt 0.993309 0.150363
vt 0.984041 0.151331
vt 0.984041 0.115386
vt 0.565672 0.957948
vt 0.575405 0.956898
vt 0.575405 0.991474
vt 0.565672 0.992524
vt 0.384125 0.934100
vt 0.384125 0.944278
vt 0.381432 0.944279
vt 0.381432 0.934101
vt 0.550156 0.650302
vt 0.550156 0.686591
vt 0.547654 0.686609
vt 0.547654 0.650320
vt 0.944514 0.465522
vt 0.944514 0.455421
vt 0.947207 0.455413
vt 0.947207 0.465514
vt 0.547654 0.722537
vt 0.547654 0.686645
vt 0.550149 0.686609
vt 0.550149 0.722501
vt 0.691169 0.707936
vt 0.698949 0.708313
vt 0.698949 0.816253
vt 0.689196 0.815781
vt 0.689360 0.805527
vt 0.683823 0.799488
vt 0.678341 0.799244
vt 0.678451 0.775217
vt 0.679492 0.773220
vt 0.679505 0.756078
vt 0.677693 0.753249
vt 0.675511 0.751276
vt 0.671368 0.749993
vt 0.666949 0.750639
vt 0.665386 0.748825
vt 0.671753 0.713323
vt 0.686007 0.713907
vt 0.688794 0.712015
vt 0.747464 0.278467
vt 0.747464 0.289007
vt 0.739088 0.289105
vt 0.739088 0.278564
vt 0.393975 0.803422
vt 0.384287 0.804119
vt 0.384287 0.696920
vt 0.392015 0.696364
vt 0.394374 0.700360
vt 0.397142 0.702174
vt 0.411300 0.701260
vt 0.417625 0.736370
vt 0.416072 0.738209
vt 0.411682 0.737669
vt 0.407568 0.739041
vt 0.405401 0.741051
vt 0.403601 0.743903
vt 0.403613 0.760927
vt 0.404648 0.762886
vt 0.404757 0.786746
vt 0.399311 0.787116
vt 0.393811 0.793242
vt 0.813113 0.279022
vt 0.821487 0.278994
vt 0.821487 0.287434
vt 0.813113 0.287462
vt 0.420346 0.741529
vt 0.418509 0.741553
vt 0.551005 0.650104
vt 0.543280 0.650302
vt 0.543280 0.541824
vt 0.551005 0.541627
vt 0.826433 0.279396
vt 0.826433 0.287514
vt 0.821487 0.287492
vt 0.821487 0.279374
vt 0.466315 0.994985
vt 0.457875 0.994955
vt 0.457875 0.979627
vt 0.466315 0.979657
vt 0.519377 0.909514
vt 0.527434 0.908518
vt 0.527955 0.942868
vt 0.519898 0.943863
vt 0.829775 0.278994
vt 0.829775 0.287112
vt 0.027870 0.991386
vt 0.035944 0.990543
vt 0.036147 0.992880
vt 0.028073 0.993723
vt 0.407842 0.765991
vt 0.412020 0.766825
vt 0.411932 0.786614
vt 0.629357 0.771471
vt 0.629357 0.763353
vt 0.631726 0.765940
vt 0.631726 0.770499
vt 0.685058 0.807760
vt 0.680586 0.802594
vt 0.671117 0.799282
vt 0.677807 0.802563
vt 0.672176 0.802477
vt 0.671029 0.779358
vt 0.635048 0.822803
vt 0.634092 0.803518
vt 0.663468 0.787059
vt 0.685198 0.815772
vt 0.675235 0.778419
vt 0.036949 0.997546
vt 0.028875 0.998389
vt 0.813113 0.288188
vt 0.804672 0.288188
vt 0.804628 0.283808
vt 0.813068 0.283808
vt 0.448709 0.789957
vt 0.419530 0.774297
vt 0.422580 0.771615
vt 0.448885 0.785526
vt 0.447759 0.809132
vt 0.740919 0.274995
vt 0.745622 0.274940
vt 0.980838 0.765801
vt 0.985531 0.765482
vt 0.985686 0.768472
vt 0.980993 0.768791
vt 0.989792 0.641166
vt 0.991268 0.637682
vt 0.993861 0.638290
vt 0.993391 0.642349
vt 0.986610 0.773713
vt 0.981917 0.774032
vt 0.088962 0.862233
vt 0.084477 0.863046
vt 0.084477 0.856210
vt 0.088962 0.855397
vt 0.980519 0.759741
vt 0.985212 0.759421
vt 0.981691 0.722293
vt 0.986384 0.721974
vt 0.403827 0.789575
vt 0.401066 0.789670
vt 0.445900 0.812462
vt 0.409420 0.789357
vt 0.635449 0.826604
vt 0.396625 0.794905
vt 0.396486 0.802865
vt 0.698568 0.286744
vt 0.706943 0.286898
vt 0.707224 0.289117
vt 0.698849 0.288963
vt 0.698408 0.284210
vt 0.706783 0.284364
vt 0.028875 0.976615
vt 0.036949 0.975772
vt 0.698408 0.279632
vt 0.706783 0.279785
vt 0.698657 0.274940
vt 0.707032 0.275094
vt 0.420415 0.769354
vt 0.416314 0.765274
vt 0.418624 0.761530
vt 0.420236 0.761679
vt 0.804645 0.278994
vt 0.813085 0.278994
vt 0.662577 0.782102
vt 0.666706 0.777897
vt 0.195839 0.677159
vt 0.195839 0.685599
vt 0.194127 0.685612
vt 0.194127 0.677172
vt 0.926651 0.997278
vt 0.918927 0.997506
vt 0.917893 0.993756
vt 0.925618 0.993529
vt 0.527434 0.973209
vt 0.519377 0.974204
vt 0.519649 0.967432
vt 0.527706 0.966437
vt 0.662757 0.774371
vt 0.664380 0.774183
vt 0.110385 0.659558
vt 0.110385 0.667934
vt 0.108397 0.667898
vt 0.108396 0.659521
vt 0.664495 0.754065
vt 0.662646 0.754083
vt 0.918927 0.970114
vt 0.926651 0.969887
vt 0.925590 0.973311
vt 0.917865 0.973539
vt 0.528605 0.949010
vt 0.520548 0.950005
vt 0.996667 0.642831
vt 0.997137 0.638773
vt 0.996724 0.672061
vt 0.993448 0.671579
vt 0.997824 0.674963
vt 0.989792 0.673779
vt 0.658412 0.785096
vt 0.660786 0.782030
vt 0.631929 0.799725
vt 0.194775 0.501187
vt 0.194775 0.509628
vt 0.193854 0.507124
vt 0.193854 0.503681
vt 0.181856 0.982090
vt 0.183623 0.985903
vt 0.181557 0.985381
vt 0.179227 0.981640
vt 0.934814 0.364945
vt 0.929314 0.364098
vt 0.930707 0.359412
vt 0.935796 0.361645
vt 0.183623 0.962777
vt 0.179585 0.962507
vt 0.935796 0.367948
vt 0.929635 0.367998
vt 0.450835 0.809172
vt 0.449024 0.812265
vt 0.980519 0.719390
vt 0.987183 0.718936
vt 0.454914 0.790284
vt 0.454331 0.785827
vt 0.212737 0.977540
vt 0.216023 0.973693
vt 0.220549 0.972421
vt 0.223834 0.974422
vt 0.223834 0.988486
vt 0.221402 0.991765
vt 0.215170 0.993516
vt 0.212737 0.991604
vt 0.989793 0.637682
vt 0.989793 0.674896
vt 0.980524 0.675860
vt 0.980524 0.638646
vt 0.979599 0.209817
vt 0.989331 0.208765
vt 0.989331 0.244543
vt 0.979599 0.245596
vt 0.195763 0.666981
vt 0.195763 0.677159
vt 0.194127 0.677156
vt 0.194127 0.666978
vt 0.383803 0.527246
vt 0.383803 0.564811
vt 0.382276 0.564701
vt 0.382276 0.527136
vt 0.108397 0.678055
vt 0.108396 0.667954
vt 0.110028 0.667934
vt 0.110028 0.678035
vt 0.382276 0.602109
vt 0.382276 0.564954
vt 0.383798 0.564811
vt 0.383798 0.601966
vt 0.956691 0.881077
vt 0.967031 0.881077
vt 0.969772 0.910689
vt 0.969870 0.935356
vt 0.969986 0.945429
vt 0.965245 0.952512
vt 0.958606 0.952455
vt 0.953958 0.945290
vt 0.954282 0.935210
vt 0.954184 0.910656
vt 0.347784 0.866814
vt 0.341873 0.867120
vt 0.339978 0.822899
vt 0.345889 0.822594
vt 0.351091 0.891794
vt 0.341730 0.891751
vt 0.204750 0.877636
vt 0.196250 0.876911
vt 0.202970 0.852072
vt 0.208280 0.852836
vt 0.262689 0.876385
vt 0.236512 0.877179
vt 0.223736 0.852109
vt 0.237931 0.851934
vt 0.318878 0.891623
vt 0.290393 0.891794
vt 0.315628 0.866974
vt 0.329955 0.867054
vt 0.972549 0.767062
vt 0.966490 0.767143
vt 0.964504 0.741692
vt 0.970594 0.741616
vt 0.213888 0.877458
vt 0.211936 0.852255
vt 0.550517 0.919074
vt 0.540549 0.919648
vt 0.535827 0.883286
vt 0.545816 0.882752
vt 0.959255 0.766783
vt 0.958625 0.741529
vt 0.210893 0.808956
vt 0.205584 0.808193
vt 0.203417 0.798569
vt 0.207591 0.799347
vt 0.226350 0.808230
vt 0.240545 0.808055
vt 0.313733 0.822753
vt 0.328059 0.822833
vt 0.965119 0.697215
vt 0.971209 0.697138
vt 0.214550 0.808375
vt 0.540529 0.845367
vt 0.550517 0.844833
vt 0.959240 0.697051
vt 0.995380 0.467630
vt 0.990897 0.465430
vt 0.991959 0.427235
vt 0.996443 0.429435
vt 0.786078 0.957296
vt 0.786057 0.967635
vt 0.786039 0.976230
vt 0.789042 0.979772
vt 0.784382 0.982280
vt 0.777693 0.982300
vt 0.772892 0.979821
vt 0.775620 0.976309
vt 0.775637 0.967675
vt 0.775658 0.957296
vt 0.217620 0.798687
vt 0.227185 0.798569
vt 0.327301 0.813098
vt 0.336955 0.813152
vt 0.966447 0.687599
vt 0.972549 0.687524
vt 0.209669 0.798785
vt 0.537646 0.829077
vt 0.547641 0.828558
vt 0.961051 0.687506
vt 0.990897 0.416732
vt 0.994853 0.418079
vt 0.344985 0.813197
vt 0.349309 0.812882
vt 0.185804 0.578626
vt 0.191463 0.606366
vt 0.193955 0.634044
vt 0.193955 0.645379
vt 0.185877 0.653366
vt 0.174453 0.653324
vt 0.166375 0.645279
vt 0.166375 0.633944
vt 0.169630 0.606250
vt 0.176053 0.578617
vt 0.270777 0.798653
vt 0.280453 0.798569
vt 0.286826 0.826266
vt 0.290055 0.854050
vt 0.290055 0.865433
vt 0.282040 0.873574
vt 0.270704 0.873704
vt 0.262688 0.865747
vt 0.262689 0.854365
vt 0.265161 0.826552
vt 0.378265 0.676069
vt 0.378267 0.665655
vt 0.382667 0.665986
vt 0.382665 0.676400
vt 0.994057 0.208092
vt 0.993967 0.234983
vt 0.989525 0.235126
vt 0.989616 0.208235
vt 0.931370 0.969897
vt 0.931117 0.980616
vt 0.926651 0.980606
vt 0.926904 0.969887
vt 0.376813 0.686707
vt 0.381214 0.687039
vt 0.377824 0.641245
vt 0.376813 0.618074
vt 0.381214 0.618405
vt 0.382225 0.641577
vt 0.947726 0.879913
vt 0.947726 0.870577
vt 0.951498 0.871274
vt 0.951498 0.880610
vt 0.993773 0.245453
vt 0.989331 0.245596
vt 0.931370 0.990998
vt 0.926904 0.990988
vt 0.993773 0.179981
vt 0.989331 0.180123
vt 0.185804 0.653375
vt 0.191463 0.681114
vt 0.193955 0.708793
vt 0.193955 0.720128
vt 0.185877 0.728115
vt 0.174453 0.728073
vt 0.166375 0.720028
vt 0.166375 0.708693
vt 0.169630 0.680998
vt 0.176053 0.653366
vt 0.857214 0.278994
vt 0.857214 0.288256
vt 0.850766 0.288568
vt 0.850766 0.279306
vt 0.769654 0.274940
vt 0.769654 0.286927
vt 0.765206 0.285925
vt 0.765206 0.275926
vt 0.850766 0.279454
vt 0.850766 0.288667
vt 0.844371 0.288207
vt 0.844371 0.278994
vt 0.760822 0.274940
vt 0.760822 0.286879
vt 0.756405 0.285956
vt 0.756405 0.275998
vt 0.929314 0.363262
vt 0.928999 0.367752
vt 0.923426 0.367752
vt 0.922633 0.363262
vt 0.836593 0.283424
vt 0.837188 0.278994
vt 0.843676 0.278994
vt 0.844371 0.283424
vt 0.837394 0.287049
vt 0.843882 0.287049
vt 0.927548 0.359412
vt 0.921975 0.359412
vt 0.765206 0.276028
vt 0.765206 0.285986
vt 0.773939 0.275825
vt 0.773939 0.285823
vt 0.718261 0.478707
vt 0.722359 0.478905
vt 0.722359 0.483516
vt 0.718261 0.483317
vt 0.999938 0.522723
vt 0.993455 0.522648
vt 0.994611 0.514922
vt 0.999040 0.514973
vt 0.718261 0.483286
vt 0.714189 0.483579
vt 0.714189 0.479000
vt 0.718260 0.478707
vt 0.587464 0.983509
vt 0.593922 0.983488
vt 0.593078 0.991148
vt 0.588666 0.991163
vt 0.999744 0.552970
vt 0.998009 0.560333
vt 0.994087 0.559651
vt 0.993455 0.551876
vt 0.143086 0.985421
vt 0.144550 0.978065
vt 0.149182 0.978183
vt 0.150515 0.985611
vt 0.144550 0.998996
vt 0.143086 0.992398
vt 0.150516 0.992588
vt 0.149182 0.999114
vt 0.998009 0.538344
vt 0.999744 0.545640
vt 0.993455 0.544546
vt 0.994087 0.537662
vt 0.588666 0.968302
vt 0.593078 0.968287
vt 0.593922 0.975867
vt 0.587464 0.975889
vt 0.999041 0.537662
vt 0.994611 0.537610
vt 0.993455 0.530210
vt 0.999938 0.530286
vt 0.902084 0.877629
vt 0.907508 0.877225
vt 0.907508 0.967267
vt 0.902083 0.967670
vt 0.543280 0.650302
vt 0.547654 0.650395
vt 0.547654 0.741510
vt 0.543280 0.741417
vt 0.897711 0.877364
vt 0.897711 0.967406
vt 0.376813 0.527136
vt 0.382276 0.527410
vt 0.382276 0.618074
vt 0.376813 0.617800
vt 0.896387 0.967505
vt 0.896387 0.877464
vt 0.980739 0.260696
vt 0.984975 0.260583
vt 0.984975 0.351698
vt 0.980739 0.351811
vt 0.737643 0.282885
vt 0.737643 0.278224
vt 0.739088 0.278219
vt 0.739088 0.282880
vt 0.194917 0.591852
vt 0.194917 0.501187
vt 0.196250 0.501255
vt 0.196250 0.591919
vt 0.719242 0.278173
vt 0.719242 0.282798
vt 0.717791 0.282782
vt 0.717791 0.278156
vt 0.728461 0.274988
vt 0.728461 0.286154
vt 0.722525 0.286107
vt 0.722525 0.274940
vt 0.728461 0.274941
vt 0.734373 0.274940
vt 0.734373 0.286193
vt 0.728461 0.286194
vt 0.382276 0.606134
vt 0.384087 0.606180
vt 0.384087 0.614081
vt 0.382276 0.614035
vt 0.195692 0.658083
vt 0.194144 0.657920
vt 0.194702 0.653833
vt 0.196250 0.653996
vt 0.195913 0.691683
vt 0.194127 0.691554
vt 0.194127 0.685612
vt 0.195913 0.685740
vt 0.195930 0.666978
vt 0.194127 0.666969
vt 0.194447 0.661003
vt 0.196250 0.661013
vt 0.110208 0.659521
vt 0.108397 0.659491
vt 0.108457 0.656151
vt 0.110269 0.656181
vt 0.110200 0.688822
vt 0.108397 0.688803
vt 0.108639 0.684685
vt 0.110442 0.684704
vt 0.110442 0.691093
vt 0.108639 0.691074
vt 0.642436 0.273214
vt 0.640889 0.273042
vt 0.640450 0.265915
vt 0.641997 0.266087
vt 0.382358 0.602109
vt 0.384170 0.602155
vt 0.384170 0.617061
vt 0.382358 0.617014
vt 0.195692 0.645714
vt 0.194144 0.645551
vt 0.194127 0.658083
vt 0.195930 0.658092
vt 0.640889 0.262702
vt 0.642436 0.262874
vt 0.108397 0.680596
vt 0.110187 0.680578
vt 0.110521 0.684668
vt 0.108731 0.684685
vt 0.933256 0.982805
vt 0.933256 0.990173
vt 0.932137 0.990758
vt 0.932137 0.982194
vt 0.158654 0.989917
vt 0.158654 0.982493
vt 0.159769 0.981886
vt 0.159769 0.990516
vt 0.157476 0.979477
vt 0.153041 0.979492
vt 0.152057 0.978087
vt 0.158480 0.978065
vt 0.934439 0.979822
vt 0.933431 0.978412
vt 0.934439 0.993184
vt 0.938892 0.993235
vt 0.939879 0.994644
vt 0.933431 0.994570
vt 0.157476 0.992940
vt 0.158480 0.994345
vt 0.938892 0.979873
vt 0.939879 0.978487
vt 0.153041 0.992955
vt 0.152057 0.994367
vt 0.940307 0.990252
vt 0.940307 0.982890
vt 0.941427 0.982301
vt 0.941427 0.990866
vt 0.151631 0.982520
vt 0.151631 0.989937
vt 0.150516 0.990547
vt 0.150516 0.981917
vt 0.108397 0.649360
vt 0.110208 0.649390
vt 0.108731 0.678073
vt 0.110521 0.678055
vt 0.194127 0.699376
vt 0.195939 0.699422
vt 0.195939 0.702040
vt 0.194127 0.701994
vt 0.110146 0.700140
vt 0.110146 0.702891
vt 0.108613 0.702624
vt 0.108613 0.699874
vt 0.640450 0.275130
vt 0.640450 0.273339
vt 0.642180 0.273214
vt 0.642180 0.275005
vt 0.380783 0.687123
vt 0.380783 0.688926
vt 0.379041 0.688842
vt 0.379041 0.687039
vt 0.383840 0.698329
vt 0.383840 0.701189
vt 0.381965 0.701195
vt 0.381965 0.698336
vt 0.194127 0.699354
vt 0.194127 0.696516
vt 0.196009 0.696538
vt 0.196009 0.699376
vt 0.071603 0.963513
vt 0.077489 0.957561
vt 0.085812 0.957531
vt 0.091697 0.963441
vt 0.091697 0.971828
vt 0.085811 0.977781
vt 0.077488 0.977811
vt 0.071603 0.971901
vt 0.457875 0.965249
vt 0.463738 0.959342
vt 0.472031 0.959375
vt 0.477894 0.965331
vt 0.477894 0.973719
vt 0.472031 0.979626
vt 0.463738 0.979593
vt 0.457875 0.973637
vt 0.940101 0.780352
vt 0.947726 0.779780
vt 0.947726 0.880504
vt 0.940101 0.881077
vt 0.932025 0.563618
vt 0.939848 0.563269
vt 0.939848 0.664690
vt 0.932025 0.665039
vt 0.930713 0.000035
vt 0.938584 0.000203
vt 0.938584 0.102129
vt 0.930713 0.101960
vt 0.932232 0.779876
vt 0.932232 0.880601
vt 0.943140 0.687506
vt 0.950720 0.689357
vt 0.950720 0.776911
vt 0.943140 0.775060
vt 0.958625 0.687909
vt 0.958625 0.775463
vt 0.947526 0.563658
vt 0.947526 0.665079
vt 0.946206 0.000000
vt 0.946206 0.101926
vt 0.653679 0.970501
vt 0.658979 0.965140
vt 0.666476 0.965112
vt 0.671777 0.970436
vt 0.671777 0.977991
vt 0.666476 0.983352
vt 0.658979 0.983379
vt 0.653679 0.978056
vt 0.792759 0.971443
vt 0.798040 0.966122
vt 0.805510 0.966152
vt 0.810791 0.971516
vt 0.810791 0.979072
vt 0.805510 0.984393
vt 0.798040 0.984363
vt 0.792759 0.978999
vt 0.678903 0.274940
vt 0.679235 0.281985
vt 0.670205 0.282008
vt 0.669873 0.274963
vt 0.688478 0.274961
vt 0.688310 0.282050
vt 0.679235 0.282029
vt 0.679403 0.274940
vt 0.651150 0.288896
vt 0.651623 0.281811
vt 0.660591 0.281867
vt 0.660118 0.288952
vt 0.660591 0.289095
vt 0.662080 0.282227
vt 0.669873 0.282024
vt 0.668384 0.288893
vt 0.660591 0.275143
vt 0.668384 0.274940
vt 0.678903 0.288902
vt 0.669873 0.288925
vt 0.688478 0.288916
vt 0.679403 0.288895
vt 0.651150 0.274940
vt 0.660118 0.274996
vt 0.384287 0.960814
vt 0.390896 0.954129
vt 0.400243 0.954095
vt 0.406852 0.960732
vt 0.406852 0.970152
vt 0.400243 0.976837
vt 0.390896 0.976870
vt 0.384287 0.970234
vt 0.290393 0.961179
vt 0.296978 0.954544
vt 0.306291 0.954582
vt 0.312876 0.961270
vt 0.312876 0.970690
vt 0.306291 0.977325
vt 0.296978 0.977287
vt 0.290393 0.970599
vt 0.935871 0.473807
vt 0.944655 0.473415
vt 0.944655 0.562832
vt 0.935871 0.563224
vt 0.935756 0.114457
vt 0.944595 0.114646
vt 0.944595 0.204508
vt 0.935756 0.204319
vt 0.772892 0.867957
vt 0.781729 0.868492
vt 0.781729 0.957295
vt 0.772892 0.956761
vt 0.953197 0.291294
vt 0.953197 0.368486
vt 0.944684 0.366406
vt 0.962074 0.289668
vt 0.962074 0.366859
vt 0.953279 0.473852
vt 0.953279 0.563269
vt 0.953155 0.114418
vt 0.953155 0.204280
vt 0.790291 0.867849
vt 0.790291 0.956653
vt 0.968703 0.417801
vt 0.973290 0.413162
vt 0.979776 0.413139
vt 0.984363 0.417745
vt 0.984363 0.424282
vt 0.979776 0.428921
vt 0.973289 0.428944
vt 0.968703 0.424338
vt 0.709394 0.975927
vt 0.713964 0.971323
vt 0.720426 0.971349
vt 0.724996 0.975990
vt 0.724996 0.982528
vt 0.720426 0.987132
vt 0.713964 0.987106
vt 0.709394 0.982464
vt 0.212737 0.934928
vt 0.218834 0.934656
vt 0.218834 0.972118
vt 0.212737 0.972390
vt 0.908005 0.739829
vt 0.914140 0.739960
vt 0.914140 0.777609
vt 0.908005 0.777478
vt 0.971965 0.114493
vt 0.978098 0.114864
vt 0.978098 0.152069
vt 0.971965 0.151698
vt 0.975562 0.563269
vt 0.981470 0.564712
vt 0.981470 0.597052
vt 0.975562 0.595609
vt 0.987631 0.563583
vt 0.987631 0.595923
vt 0.224818 0.934959
vt 0.224818 0.972421
vt 0.920080 0.739802
vt 0.920080 0.777450
vt 0.984041 0.114418
vt 0.984041 0.151623
vt 0.040113 0.990868
vt 0.039858 0.980430
vt 0.046857 0.980384
vt 0.047085 0.989712
vt 0.604637 0.979740
vt 0.604185 0.970170
vt 0.606825 0.970181
vt 0.607276 0.979733
vt 0.597948 0.979793
vt 0.597442 0.969083
vt 0.540661 0.969310
vt 0.541380 0.979755
vt 0.534294 0.979772
vt 0.533651 0.970438
vt 0.040113 0.969654
vt 0.047085 0.970754
vt 0.890945 0.970676
vt 0.893209 0.981445
vt 0.886457 0.981540
vt 0.884433 0.971917
vt 0.890945 0.991887
vt 0.884434 0.990871
vt 0.540661 0.990526
vt 0.533651 0.989397
vt 0.597442 0.990309
vt 0.604185 0.989137
vt 0.953155 0.184021
vt 0.960342 0.176752
vt 0.970506 0.176715
vt 0.977693 0.183932
vt 0.977693 0.194175
vt 0.970506 0.201444
vt 0.960342 0.201481
vt 0.953155 0.194264
vt 0.049742 0.970778
vt 0.049515 0.980389
vt 0.531024 0.989362
vt 0.531665 0.979757
vt 0.882143 0.990911
vt 0.884162 0.981598
vt 0.882143 0.971995
vt 0.606825 0.989111
vt 0.049742 0.989698
vt 0.531024 0.970441
vt 0.865564 0.637141
vt 0.865564 0.625697
vt 0.868206 0.626876
vt 0.868206 0.636434
vt 0.874937 0.620040
vt 0.884455 0.619931
vt 0.891186 0.626612
vt 0.891186 0.636170
vt 0.884455 0.643005
vt 0.874937 0.643115
vt 0.594734 0.979746
vt 0.594313 0.970801
vt 0.037058 0.980328
vt 0.037271 0.971328
vt 0.543884 0.979865
vt 0.543284 0.988860
vt 0.873623 0.617513
vt 0.885019 0.617382
vt 0.594313 0.988529
vt 0.037271 0.989046
vt 0.108702 0.853160
vt 0.096783 0.853451
vt 0.096851 0.773370
vt 0.106760 0.773128
vt 0.918437 0.001524
vt 0.908269 0.002004
vt 0.909004 0.000444
vt 0.918409 -0.000000
vt 0.918705 0.080710
vt 0.906475 0.081287
vt 0.932232 0.860844
vt 0.920305 0.861665
vt 0.920689 0.782222
vt 0.930605 0.781539
vt 0.084477 0.853160
vt 0.086619 0.773128
vt 0.935756 0.201923
vt 0.923459 0.204509
vt 0.921779 0.134398
vt 0.932003 0.132248
vt 0.911535 0.201923
vt 0.911866 0.132248
vt 0.908005 0.860844
vt 0.910463 0.781539
vt 0.930713 0.081287
vt 0.928420 0.002004
vt 0.133570 0.960873
vt 0.140647 0.953715
vt 0.150655 0.953679
vt 0.157732 0.960785
vt 0.157732 0.970871
vt 0.150655 0.978029
vt 0.140647 0.978065
vt 0.133570 0.970959
vt 0.087349 0.771429
vt 0.096813 0.771653
vt 0.911201 0.779780
vt 0.920659 0.780411
vt 0.912612 0.130438
vt 0.921782 0.132426
vt 0.931239 0.130438
vt 0.927643 0.000444
vt 0.105980 0.771429
vt 0.929832 0.779780
vt 0.929377 0.083480
vt 0.918669 0.082966
vt 0.096707 0.855397
vt 0.085733 0.855137
vt 0.107336 0.855137
vt 0.876383 0.771854
vt 0.863417 0.771802
vt 0.864433 0.770037
vt 0.875995 0.770084
vt 0.854248 0.762490
vt 0.856257 0.761733
vt 0.854248 0.749374
vt 0.856257 0.750037
vt 0.863416 0.740137
vt 0.864433 0.741800
vt 0.907764 0.083480
vt 0.875995 0.741847
vt 0.884171 0.750151
vt 0.884171 0.761847
vt 0.325548 0.996968
vt 0.325151 0.988720
vt 0.329040 0.988631
vt 0.329432 0.996785
vt 0.323308 0.988651
vt 0.322913 0.980278
vt 0.324820 0.981583
vt 0.325151 0.988604
vt 0.319461 0.988664
vt 0.319061 0.980193
vt 0.190951 0.979679
vt 0.191520 0.987941
vt 0.187662 0.987922
vt 0.187100 0.979755
vt 0.325151 0.980193
vt 0.329039 0.980203
vt 0.472166 0.979627
vt 0.473957 0.988144
vt 0.470554 0.988226
vt 0.468784 0.979806
vt 0.472166 0.996403
vt 0.468783 0.996390
vt 0.190951 0.996460
vt 0.187100 0.996343
vt 0.319061 0.996981
vt 0.322913 0.996873
vt 0.125175 0.960340
vt 0.130518 0.965623
vt 0.130545 0.973094
vt 0.125240 0.978377
vt 0.117710 0.978378
vt 0.112367 0.973095
vt 0.112340 0.965623
vt 0.117645 0.960340
vt 0.331218 0.981444
vt 0.331218 0.988511
vt 0.184834 0.995040
vt 0.185305 0.987979
vt 0.466315 0.995047
vt 0.467799 0.988202
vt 0.466315 0.981142
vt 0.110561 0.974078
vt 0.110529 0.965168
vt 0.125913 0.980379
vt 0.116933 0.980379
vt 0.184834 0.981131
vt 0.789042 0.977895
vt 0.789042 0.957526
vt 0.792252 0.957296
vt 0.792252 0.977664
vt 0.110146 0.699874
vt 0.108397 0.699868
vt 0.108397 0.696390
vt 0.110146 0.696396
vt 0.946053 0.665235
vt 0.946053 0.685744
vt 0.942822 0.685588
vt 0.942822 0.665079
vt 0.383702 0.698309
vt 0.381965 0.698329
vt 0.381965 0.694837
vt 0.383702 0.694817
vt 0.642052 0.242050
vt 0.642052 0.262661
vt 0.640450 0.262702
vt 0.640450 0.242091
vt 0.196250 0.627558
vt 0.196250 0.645263
vt 0.194592 0.645551
vt 0.194592 0.627846
vt 0.696782 0.484283
vt 0.696782 0.479055
vt 0.701631 0.478707
vt 0.701631 0.483934
vt 0.383715 0.694817
vt 0.381965 0.694811
vt 0.381965 0.689555
vt 0.383715 0.689561
vt 0.706514 0.478943
vt 0.706514 0.484207
vt 0.701631 0.483970
vt 0.701631 0.478706
vt 0.110133 0.696370
vt 0.108397 0.696390
vt 0.108397 0.691113
vt 0.110133 0.691093
vt 0.384269 0.681631
vt 0.384269 0.686921
vt 0.382667 0.686962
vt 0.382667 0.681672
vt 0.195785 0.691683
vt 0.195785 0.696227
vt 0.194127 0.696516
vt 0.194127 0.691971
vt 0.631771 0.757940
vt 0.631777 0.763202
vt 0.629363 0.763353
vt 0.629357 0.758091
vt 0.946328 0.994094
vt 0.945714 1.000000
vt 0.943298 1.000000
vt 0.942821 0.994094
vt 0.902942 0.118813
vt 0.903105 0.124470
vt 0.900704 0.124408
vt 0.900541 0.118752
vt 0.939191 0.699618
vt 0.938641 0.705499
vt 0.936207 0.705491
vt 0.935657 0.699606
vt 0.738791 0.992890
vt 0.728076 0.993014
vt 0.728076 0.988626
vt 0.738791 0.988501
vt 0.379041 0.689469
vt 0.376813 0.689526
vt 0.376813 0.687096
vt 0.379041 0.687039
vt 0.982512 0.058665
vt 0.984924 0.043406
vt 0.987263 0.043862
vt 0.984745 0.059824
vt 0.347819 0.916602
vt 0.344311 0.930279
vt 0.343103 0.930293
vt 0.341895 0.930307
vt 0.341137 0.916680
vt 0.244749 0.953202
vt 0.246111 0.935706
vt 0.248497 0.935904
vt 0.247218 0.952707
vt 0.929280 0.130438
vt 0.929611 0.114059
vt 0.931952 0.114059
vt 0.935756 0.130438
vt 0.347819 0.908140
vt 0.341137 0.908217
vt 0.338944 0.905094
vt 0.350013 0.904965
vt 0.977167 0.035067
vt 0.978240 0.034162
vt 0.251050 0.962908
vt 0.256098 0.959895
vt 0.258209 0.962916
vt 0.253161 0.965929
vt 0.714189 0.482431
vt 0.714189 0.484772
vt 0.710890 0.484656
vt 0.710890 0.478707
vt 0.249215 0.959594
vt 0.251202 0.958409
vt 0.528251 0.985446
vt 0.521518 0.985446
vt 0.519391 0.981848
vt 0.530545 0.981848
vt 0.858046 0.773363
vt 0.856829 0.773363
vt 0.855612 0.773364
vt 0.855607 0.771854
vt 0.858041 0.771854
vt 0.931296 0.104373
vt 0.933637 0.104373
vt 0.341155 0.935791
vt 0.339947 0.935805
vt 0.257410 0.928964
vt 0.258209 0.930109
vt 0.940245 0.693549
vt 0.934603 0.693530
vt 0.902851 0.112780
vt 0.900449 0.112719
vt 0.947445 0.987997
vt 0.941846 0.987997
vt 0.631828 0.752694
vt 0.629414 0.752846
vt 0.631771 0.744019
vt 0.629357 0.744170
vt 0.948086 0.978412
vt 0.941427 0.978412
vt 0.902528 0.103744
vt 0.900127 0.103683
vt 0.940778 0.684004
vt 0.934069 0.683981
vt 0.942822 0.680741
vt 0.932025 0.680705
vt 0.902715 0.099907
vt 0.900313 0.099845
vt 0.906348 0.100000
vt 0.906161 0.103837
vt 0.534840 0.908518
vt 0.534714 0.911719
vt 0.532283 0.911719
vt 0.532410 0.908519
vt 0.736763 0.996196
vt 0.730104 0.996274
vt 0.932025 0.676333
vt 0.942822 0.676370
vt 0.532440 0.917861
vt 0.528762 0.917861
vt 0.528605 0.911719
vt 0.528732 0.908518
vt 0.457754 0.731642
vt 0.457754 0.729554
vt 0.460426 0.730492
vt 0.460426 0.732580
vt 0.730007 0.986032
vt 0.736860 0.985952
vt 0.988069 0.428866
vt 0.984410 0.428944
vt 0.984520 0.424880
vt 0.988179 0.424802
vt 0.902528 0.095867
vt 0.906161 0.095960
vt 0.990487 0.428815
vt 0.990598 0.424751
vt 0.900127 0.095805
vt 0.988022 0.421669
vt 0.984363 0.421747
vt 0.984520 0.415940
vt 0.988179 0.415862
vt 0.940876 0.673802
vt 0.933971 0.673779
vt 0.933971 0.667534
vt 0.940876 0.667557
vt 0.990440 0.421618
vt 0.457755 0.734802
vt 0.460426 0.735739
vt 0.990598 0.415811
vt 0.988111 0.413134
vt 0.990529 0.413083
vt 0.938356 0.106373
vt 0.935960 0.106201
vt 0.935756 0.104373
vt 0.938152 0.104546
vt 0.730007 0.979761
vt 0.736859 0.979682
vt 0.938356 0.112151
vt 0.935960 0.111978
vt 0.941981 0.112412
vt 0.941981 0.106634
vt 0.710890 0.480795
vt 0.706514 0.481556
vt 0.706514 0.479468
vt 0.710890 0.478707
vt 0.710890 0.483954
vt 0.706514 0.484715
vt 0.941777 0.104806
vt 0.935114 0.665079
vt 0.939732 0.665094
vt 0.984452 0.413212
vt 0.731142 0.977280
vt 0.735725 0.977226
vt 0.528276 0.992965
vt 0.521543 0.992964
vt 0.978754 0.064880
vt 0.977167 0.063174
vt 0.530531 0.977864
vt 0.519377 0.977864
vt 0.521326 0.974204
vt 0.528557 0.974204
vt 0.985518 0.258996
vt 0.979599 0.259028
vt 0.979758 0.255326
vt 0.985677 0.255294
vt 0.338944 0.901094
vt 0.350013 0.900965
vt 0.835974 0.285870
vt 0.831162 0.285809
vt 0.832437 0.284155
vt 0.836593 0.284036
vt 0.340890 0.898014
vt 0.348066 0.897931
vt 0.834883 0.288745
vt 0.829775 0.288891
vt 0.979667 0.251735
vt 0.985611 0.251131
vt 0.463335 0.729554
vt 0.463335 0.734182
vt 0.460426 0.734192
vt 0.460426 0.729564
vt 0.979599 0.249555
vt 0.984415 0.249528
vt 0.829775 0.278994
vt 0.831550 0.279793
vt 0.342182 0.896188
vt 0.346775 0.896135
vt 0.346775 0.893214
vt 0.342182 0.893267
vt 0.342062 0.891847
vt 0.346655 0.891794
vt 0.726364 0.483683
vt 0.726364 0.478900
vt 0.729049 0.478707
vt 0.729049 0.483490
vt 0.979715 0.246851
vt 0.984531 0.246824
vt 0.726364 0.479138
vt 0.726364 0.483589
vt 0.723883 0.483158
vt 0.723883 0.478706
vt 0.730275 0.479561
vt 0.730275 0.482459
vt 0.980717 0.245612
vt 0.983635 0.245596
vt 0.722359 0.483328
vt 0.722359 0.478877
vt 0.984244 0.031598
vt 0.986898 0.033229
vt 0.988371 0.036229
vt 0.383781 0.681592
vt 0.382667 0.681631
vt 0.383060 0.678420
vt 0.382667 0.675399
vt 0.383781 0.675360
vt 0.384174 0.678381
vt 0.247312 0.929261
vt 0.249530 0.926821
vt 0.252531 0.925993
vt 0.859342 0.779686
vt 0.858125 0.779686
vt 0.798687 0.288188
vt 0.798687 0.274940
vt 0.803795 0.277434
vt 0.804628 0.280436
vt 0.803663 0.283636
vt 0.383781 0.669090
vt 0.384174 0.672110
vt 0.383781 0.675321
vt 0.382667 0.675360
vt 0.383060 0.672149
vt 0.382667 0.669129
vt 0.345003 0.935746
vt 0.343795 0.935760
vt 0.798687 0.274940
vt 0.798687 0.288097
vt 0.792695 0.283366
vt 0.791736 0.280210
vt 0.792564 0.277210
vt 0.855465 0.779686
vt 0.854248 0.779686
vt 0.986945 0.834729
vt 0.986945 0.878096
vt 0.983425 0.877237
vt 0.983425 0.833870
vt 0.852841 0.932786
vt 0.852841 0.982677
vt 0.849300 0.982943
vt 0.849301 0.933052
vt 0.845647 0.982722
vt 0.845647 0.932831
vt 0.550474 0.745319
vt 0.550474 0.795805
vt 0.546935 0.795900
vt 0.546935 0.745414
vt 0.543280 0.795822
vt 0.543280 0.745336
vt 0.920239 0.647944
vt 0.920239 0.698180
vt 0.916673 0.697999
vt 0.916673 0.647763
vt 0.913041 0.698161
vt 0.913041 0.647925
vt 0.990615 0.834057
vt 0.990615 0.877424
vt 0.546888 0.743152
vt 0.549584 0.743080
vt 0.916646 0.645722
vt 0.913880 0.645845
vt 0.913875 0.644282
vt 0.916646 0.644158
vt 0.849254 0.930688
vt 0.851951 0.930486
vt 0.544104 0.743093
vt 0.987006 0.832224
vt 0.989802 0.831711
vt 0.984325 0.831569
vt 0.846471 0.930520
vt 0.919362 0.645859
vt 0.840607 0.638975
vt 0.842692 0.636866
vt 0.845642 0.636855
vt 0.847727 0.638949
vt 0.847727 0.641921
vt 0.845642 0.644030
vt 0.842692 0.644041
vt 0.840607 0.641947
vt 0.544099 0.741523
vt 0.546888 0.741582
vt 0.846466 0.928969
vt 0.849255 0.929138
vt 0.984320 0.830222
vt 0.987006 0.830878
vt 0.989807 0.830365
vt 0.919367 0.644296
vt 0.549589 0.741510
vt 0.851956 0.928935
vt 0.970862 0.004877
vt 0.970862 0.063268
vt 0.964816 0.061791
vt 0.964816 0.003400
vt 0.870860 0.219629
vt 0.870860 0.286804
vt 0.864779 0.287260
vt 0.864779 0.220085
vt 0.858502 0.286881
vt 0.858502 0.219706
vt 0.975562 0.564941
vt 0.975562 0.632917
vt 0.969483 0.633079
vt 0.969483 0.565103
vt 0.963205 0.632944
vt 0.963205 0.564968
vt 0.708708 0.899087
vt 0.708708 0.966727
vt 0.702584 0.966417
vt 0.702584 0.898778
vt 0.939837 0.471592
vt 0.933223 0.471565
vt 0.933977 0.470147
vt 0.939453 0.470169
vt 0.696345 0.966695
vt 0.696345 0.899056
vt 0.977167 0.003722
vt 0.977167 0.062113
vt 0.969468 0.563424
vt 0.975282 0.563269
vt 0.225080 0.978222
vt 0.229587 0.973733
vt 0.230246 0.975005
vt 0.226599 0.978636
vt 0.696609 0.897439
vt 0.702575 0.897173
vt 0.864764 0.218386
vt 0.870580 0.217949
vt 0.963465 0.563295
vt 0.970881 0.003257
vt 0.976911 0.002152
vt 0.965100 0.001845
vt 0.858762 0.218022
vt 0.708432 0.897469
vt 0.235421 0.975005
vt 0.239094 0.978636
vt 0.239112 0.983771
vt 0.235466 0.987402
vt 0.230291 0.987402
vt 0.226618 0.983771
vt 0.229643 0.989058
vt 0.225103 0.984569
vt 0.859848 0.216343
vt 0.864703 0.216637
vt 0.966285 0.000000
vt 0.970962 0.001142
vt 0.975840 0.000249
vt 0.236040 0.989058
vt 0.869408 0.216283
vt 0.930105 0.466214
vt 0.930105 0.460675
vt 0.933977 0.456774
vt 0.939453 0.456796
vt 0.943325 0.460729
vt 0.943325 0.466268
vt 0.707620 0.968045
vt 0.702550 0.967789
vt 0.944514 0.466881
vt 0.933223 0.455413
vt 0.939837 0.455440
vt 0.928547 0.466816
vt 0.944514 0.460190
vt 0.928547 0.460125
s 1
usemtl Material.001
f 237/1/1 243/2/1 8/3/1 4/4/1
f 2/5/2 6/6/2 5/7/2 1/8/2
f 4/9/3 8/10/3 7/11/3 3/12/3
f 3/12/4 7/11/4 6/13/4 2/14/4
f 1/8/5 5/7/5 239/15/5 233/16/5
f 7/11/6 8/10/6 12/17/6 11/18/6
f 6/13/7 7/11/7 11/18/7 10/19/7
f 239/15/8 5/7/8 9/20/8 245/21/8
f 8/3/9 243/2/9 249/22/9 12/23/9
f 5/7/10 6/6/10 10/24/10 9/20/10
f 17/25/11 258/26/11 255/27/11 16/28/11 33/29/11
f 21/30/12 20/31/12 14/32/12 13/33/12
f 23/34/13 17/35/13 33/36/13 15/37/13
f 20/38/14 23/34/14 14/39/14
f 267/40/15 21/30/15 13/33/15 281/41/15
f 245/21/16 9/20/16 22/42/16 268/43/16
f 268/43/17 22/42/17 21/30/17 267/40/17
f 10/19/18 11/18/18 24/44/18 19/45/18
f 19/45/19 24/44/19 23/34/19 20/38/19
f 11/18/20 12/17/20 18/46/20 24/44/20
f 24/44/21 18/46/21 17/35/21 23/34/21
f 9/20/22 10/24/22 19/47/22 22/42/22
f 22/42/23 19/47/23 20/31/23 21/30/23
f 12/23/24 249/22/24 257/48/24 18/49/24
f 18/49/25 257/48/25 258/26/25 17/25/25
f 14/32/26 15/50/26 27/51/26 26/52/26
f 251/53/27 13/33/27 25/54/27 269/55/27
f 16/28/28 255/27/28 273/56/28 28/57/28
f 13/33/29 14/32/29 26/52/29 25/54/29
f 15/58/30 28/59/30 27/60/30
f 25/54/31 26/52/31 30/61/31 29/62/31
f 32/63/32 279/64/32 275/65/32 29/66/32 30/67/32 31/68/32
f 27/69/33 28/70/33 32/63/33 31/68/33
f 26/71/34 27/72/34 31/73/34 30/74/34
f 269/55/35 25/54/35 29/62/35 275/75/35
f 28/57/36 273/56/36 279/76/36 32/77/36
f 281/41/37 13/33/37 251/53/37
f 28/78/38 15/37/38 16/79/38
f 15/37/39 33/36/39 16/79/39
f 34/80/40 35/81/40 37/82/40 36/83/40
f 36/83/41 37/82/41 39/84/41 38/85/41
f 38/86/42 39/87/42 41/88/42 40/89/42
f 40/90/43 41/91/43 43/92/43 42/93/43
f 42/93/44 43/92/44 45/94/44 44/95/44
f 37/96/45 35/97/45 47/98/45 45/99/45 43/100/45 41/101/45 39/102/45
f 44/103/46 45/104/46 47/105/46 46/106/46
f 46/107/47 47/108/47 35/81/47 34/80/47
f 38/86/48 40/89/48 51/109/48 50/110/48
f 54/111/49 48/112/49 55/113/49 61/114/49
f 44/115/50 46/116/50 54/117/50 53/118/50
f 40/90/51 42/93/51 52/119/51 51/120/51
f 46/116/52 34/121/52 48/122/52 54/117/52
f 36/123/53 38/124/53 50/125/53 49/126/53
f 42/93/54 44/95/54 53/127/54 52/119/54
f 34/121/55 36/123/55 49/126/55 48/122/55
f 60/128/56 61/129/56 68/130/56 67/131/56
f 52/119/57 53/127/57 60/132/57 59/133/57
f 50/110/58 51/109/58 58/134/58 57/135/58
f 48/112/59 49/136/59 56/137/59 55/113/59
f 53/138/60 54/139/60 61/129/60 60/128/60
f 51/120/61 52/119/61 59/133/61 58/140/61
f 49/136/62 50/141/62 57/142/62 56/137/62
f 77/143/63 76/144/63 72/145/63 71/146/63
f 58/140/64 59/133/64 66/147/64 65/148/64
f 56/149/65 57/135/65 64/150/65 63/151/65
f 61/152/66 55/153/66 62/154/66 68/155/66
f 59/133/67 60/132/67 67/156/67 66/147/67
f 57/135/68 58/134/68 65/157/68 64/150/68
f 55/153/69 56/158/69 63/159/69 62/154/69
f 69/160/70 70/161/70 71/162/70 72/163/70 73/164/70 74/165/70 75/166/70
f 79/167/71 78/168/71 70/169/71 69/170/71
f 81/171/72 80/172/72 75/173/72 74/174/72
f 76/175/73 82/176/73 73/177/73 72/178/73
f 78/168/74 77/179/74 71/180/74 70/169/74
f 80/181/75 79/167/75 69/170/75 75/182/75
f 82/176/76 81/183/76 74/184/76 73/177/76
f 66/147/77 67/156/77 81/183/77 82/176/77
f 68/185/78 62/186/78 79/167/78 80/181/78
f 63/187/79 64/188/79 77/179/79 78/168/79
f 65/148/80 66/147/80 82/176/80 76/175/80
f 67/131/81 68/130/81 80/172/81 81/171/81
f 62/186/82 63/187/82 78/168/82 79/167/82
f 64/150/83 65/157/83 76/144/83 77/143/83
f 30/189/84 73/164/84 74/165/84 31/190/84
f 31/68/85 74/174/85 75/173/85 27/69/85
f 70/169/86 15/37/86 27/191/86 75/182/86 69/170/86
f 71/180/87 23/34/87 15/37/87 70/169/87
f 71/146/88 72/145/88 14/192/88 23/193/88
f 14/39/89 23/34/89 15/37/89
f 26/71/90 72/194/90 73/195/90 30/74/90
f 72/194/91 26/71/91 14/196/91
f 96/197/92 93/198/92 91/199/92 85/200/92
f 87/201/93 83/202/93 91/203/93 92/204/93
f 92/205/94 91/206/94 93/207/94 94/208/94
f 84/209/95 85/200/95 91/199/95 83/210/95
f 87/211/96 92/212/96 86/213/96
f 90/214/97 85/215/97 84/216/97
f 89/217/98 90/214/98 84/216/98
f 89/218/99 95/219/99 88/220/99 103/221/99 90/222/99
f 88/223/100 95/224/100 87/211/100 86/213/100
f 86/225/101 94/226/101 88/227/101
f 96/228/102 85/215/102 90/214/102
f 93/198/103 96/197/103 101/229/103 99/230/103
f 90/222/104 103/221/104 102/231/104 98/232/104
f 96/228/105 90/214/105 98/233/105 101/234/105
f 94/208/106 93/207/106 99/235/106 100/236/106
f 88/237/107 94/208/107 100/236/107 97/238/107
f 102/231/108 103/221/108 88/220/108 97/239/108
f 110/240/109 109/241/109 108/242/109 106/243/109
f 112/244/110 111/245/110 104/246/110 105/247/110
f 109/248/111 113/249/111 107/250/111 108/251/111
f 113/252/112 112/253/112 105/254/112 107/255/112
f 111/256/113 110/257/113 106/258/113 104/259/113
f 520/260/114 518/261/114 110/257/114 111/256/114
f 89/217/115 84/216/115 519/262/115 112/253/115 113/252/115 114/263/115
f 95/219/116 89/218/116 114/264/116 115/265/116
f 519/266/117 520/267/117 111/245/117 112/244/117
f 87/211/118 95/224/118 115/268/118 109/241/118 110/240/118 518/269/118
f 115/265/119 114/264/119 113/249/119 109/248/119
f 86/225/120 92/270/120 94/226/120
f 4/9/121 3/12/121 118/271/121 119/272/121
f 3/273/122 2/274/122 117/275/122 118/276/122
f 1/277/123 233/278/123 365/279/123 116/280/123
f 237/1/124 4/4/124 119/281/124 376/282/124
f 2/274/125 1/277/125 116/280/125 117/275/125
f 100/283/126 99/284/126 121/285/126 120/286/126
f 99/230/127 101/229/127 117/287/127 116/288/127
f 101/234/128 98/233/128 118/271/128 117/289/128
f 98/233/129 102/290/129 119/272/129 118/271/129
f 102/231/130 97/239/130 369/291/130 119/281/130
f 97/292/131 100/283/131 372/293/131 371/294/131
f 97/239/132 371/295/132 369/291/132
f 365/279/133 374/296/133 120/286/133
f 365/297/134 121/298/134 116/288/134
f 120/286/135 374/296/135 372/293/135 100/283/135
f 116/288/136 121/298/136 99/230/136
f 120/286/137 121/285/137 365/279/137
f 376/282/138 119/281/138 369/291/138
f 146/299/139 123/300/139 125/301/139 147/302/139
f 148/303/140 128/304/140 132/305/140 151/306/140
f 148/303/141 129/307/141 127/308/141 149/309/141
f 171/310/142 161/311/142 123/312/142 146/313/142
f 158/314/143 128/315/143 126/316/143 160/317/143
f 159/318/144 125/319/144 123/320/144 161/321/144
f 151/306/145 132/305/145 136/322/145 153/323/145
f 158/314/146 124/324/146 130/325/146 162/326/146
f 159/318/147 129/327/147 133/328/147 163/329/147
f 147/302/148 125/301/148 131/330/148 150/331/148
f 145/332/149 169/333/149 179/334/149 180/335/149
f 162/326/143 130/325/143 134/336/143 164/337/143
f 163/338/150 133/339/150 173/340/150 172/341/150
f 150/331/151 131/330/151 135/342/151 152/343/151
f 143/344/152 139/345/152 178/346/152 181/347/152
f 152/343/153 135/342/153 139/345/153 154/348/153
f 153/323/154 136/322/154 140/349/154 155/350/154
f 164/337/155 134/336/155 138/351/155 166/352/155
f 170/353/156 169/333/156 145/332/156 157/354/156
f 154/348/157 139/345/157 143/344/157 156/355/157
f 155/350/145 140/349/145 144/356/145 157/357/145
f 166/352/143 138/351/143 142/358/143 168/359/143
f 141/360/158 155/350/158 157/357/158 145/361/158
f 138/362/159 154/348/159 156/355/159 142/363/159
f 168/364/160 170/353/160 157/354/160 144/365/160
f 137/366/161 153/323/161 155/350/161 141/360/161
f 134/336/162 152/367/162 154/368/162 138/351/162
f 130/369/159 150/331/159 152/343/159 134/370/159
f 124/371/163 147/302/163 150/331/163 130/369/163
f 133/372/164 151/306/164 153/323/164 137/366/164
f 160/373/165 171/310/165 146/313/165 122/374/165
f 128/304/166 148/303/166 149/309/166 126/375/166
f 129/307/167 148/303/167 151/306/167 133/372/167
f 122/376/168 146/299/168 147/302/168 124/371/168
f 126/377/169 149/378/169 171/310/169 160/373/169
f 142/379/170 156/380/170 170/353/170 168/364/170
f 140/381/143 166/352/143 168/359/143 144/382/143
f 156/380/171 143/383/171 169/333/171 170/353/171
f 136/384/155 164/337/155 166/352/155 140/381/155
f 135/342/172 131/330/172 176/385/172 175/386/172
f 141/360/173 145/361/173 180/387/173 177/388/173
f 132/389/143 162/326/143 164/337/143 136/384/143
f 139/345/174 135/342/174 175/386/174 178/346/174
f 125/319/175 159/318/175 163/329/175 131/390/175
f 128/315/146 158/314/146 162/326/146 132/389/146
f 129/327/176 159/318/176 161/321/176 127/391/176
f 124/324/143 158/314/143 160/317/143 122/392/143
f 149/378/177 127/393/177 161/311/177 171/310/177
f 179/334/178 181/394/178 191/395/178 189/396/178
f 178/346/179 175/386/179 184/397/179 188/398/179
f 181/347/180 178/346/180 188/398/180 191/399/180
f 173/400/181 174/401/181 183/402/181 165/403/181
f 174/401/182 177/388/182 187/404/182 183/402/182
f 177/388/183 180/387/183 190/405/183 187/404/183
f 169/333/184 143/383/184 181/394/184 179/334/184
f 133/372/185 137/366/185 174/401/185 173/400/185
f 137/366/186 141/360/186 177/388/186 174/401/186
f 131/406/187 163/338/187 172/341/187 176/407/187
f 182/408/188 183/409/188 187/410/188 186/411/188
f 167/412/188 165/413/188 183/409/188 182/408/188
f 186/411/188 187/410/188 190/414/188 189/415/188
f 188/416/188 186/411/188 189/415/188 191/417/188
f 185/418/188 167/412/188 182/408/188 184/419/188
f 184/419/188 182/408/188 186/411/188 188/416/188
f 175/386/189 176/385/189 185/420/189 184/397/189
f 176/421/190 172/422/190 167/423/190 185/424/190
f 172/422/191 173/425/191 165/426/191 167/423/191
f 180/335/192 179/334/192 189/396/192 190/427/192
f 197/428/193 195/429/193 192/430/193 196/431/193
f 194/432/194 197/428/194 196/431/194 193/433/194
f 203/434/195 201/435/195 198/436/195 202/437/195
f 200/438/194 203/434/194 202/437/194 199/439/194
f 209/440/195 207/441/195 204/442/195 208/443/195
f 206/444/194 209/440/194 208/443/194 205/445/194
f 215/446/196 213/447/196 210/448/196 214/449/196
f 212/450/197 215/446/197 214/449/197 211/451/197
f 218/452/198 216/453/198 217/454/198 219/455/198
f 219/455/199 217/454/199 221/456/199 220/457/199
f 220/458/200 221/459/200 223/460/200 222/461/200
f 494/462/201 483/463/201 226/464/201 231/465/201
f 226/464/202 483/463/202 484/466/202 224/467/202
f 224/467/203 484/466/203 488/468/203 227/469/203
f 228/470/204 229/471/204 490/472/204 487/473/204
f 227/474/205 229/475/205 513/476/205 224/477/205
f 225/478/206 231/479/206 513/476/206 230/480/206 232/481/206
f 490/472/207 229/471/207 227/482/207 488/483/207
f 492/484/208 230/485/208 228/486/208 487/487/208
f 482/488/209 494/489/209 231/490/209 225/491/209
f 480/492/210 482/488/210 499/493/210 502/494/210
f 225/478/211 232/481/211 500/495/211 498/496/211
f 237/1/212 238/497/212 244/498/212 243/2/212
f 235/499/213 234/500/213 240/501/213 241/502/213
f 238/497/214 236/503/214 242/504/214 244/498/214
f 236/505/215 235/499/215 241/502/215 242/506/215
f 234/507/216 233/16/216 239/15/216 240/508/216
f 242/504/217 248/509/217 250/510/217 244/498/217
f 241/502/218 247/511/218 248/512/218 242/506/218
f 239/15/219 245/21/219 246/513/219 240/508/219
f 244/498/220 250/510/220 249/22/220 243/2/220
f 240/501/221 246/514/221 247/511/221 241/502/221
f 259/515/222 282/516/222 256/517/222 255/27/222 258/26/222
f 263/518/223 252/519/223 253/520/223 262/521/223
f 265/522/224 254/523/224 282/516/224 259/515/224
f 262/521/225 253/520/225 265/524/225
f 267/40/226 281/41/226 252/525/226 263/526/226
f 245/21/227 268/43/227 264/527/227 246/513/227
f 268/43/228 267/40/228 263/526/228 264/527/228
f 247/511/229 261/528/229 266/529/229 248/512/229
f 261/528/230 262/521/230 265/524/230 266/529/230
f 248/509/231 266/530/231 260/531/231 250/510/231
f 266/530/232 265/522/232 259/515/232 260/531/232
f 246/514/233 264/532/233 261/528/233 247/511/233
f 264/532/234 263/518/234 262/521/234 261/528/234
f 250/510/235 260/531/235 257/48/235 249/22/235
f 260/531/236 259/515/236 258/26/236 257/48/236
f 253/520/237 271/533/237 272/534/237 254/535/237
f 251/53/238 269/55/238 270/536/238 252/525/238
f 256/517/239 274/537/239 273/56/239 255/27/239
f 252/519/240 270/538/240 271/533/240 253/520/240
f 254/523/241 272/539/241 274/537/241
f 270/538/242 276/540/242 277/541/242 271/533/242
f 280/542/243 278/543/243 277/544/243 276/545/243 275/65/243 279/64/243
f 272/539/244 278/546/244 280/547/244 274/537/244
f 271/533/245 277/541/245 278/548/245 272/534/245
f 269/55/246 275/75/246 276/549/246 270/536/246
f 274/537/247 280/547/247 279/76/247 273/56/247
f 281/41/248 251/53/248 252/525/248
f 274/537/249 256/517/249 254/523/249
f 254/523/250 256/517/250 282/516/250
f 283/550/251 285/551/251 286/552/251 284/553/251
f 285/551/252 287/554/252 288/555/252 286/552/252
f 287/556/253 289/557/253 290/558/253 288/559/253
f 289/560/254 291/561/254 292/562/254 290/563/254
f 291/561/255 293/564/255 294/565/255 292/562/255
f 286/566/256 288/567/256 290/568/256 292/569/256 294/570/256 296/571/256 284/572/256
f 293/573/257 295/574/257 296/575/257 294/576/257
f 295/574/258 283/577/258 284/578/258 296/575/258
f 287/579/259 299/580/259 300/581/259 289/582/259
f 303/583/260 310/584/260 304/585/260 297/586/260
f 293/587/261 302/588/261 303/589/261 295/590/261
f 289/560/262 300/591/262 301/592/262 291/561/262
f 295/590/263 303/589/263 297/593/263 283/594/263
f 285/595/264 298/596/264 299/580/264 287/579/264
f 291/561/265 301/592/265 302/597/265 293/564/265
f 283/594/266 297/593/266 298/596/266 285/595/266
f 309/598/267 316/599/267 317/600/267 310/601/267
f 301/592/268 308/602/268 309/603/268 302/597/268
f 299/604/269 306/605/269 307/606/269 300/607/269
f 297/586/270 304/585/270 305/608/270 298/609/270
f 302/610/271 309/598/271 310/601/271 303/611/271
f 300/591/272 307/612/272 308/602/272 301/592/272
f 298/609/273 305/608/273 306/613/273 299/614/273
f 326/615/274 320/616/274 321/617/274 325/618/274
f 307/612/275 314/619/275 315/620/275 308/602/275
f 305/608/276 312/621/276 313/622/276 306/613/276
f 310/584/277 317/623/277 311/624/277 304/585/277
f 308/602/278 315/620/278 316/625/278 309/603/278
f 306/605/279 313/626/279 314/627/279 307/606/279
f 304/585/280 311/624/280 312/621/280 305/608/280
f 318/628/281 324/629/281 323/630/281 322/631/281 321/632/281 320/633/281 319/634/281
f 328/635/282 318/636/282 319/637/282 327/638/282
f 330/639/283 323/640/283 324/641/283 329/642/283
f 325/643/284 321/644/284 322/645/284 331/646/284
f 327/638/285 319/637/285 320/647/285 326/648/285
f 329/649/286 324/650/286 318/636/286 328/635/286
f 331/646/287 322/645/287 323/651/287 330/652/287
f 315/653/288 331/646/288 330/652/288 316/654/288
f 317/600/289 329/642/289 328/655/289 311/656/289
f 312/621/290 327/657/290 326/658/290 313/622/290
f 314/659/291 325/643/291 331/646/291 315/653/291
f 316/599/292 330/639/292 329/642/292 317/600/292
f 311/624/293 328/660/293 327/657/293 312/621/293
f 313/626/294 326/615/294 325/618/294 314/627/294
f 277/544/295 278/543/295 323/630/295 322/631/295
f 278/548/296 272/534/296 324/641/296 323/640/296
f 319/637/297 318/636/297 324/650/297 272/539/297 254/523/297
f 320/661/298 319/662/298 254/663/298 265/664/298
f 320/665/299 265/524/299 253/520/299 321/666/299
f 253/520/300 254/535/300 265/524/300
f 271/533/301 277/541/301 322/667/301 321/666/301
f 321/666/302 253/520/302 271/533/302
f 345/668/303 334/669/303 340/670/303 342/671/303
f 336/672/304 341/673/304 340/674/304 332/675/304
f 341/676/305 343/677/305 342/678/305 340/679/305
f 333/680/306 332/675/306 340/674/306 334/681/306
f 336/682/307 335/683/307 341/684/307
f 339/685/308 333/686/308 334/669/308
f 338/687/309 333/686/309 339/685/309
f 338/688/310 339/689/310 352/690/310 337/691/310 344/692/310
f 337/693/311 335/683/311 336/682/311 344/694/311
f 335/683/312 337/693/312 343/695/312
f 345/668/313 339/685/313 334/669/313
f 342/678/314 348/696/314 350/697/314 345/698/314
f 339/699/315 347/700/315 351/701/315 352/702/315
f 345/668/316 350/703/316 347/704/316 339/685/316
f 343/677/317 349/705/317 348/696/317 342/678/317
f 337/693/318 346/706/318 349/707/318 343/695/318
f 351/701/319 346/708/319 337/709/319 352/702/319
f 359/710/320 355/711/320 357/712/320 358/713/320
f 361/714/321 354/715/321 353/716/321 360/717/321
f 358/718/322 357/719/322 356/720/322 362/721/322
f 362/722/323 356/723/323 354/724/323 361/725/323
f 360/717/324 353/716/324 355/726/324 359/727/324
f 517/728/325 360/729/325 359/730/325 515/731/325
f 338/687/326 363/732/326 362/722/326 361/725/326 516/733/326 333/686/326
f 344/734/327 364/735/327 363/736/327 338/737/327
f 516/738/328 361/714/328 360/717/328 517/739/328
f 336/682/329 515/740/329 359/710/329 358/713/329 364/741/329 344/694/329
f 364/735/330 358/718/330 362/721/330 363/736/330
f 335/683/331 343/695/331 341/684/331
f 238/742/332 370/743/332 368/744/332 236/745/332
f 236/745/333 368/744/333 367/746/333 235/747/333
f 234/748/334 366/749/334 365/279/334 233/278/334
f 237/1/335 376/282/335 370/750/335 238/497/335
f 235/747/336 367/746/336 366/749/336 234/748/336
f 349/751/337 373/752/337 375/753/337 348/754/337
f 348/754/338 366/749/338 367/746/338 350/755/338
f 350/703/339 367/756/339 368/757/339 347/704/339
f 347/700/340 368/758/340 370/750/340 351/701/340
f 351/701/341 370/750/341 369/291/341 346/708/341
f 346/706/342 371/759/342 372/760/342 349/707/342
f 346/706/343 369/761/343 371/759/343
f 365/279/344 373/752/344 374/296/344
f 365/762/345 366/763/345 375/764/345
f 373/752/346 349/751/346 372/293/346 374/296/346
f 366/749/347 348/754/347 375/753/347
f 373/752/348 365/279/348 375/753/348
f 376/282/349 369/291/349 370/750/349
f 401/765/350 402/766/350 380/767/350 378/768/350
f 403/769/351 406/770/351 387/771/351 383/772/351
f 403/769/352 404/773/352 382/774/352 384/775/352
f 426/776/353 401/777/353 378/778/353 416/779/353
f 413/780/354 415/781/354 381/782/354 383/783/354
f 414/784/355 416/785/355 378/786/355 380/787/355
f 406/770/356 408/788/356 391/789/356 387/771/356
f 413/780/357 417/790/358 385/791/359 379/792/359
f 414/784/360 418/793/360 388/794/360 384/795/360
f 402/766/361 405/796/361 386/797/361 380/767/361
f 400/798/362 435/799/362 434/800/362 424/801/362
f 417/790/363 419/802/364 389/803/365 385/791/365
f 418/804/366 427/805/366 428/806/366 388/807/366
f 405/796/367 407/808/367 390/809/367 386/797/367
f 398/810/368 436/811/368 433/812/368 394/813/368
f 407/808/369 409/814/369 394/813/369 390/809/369
f 408/815/370 410/816/370 395/817/370 391/818/370
f 419/802/371 421/819/372 393/820/373 389/803/373
f 425/821/374 412/822/374 400/798/374 424/801/374
f 409/814/375 411/823/375 398/810/375 394/813/375
f 410/824/376 412/825/376 399/826/376 395/827/376
f 421/819/377 423/828/378 397/829/379 393/820/379
f 396/830/380 400/831/380 412/825/380 410/824/380
f 393/832/381 397/833/381 411/823/381 409/814/381
f 423/834/382 399/835/382 412/822/382 425/821/382
f 392/836/383 396/830/383 410/824/383 408/788/383
f 389/837/384 393/832/384 409/814/384 407/808/384
f 385/838/385 389/837/385 407/808/385 405/796/385
f 379/839/386 385/838/386 405/796/386 402/766/386
f 388/840/387 392/836/387 408/788/387 406/770/387
f 415/841/388 377/842/388 401/777/388 426/776/388
f 383/772/389 381/843/389 404/773/389 403/769/389
f 384/775/390 388/840/390 406/770/390 403/769/390
f 377/844/391 379/839/391 402/766/391 401/765/391
f 381/845/392 415/841/392 426/776/392 404/846/392
f 397/847/393 423/834/393 425/821/393 411/848/393
f 395/817/394 399/849/394 423/828/378 421/819/377
f 411/848/395 425/821/395 424/801/395 398/850/395
f 391/818/396 395/817/396 421/819/372 419/802/371
f 390/809/397 430/851/397 431/852/397 386/797/397
f 396/830/398 432/853/398 435/854/398 400/831/398
f 387/855/399 391/818/399 419/802/364 417/790/363
f 394/813/400 433/812/400 430/851/400 390/809/400
f 380/787/401 386/856/401 418/793/401 414/784/401
f 383/783/402 387/855/402 417/790/358 413/780/357
f 384/795/403 382/857/403 416/785/403 414/784/403
f 379/792/354 377/858/354 415/781/354 413/780/354
f 404/846/404 426/776/404 416/779/404 382/859/404
f 434/800/405 444/860/405 446/861/405 436/862/405
f 433/812/406 443/863/406 439/864/406 430/851/406
f 436/811/407 446/865/407 443/863/407 433/812/407
f 428/866/408 420/867/408 438/868/408 429/869/408
f 429/870/409 438/871/409 442/872/409 432/853/409
f 432/873/410 442/874/410 445/875/410 435/799/410
f 424/801/411 434/800/411 436/862/411 398/850/411
f 388/840/412 428/876/412 429/870/412 392/836/412
f 392/836/413 429/870/413 432/853/413 396/830/413
f 386/877/414 431/878/414 427/805/414 418/804/414
f 437/879/415 441/880/416 442/881/417 438/882/418
f 422/883/419 437/879/415 438/882/418 420/884/420
f 441/880/416 444/885/421 445/886/422 442/881/417
f 443/887/423 446/888/423 444/885/421 441/880/416
f 440/889/424 439/890/425 437/879/415 422/883/419
f 439/890/425 443/887/423 441/880/416 437/879/415
f 430/851/426 439/864/426 440/891/426 431/852/426
f 431/892/427 440/893/427 422/894/427 427/895/427
f 427/895/428 422/894/428 420/867/428 428/866/428
f 435/799/429 445/875/429 444/860/429 434/800/429
f 452/896/430 451/897/430 447/898/430 450/899/430
f 449/900/431 448/901/431 451/897/431 452/896/431
f 458/902/430 457/903/430 453/904/430 456/905/430
f 455/906/431 454/907/431 457/903/431 458/902/431
f 464/908/430 463/909/430 459/910/430 462/911/430
f 461/912/431 460/913/431 463/909/431 464/908/431
f 470/914/432 469/915/432 465/916/432 468/917/432
f 467/918/433 466/919/433 469/915/433 470/914/433
f 473/920/434 474/921/434 472/922/434 471/923/434
f 474/921/435 475/924/435 476/925/435 472/922/435
f 475/926/436 477/927/436 478/928/436 476/929/436
f 494/489/437 493/930/437 481/931/437 483/932/437
f 481/933/438 479/934/438 484/466/438 483/463/438
f 479/934/439 485/935/439 488/468/439 484/466/439
f 486/936/440 487/473/440 490/472/440 489/937/440
f 485/938/441 479/939/441 514/940/441 489/941/441
f 480/942/442 496/943/442 491/944/442 514/940/442 493/945/442
f 490/472/443 488/483/443 485/946/443 489/937/443
f 492/484/444 487/487/444 486/947/444 491/948/444
f 482/488/445 480/492/445 493/930/445 494/489/445
f 232/481/446 230/480/446 501/949/446 500/495/446
f 482/488/447 225/491/447 498/950/447 499/493/447
f 500/495/448 501/949/448 509/951/448 508/952/448
f 504/953/449 503/954/449 511/955/449 512/956/449
f 503/954/450 502/957/450 510/958/450 511/955/450
f 499/493/451 498/950/451 506/959/451 507/960/451
f 491/948/452 496/961/452 503/962/452 504/963/452
f 496/964/453 480/492/453 502/494/453 503/965/453
f 492/484/454 491/948/454 504/963/454 497/966/454
f 230/485/455 492/484/455 497/966/455 501/967/455
f 505/968/456 495/969/456 508/970/456 509/971/456
f 508/972/457 495/973/457 507/960/457 506/959/457
f 505/968/458 512/974/458 511/975/458 495/969/458
f 511/976/459 510/977/459 507/960/459 495/973/459
f 497/966/460 504/963/460 512/974/460 505/968/460
f 502/494/461 499/493/461 507/960/461 510/977/461
f 498/496/462 500/495/462 508/952/462 506/978/462
f 501/979/463 497/980/463 505/981/463 509/982/463
f 513/476/464 229/475/464 228/983/464 230/480/464
f 513/476/465 231/479/465 226/984/465 224/477/465
f 489/941/466 514/940/466 491/944/466 486/985/466
f 493/945/467 514/940/467 479/939/467 481/986/467
f 333/680/468 516/738/468 517/739/468 332/675/468
f 332/987/469 517/728/469 515/731/469 336/988/469
f 84/209/470 83/210/470 520/267/470 519/266/470
f 83/210/471 87/989/471 518/990/471 520/267/471
f 546/991/472 534/992/472 524/993/472 540/994/472
f 544/995/473 530/996/473 528/997/473 541/998/473
f 545/999/474 536/1000/474 526/1001/474 542/1002/474
f 543/1003/475 532/1004/475 522/1005/475 539/1006/475
f 537/1007/476 534/1008/476 522/1005/476 532/1004/476
f 536/1000/477 537/1007/477 532/1004/477 526/1001/477
f 542/1002/478 526/1001/478 532/1004/478 543/1003/478
f 540/1009/479 524/1010/479 530/996/479 544/995/479
f 535/1011/480 525/1012/480 551/1013/480 555/1014/480 553/1015/480
f 528/997/481 530/996/481 537/1007/481 536/1000/481
f 530/996/482 524/1010/482 534/1008/482 537/1007/482
f 523/1016/483 529/1017/483 549/1018/483 552/1019/483
f 541/998/484 528/997/484 536/1000/484 545/999/484
f 539/1020/485 522/1021/485 534/992/485 546/991/485
f 521/1022/486 539/1020/486 546/991/486 533/1023/486
f 527/1024/487 541/1025/487 545/1026/487 535/1011/487
f 523/1016/488 540/1027/488 544/1028/488 529/1017/488
f 525/1029/489 542/1030/489 543/1031/489 531/1032/489
f 531/1032/490 543/1031/490 539/1033/490 521/1034/490
f 535/1011/491 545/1026/491 542/1035/491 525/1012/491
f 529/1017/492 544/1028/492 541/1036/492 527/1037/492
f 533/1023/493 546/991/493 540/994/493 523/1038/493
f 525/1039/494 531/1040/494 548/1041/494 551/1042/494
f 529/1017/495 527/1037/495 550/1043/495 549/1018/495
f 531/1032/496 521/1034/496 538/1044/496 548/1045/496
f 527/1024/497 535/1011/497 553/1015/497 550/1046/497
f 533/1023/498 523/1038/498 552/1047/498 547/1048/498
f 521/1022/499 533/1023/499 547/1048/499 554/1049/499 538/1050/499
f 549/1018/500 550/1043/500 560/1051/500 559/1052/500
f 553/1053/501 555/1054/501 565/1055/501 563/1056/501
f 550/1046/502 553/1015/502 563/1057/502 560/1058/502
f 551/1042/503 548/1041/503 558/1059/503 561/1060/503
f 547/1048/504 552/1047/504 562/1061/504 557/1062/504
f 538/1050/505 554/1049/505 564/1063/505 556/1064/505
f 554/1049/506 547/1048/506 557/1062/506 564/1063/506
f 552/1019/507 549/1018/507 559/1052/507 562/1065/507
f 548/1041/508 538/1066/508 556/1067/508 558/1059/508
f 555/1054/509 551/1042/509 561/1060/509 565/1055/509
f 559/1052/510 560/1051/510 570/1068/510 569/1069/510
f 563/1057/511 565/1070/511 575/1071/511 573/1072/511
f 560/1058/512 563/1057/512 573/1072/512 570/1073/512
f 561/1074/513 558/1075/513 568/1076/513 571/1077/513
f 557/1062/514 562/1061/514 572/1078/514 567/1079/514
f 562/1065/515 559/1052/515 569/1069/515 572/1080/515
f 564/1063/516 557/1062/516 567/1079/516 574/1081/516
f 558/1075/517 556/1082/517 566/1083/517 568/1076/517
f 556/1064/518 564/1063/518 574/1081/518 566/1084/518
f 565/1070/519 561/1085/519 571/1086/519 575/1071/519
f 573/1087/520 575/1088/520 585/1089/520 583/1090/520
f 570/1091/521 573/1087/521 583/1090/521 580/1092/521
f 571/1093/522 568/1094/522 578/1095/522 581/1096/522
f 567/1097/523 572/1098/523 582/1099/523 577/1100/523
f 572/1098/524 569/1101/524 579/1102/524 582/1099/524
f 574/1103/525 567/1097/525 577/1100/525 584/1104/525
f 568/1094/526 566/1105/526 576/1106/526 578/1095/526
f 566/1105/527 574/1103/527 584/1104/527 576/1106/527
f 575/1088/528 571/1093/528 581/1096/528 585/1089/528
f 569/1101/529 570/1091/529 580/1092/529 579/1102/529
f 586/1107/530 587/1108/530 620/1109/530 621/1110/530
f 587/1108/531 586/1107/531 588/1111/531 589/1112/531
f 589/1113/532 588/1114/532 590/1115/532 591/1116/532
f 606/1117/533 617/1118/533 616/1119/533 609/1120/533
f 592/1121/534 607/1122/534 608/1123/534 594/1124/534
f 594/1125/535 608/1126/535 609/1120/535 596/1127/535
f 589/1128/536 599/1129/536 600/1130/536 591/1131/536
f 588/1132/537 605/1133/537 604/1134/537 586/1135/537
f 593/1136/530 601/1137/530 639/1138/530 628/1139/530
f 609/1120/538 616/1119/538 613/1140/538 596/1127/538
f 599/1141/539 602/1142/539 603/1143/539 600/1144/539
f 598/1145/540 601/1137/540 602/1146/540 599/1147/540
f 635/1148/541 639/1138/541 601/1137/541 598/1145/541
f 587/1149/542 598/1150/542 599/1151/542 589/1152/542
f 597/1153/543 603/1154/543 602/1155/543 595/1156/543
f 595/1157/544 602/1146/544 601/1137/544 593/1136/544
f 620/1158/545 635/1159/545 598/1150/545 587/1149/545
f 605/1160/546 608/1161/546 607/1162/546 604/1163/546
f 606/1117/547 609/1120/547 608/1126/547 605/1164/547
f 604/1163/548 607/1162/548 646/1165/548 642/1166/548
f 629/1167/549 646/1168/549 607/1122/549 592/1121/549
f 603/1154/550 615/1169/550 614/1170/550 600/1171/550
f 590/1172/551 606/1173/551 605/1174/551 588/1175/551
f 586/1135/552 604/1134/552 642/1176/552 621/1177/552
f 610/1178/553 614/1170/553 615/1169/553 612/1179/553
f 611/1180/554 610/1178/554 612/1179/554 613/1140/554
f 613/1140/555 616/1119/555 617/1118/555 611/1180/555
f 597/1153/556 612/1179/556 615/1169/556 603/1154/556
f 596/1127/557 613/1140/557 612/1179/557 597/1153/557
f 600/1130/558 614/1181/558 610/1182/558 591/1131/558
f 590/1172/559 611/1183/559 617/1184/559 606/1173/559
f 591/1116/560 590/1115/560 611/1180/560 610/1178/560
f 586/1185/561 621/1186/561 629/1187/561 592/1188/561
f 586/1185/562 592/1188/562 594/1189/562 588/1190/562
f 588/1175/563 605/1174/563 594/1191/563 596/1192/563 590/1172/563
f 589/1193/564 591/1194/564 597/1195/564 595/1196/564
f 589/1193/565 595/1196/565 593/1197/565 587/1198/565
f 587/1198/566 593/1197/566 628/1199/566 620/1200/566
f 597/1201/567 591/1202/567 590/1203/567 596/1204/567
f 618/1205/530 621/1110/530 620/1109/530 619/1206/530
f 619/1206/568 623/1207/568 622/1208/568 618/1205/568
f 623/1209/569 625/1210/569 624/1211/569 622/1212/569
f 645/1213/570 649/1214/570 656/1215/570 657/1216/570
f 626/1217/571 630/1218/571 648/1219/571 647/1220/571
f 630/1221/572 632/1222/572 649/1214/572 648/1223/572
f 623/1224/573 625/1225/573 637/1226/573 636/1227/573
f 622/1228/574 618/1229/574 643/1230/574 644/1231/574
f 627/1232/530 628/1139/530 639/1138/530 638/1233/530
f 649/1214/575 632/1222/575 653/1234/575 656/1215/575
f 636/1235/576 637/1236/576 641/1237/576 640/1238/576
f 634/1239/577 636/1240/577 640/1241/577 638/1233/577
f 635/1148/541 634/1239/541 638/1233/541 639/1138/541
f 619/1242/578 623/1243/578 636/1244/578 634/1245/578
f 633/1246/579 631/1247/579 640/1238/579 641/1237/579
f 631/1248/580 627/1232/580 638/1233/580 640/1241/580
f 620/1158/545 619/1242/545 634/1245/545 635/1159/545
f 644/1249/581 643/1250/581 647/1251/581 648/1252/581
f 645/1253/582 644/1249/582 648/1252/582 649/1254/582
f 643/1255/583 642/1256/583 646/1257/583 647/1258/583
f 629/1167/584 626/1217/584 647/1220/584 646/1168/584
f 641/1237/585 637/1236/585 654/1259/585 655/1260/585
f 624/1261/586 622/1262/586 644/1263/586 645/1264/586
f 618/1229/587 621/1177/587 642/1176/587 643/1230/587
f 650/1265/588 652/1266/588 655/1260/588 654/1259/588
f 651/1267/589 653/1234/589 652/1266/589 650/1265/589
f 653/1268/590 651/1269/590 657/1270/590 656/1271/590
f 633/1246/591 641/1237/591 655/1260/591 652/1266/591
f 632/1222/592 633/1246/592 652/1266/592 653/1234/592
f 637/1226/593 625/1225/593 650/1272/593 654/1273/593
f 624/1261/594 645/1264/594 657/1274/594 651/1275/594
f 625/1210/595 650/1265/595 651/1267/595 624/1211/595
f 618/1276/596 626/1277/596 629/1278/596 621/1279/596
f 618/1280/597 622/1281/597 630/1282/597 626/1283/597
f 622/1284/598 624/1285/598 632/1286/598 630/1287/598 644/1288/598
f 623/1224/599 631/1289/599 633/1290/599 625/1225/599
f 623/1291/600 619/1292/600 627/1293/600 631/1294/600
f 619/1292/566 620/1200/566 628/1199/566 627/1293/566
f 633/1295/601 632/1296/601 624/1297/601 625/1298/601
f 670/1299/602 659/1300/602 661/1301/602 671/1302/602
f 671/1303/603 661/1304/603 665/1305/603 672/1306/603
f 672/1307/604 665/1308/604 666/1309/604 674/1310/604
f 673/1311/605 663/1312/605 659/1313/605 670/1314/605
f 660/1315/606 664/1316/606 662/1317/606 658/1318/606
f 674/1319/607 666/1320/607 669/1321/607 675/1322/607
f 673/1323/608 662/1324/608 668/1325/608 675/1326/608
f 662/1317/609 664/1316/609 667/1327/609 668/1328/609
f 663/1329/610 673/1323/610 675/1326/610 669/1330/610
f 667/1331/611 674/1319/611 675/1322/611 668/1332/611
f 662/1333/612 673/1311/612 670/1314/612 658/1334/612
f 664/1335/613 672/1307/613 674/1310/613 667/1336/613
f 660/1337/614 671/1303/614 672/1306/614 664/1338/614
f 658/1339/615 670/1299/615 671/1302/615 660/1340/615
f 679/1341/616 678/1342/616 676/1343/616 677/1344/616
f 679/1341/617 680/1345/617 681/1346/617 678/1342/617
f 684/1347/618 683/1348/618 682/1349/618 685/1350/618
f 684/1347/619 685/1350/619 687/1351/619 686/1352/619
f 678/1353/620 681/1354/620 687/1355/620 685/1356/620
f 681/1357/621 680/1358/621 686/1359/621 687/1360/621
f 677/1361/622 676/1362/622 682/1363/622 683/1364/622
f 680/1365/623 679/1366/623 684/1367/623 686/1368/623
f 676/1369/624 678/1370/624 685/1371/624 682/1372/624
f 679/1373/625 677/1374/625 683/1375/625 684/1376/625
f 700/1377/626 701/1378/626 691/1379/626 689/1380/626
f 701/1381/627 702/1382/627 695/1383/627 691/1384/627
f 702/1385/628 704/1386/628 696/1387/628 695/1388/628
f 703/1389/629 700/1390/629 689/1391/629 693/1392/629
f 690/1393/630 688/1394/630 692/1395/630 694/1396/630
f 704/1397/631 705/1398/631 699/1399/631 696/1400/631
f 703/1389/632 705/1401/632 698/1402/632 692/1403/632
f 692/1395/633 698/1404/633 697/1405/633 694/1396/633
f 693/1392/634 699/1406/634 705/1401/634 703/1389/634
f 697/1407/635 698/1408/635 705/1398/635 704/1397/635
f 692/1403/636 688/1409/636 700/1390/636 703/1389/636
f 694/1410/637 697/1411/637 704/1386/637 702/1385/637
f 690/1412/638 694/1413/638 702/1382/638 701/1381/638
f 688/1414/639 690/1415/639 701/1378/639 700/1377/639
f 709/1416/640 707/1417/640 706/1418/640 708/1419/640
f 709/1416/641 708/1419/641 711/1420/641 710/1421/641
f 714/1422/642 715/1423/642 712/1424/642 713/1425/642
f 714/1422/643 716/1426/643 717/1427/643 715/1423/643
f 708/1428/644 715/1429/644 717/1430/644 711/1431/644
f 711/1432/645 717/1433/645 716/1434/645 710/1435/645
f 707/1436/646 713/1437/646 712/1438/646 706/1439/646
f 710/1440/647 716/1441/647 714/1442/647 709/1443/647
f 706/1444/648 712/1445/648 715/1429/648 708/1428/648
f 709/1443/649 714/1442/649 713/1446/649 707/1447/649
f 730/1448/650 719/1449/650 721/1450/650 731/1451/650
f 731/1452/651 721/1453/651 725/1454/651 732/1455/651
f 732/1456/652 725/1457/652 726/1458/652 734/1459/652
f 733/1460/653 723/1461/653 719/1462/653 730/1463/653
f 720/1464/654 724/1465/654 722/1466/654 718/1467/654
f 734/1468/655 726/1469/655 729/1470/655 735/1471/655
f 733/1472/656 722/1473/656 728/1474/656 735/1475/656
f 722/1466/657 724/1465/657 727/1476/657 728/1477/657
f 723/1478/658 733/1472/658 735/1475/658 729/1479/658
f 727/1480/659 734/1468/659 735/1471/659 728/1481/659
f 722/1482/660 733/1460/660 730/1463/660 718/1483/660
f 724/1484/661 732/1456/661 734/1459/661 727/1485/661
f 720/1486/662 731/1452/662 732/1455/662 724/1487/662
f 718/1488/663 730/1448/663 731/1451/663 720/1489/663
f 739/1490/664 738/1491/664 736/1492/664 737/1493/664
f 739/1490/665 740/1494/665 741/1495/665 738/1491/665
f 744/1496/666 743/1497/666 742/1498/666 745/1499/666
f 744/1496/667 745/1499/667 747/1500/667 746/1501/667
f 738/1502/668 741/1503/668 747/1504/668 745/1505/668
f 741/1506/669 740/1507/669 746/1508/669 747/1509/669
f 737/1510/670 736/1511/670 742/1512/670 743/1513/670
f 740/1514/671 739/1515/671 744/1516/671 746/1517/671
f 736/1511/672 738/1518/672 745/1519/672 742/1512/672
f 739/1520/673 737/1521/673 743/1522/673 744/1523/673
f 764/1524/674 840/1525/674 839/1526/674 756/1527/674
f 766/1528/675 761/1529/675 759/1530/675 758/1531/675
f 767/1532/676 764/1533/676 757/1534/676
f 758/1535/677 837/1536/677 883/1537/677 797/1538/677
f 831/1539/678 754/1540/678 796/1541/678 881/1542/678
f 754/1543/679 762/1544/679 798/1545/679 796/1546/679
f 753/1547/680 752/1548/680 760/1549/680 763/1550/680
f 764/1551/681 767/1552/681 778/1553/681 772/1554/681
f 754/1555/682 755/1556/682 765/1557/682 762/1558/682
f 761/1559/683 766/1560/683 776/1561/683 775/1562/683
f 752/1563/684 833/1564/684 845/1565/684 760/1566/684
f 760/1566/685 845/1565/685 840/1525/685 764/1524/685
f 837/1567/686 758/1531/686 770/1568/686 780/1569/686 853/1570/686
f 756/1527/687 839/1526/688 855/1571/689 768/1572/687
f 758/1531/690 759/1530/690 771/1573/690 770/1568/690
f 757/1574/691 756/1527/691 768/1572/691 795/1575/691 769/1576/691
f 762/1544/692 766/1577/692 799/1578/692 798/1545/692
f 750/1579/693 751/1580/693 752/1548/693 753/1547/693
f 822/1581/694 748/1582/694 754/1540/694 831/1539/694
f 748/1582/695 749/1583/695 755/1584/695 754/1540/695
f 751/1585/696 826/1586/696 833/1587/696 752/1588/696
f 779/1589/697 773/1590/697 772/1591/697 778/1592/697
f 777/1593/698 774/1594/698 775/1595/698 776/1596/698
f 767/1597/699 763/1598/699 779/1599/699 778/1600/699
f 766/1601/700 762/1602/700 777/1603/700 776/1604/700
f 762/1605/701 765/1606/701 774/1607/701 777/1608/701
f 765/1609/702 761/1610/702 775/1611/702 774/1612/702
f 763/1550/703 760/1549/703 773/1590/703 779/1589/703
f 760/1566/704 764/1524/704 772/1613/704 773/1614/704
f 765/1609/705 763/1550/705 767/1615/705 761/1610/705
f 778/1592/706 775/1611/706 774/1612/706 779/1589/706
f 775/1616/707 761/1617/707 767/1618/707 778/1619/707
f 765/1606/708 763/1620/708 779/1621/708 774/1607/708
f 780/1569/709 770/1568/709 781/1622/709 782/1623/709
f 770/1568/710 771/1573/710 781/1622/710
f 791/1624/711 794/1625/711 786/1626/711 785/1627/711
f 785/1628/712 786/1629/712 784/1630/712 783/1631/712
f 788/1632/713 791/1633/713 785/1634/713 783/1635/713
f 794/1636/714 789/1637/714 784/1638/714 786/1639/714
f 793/1640/715 790/1641/715 789/1642/715 794/1643/715
f 787/1644/716 792/1645/716 791/1633/716 788/1632/716
f 792/1645/717 793/1646/717 794/1647/717 791/1633/717
f 783/1648/718 784/1649/718 789/1650/719 788/1651/720
f 788/1652/720 789/1653/719 790/1654/721 787/1655/721
f 793/1640/722 795/1656/722 768/1657/722 790/1641/722
f 790/1654/723 768/1658/723 808/1659/723 787/1655/723
f 768/1660/724 855/1661/724 898/1662/724 808/1663/724
f 888/1664/725 799/1665/725 797/1666/725 887/1667/725
f 881/1668/726 796/1669/726 798/1670/726 885/1671/726
f 885/1671/727 798/1670/727 799/1665/727 888/1664/727
f 887/1667/728 797/1666/728 883/1672/728
f 766/1577/729 758/1673/729 797/1674/729 799/1578/729
f 800/1675/730 801/1676/730 803/1677/730 802/1678/730
f 802/1679/731 803/1680/731 807/1681/731 806/1682/731
f 806/1683/732 807/1684/732 805/1685/732 804/1686/732
f 804/1687/733 805/1688/733 801/1689/733 800/1690/733
f 802/1679/734 806/1682/734 804/1691/734 800/1692/734
f 807/1693/735 803/1694/735 801/1695/735 805/1696/735
f 769/1697/736 795/1698/736 810/1699/736 809/1700/736
f 792/1701/737 810/1702/737 795/1703/737 793/1704/737
f 767/1705/738 757/1706/738 811/1707/738 812/1708/738
f 757/1706/739 769/1709/739 809/1710/739 811/1707/739
f 853/1711/740 780/1712/740 813/1713/740 903/1714/740
f 780/1715/741 782/1716/741 813/1717/741
f 759/1718/742 761/1719/742 815/1720/742 814/1721/742
f 781/1722/743 771/1723/743 816/1724/743 817/1725/743
f 771/1726/744 759/1718/744 814/1721/744 816/1727/744
f 765/1728/745 755/1729/745 818/1730/745 819/1731/745
f 819/1732/746 818/1733/746 749/1734/746 820/1735/746
f 821/1736/747 750/1737/747 753/1738/747 763/1739/747
f 757/1534/748 764/1533/748 756/1740/748
f 846/1741/749 834/1742/749 839/1526/749 840/1525/749
f 848/1743/750 836/1744/750 838/1745/750 842/1746/750
f 849/1747/751 835/1748/751 846/1741/751
f 836/1749/752 882/1750/752 883/1537/752 837/1536/752
f 831/1539/753 881/1542/753 880/1751/753 830/1752/753
f 830/1753/754 880/1754/754 884/1755/754 843/1756/754
f 829/1757/755 844/1758/755 841/1759/755 828/1760/755
f 846/1741/756 856/1761/756 862/1762/756 849/1747/756
f 830/1753/757 843/1756/757 847/1763/757 832/1764/757
f 842/1765/758 859/1766/758 860/1767/758 848/1768/758
f 828/1760/759 841/1759/759 845/1565/759 833/1564/759
f 841/1759/760 846/1741/760 840/1525/760 845/1565/760
f 837/1567/761 853/1570/761 864/1769/761 852/1770/761 836/1771/761
f 834/1742/762 850/1772/762 855/1571/689 839/1526/688
f 836/1771/763 852/1770/763 854/1773/763 838/1774/763
f 835/1748/764 851/1775/764 879/1776/764 850/1772/764 834/1742/764
f 843/1756/765 884/1755/765 886/1777/765 848/1778/765
f 825/1779/766 829/1757/766 828/1760/766 827/1780/766
f 822/1581/767 831/1539/767 830/1752/767 823/1781/767
f 823/1781/768 830/1752/768 832/1782/768 824/1783/768
f 827/1784/769 828/1785/769 833/1587/769 826/1586/769
f 863/1786/770 862/1762/770 856/1761/770 857/1787/770
f 861/1788/771 860/1789/771 859/1790/771 858/1791/771
f 849/1792/772 862/1793/772 863/1794/772 844/1795/772
f 848/1796/773 860/1797/773 861/1798/773 843/1799/773
f 843/1800/774 861/1801/774 858/1802/774 847/1803/774
f 847/1804/775 858/1805/775 859/1806/775 842/1807/775
f 844/1758/776 863/1786/776 857/1787/776 841/1759/776
f 841/1759/777 857/1787/777 856/1761/777 846/1741/777
f 847/1808/778 842/1809/778 849/1810/778 844/1811/778
f 862/1812/779 863/1813/779 858/1791/779 859/1790/779
f 859/1814/780 862/1815/780 849/1816/780 842/1817/780
f 847/1803/781 858/1802/781 863/1818/781 844/1819/781
f 864/1769/782 866/1820/782 865/1821/782 852/1770/782
f 852/1822/783 865/1823/783 854/1824/783
f 875/1825/784 869/1826/784 870/1827/784 878/1828/784
f 869/1829/785 867/1830/785 868/1831/785 870/1832/785
f 872/1833/786 867/1834/786 869/1835/786 875/1836/786
f 878/1837/787 870/1838/787 868/1839/787 873/1840/787
f 877/1841/788 878/1837/788 873/1840/788 874/1842/788
f 871/1843/789 872/1844/789 875/1845/789 876/1846/789
f 876/1847/790 875/1825/790 878/1828/790 877/1848/790
f 867/1849/791 872/1850/792 873/1851/793 868/1852/791
f 872/1850/792 871/1853/794 874/1854/794 873/1851/793
f 877/1855/795 874/1856/795 850/1772/795 879/1776/795
f 874/1857/796 871/1858/796 897/1859/796 850/1860/796
f 850/1861/797 897/1862/797 898/1662/797 855/1661/797
f 888/1664/798 887/1667/798 882/1863/798 886/1864/798
f 881/1668/799 885/1671/799 884/1865/799 880/1866/799
f 885/1671/800 888/1664/800 886/1864/800 884/1865/800
f 887/1667/801 883/1672/801 882/1863/801
f 848/1778/802 886/1777/802 882/1867/802 836/1868/802
f 889/1869/803 891/1870/803 892/1871/803 890/1872/803
f 891/1873/804 895/1874/804 896/1875/804 892/1876/804
f 895/1877/805 893/1878/805 894/1879/805 896/1880/805
f 893/1881/806 889/1882/806 890/1883/806 894/1884/806
f 891/1873/807 889/1885/807 893/1886/807 895/1874/807
f 896/1887/808 894/1888/808 890/1889/808 892/1890/808
f 851/1891/809 899/1892/809 900/1893/809 879/1894/809
f 876/1847/810 877/1848/810 879/1895/810 900/1896/810
f 849/1897/811 902/1898/811 901/1899/811 835/1900/811
f 835/1900/812 901/1899/812 899/1901/812 851/1902/812
f 853/1711/813 903/1714/813 904/1903/813 864/1904/813
f 864/1905/814 904/1906/814 866/1907/814
f 838/1908/815 905/1909/815 906/1910/815 842/1911/815
f 865/1823/816 908/1912/816 907/1913/816 854/1824/816
f 854/1824/817 907/1913/817 905/1914/817 838/1915/817
f 847/1916/818 910/1917/818 909/1918/818 832/1919/818
f 910/1920/819 911/1921/819 824/1922/819 909/1923/819
f 912/1924/820 844/1925/820 829/1926/820 825/1927/820
f 835/1748/821 834/1742/821 846/1741/821
f 927/1928/822 922/1929/822 940/1930/822 944/1931/822
f 929/1932/823 930/1933/823 920/1934/823 919/1935/823
f 928/1936/824 926/1937/824 918/1938/824 917/1939/824
f 931/1940/825 932/1941/826 914/1942/827 913/1943/827
f 936/1944/828 928/1945/828 917/1946/828 931/1947/828
f 935/1948/829 927/1928/829 914/1949/829 932/1950/829
f 930/1951/830 916/1952/830 922/1929/830 933/1953/830
f 929/1954/831 919/1955/831 923/1956/831 934/1957/831
f 919/1958/832 920/1959/832 924/1960/832 923/1961/832
f 913/1943/833 914/1942/833 939/1962/833 938/1963/833
f 915/1964/834 921/1965/834 943/1966/834 942/1967/834
f 922/1929/835 927/1928/835 982/1968/835 980/1969/835
f 921/1970/836 934/1971/836 933/1972/836 922/1973/836
f 933/1974/837 934/1975/837 923/1976/837 924/1977/837
f 936/1978/838 925/1979/839 927/1980/839 935/1981/840
f 935/1981/840 926/1982/841 928/1983/841 936/1978/838
f 915/1984/842 929/1985/842 934/1971/842 921/1970/842
f 920/1959/843 930/1986/843 933/1987/843 924/1960/843
f 926/1988/844 935/1989/844 932/1990/844 918/1991/844
f 925/1979/845 936/1978/845 931/1992/845 913/1993/845
f 917/1994/846 918/1995/846 932/1996/826 931/1997/825
f 915/1998/847 916/1999/847 930/1933/847 929/1932/847
f 942/2000/848 943/2001/849 951/2002/850 950/2003/848
f 939/2004/851 944/2005/851 952/2006/851 947/2007/851
f 962/2008/852 961/2009/852 958/2010/852 957/2011/852
f 922/1929/853 916/1952/853 941/2012/853 940/1930/853
f 914/1949/854 927/1928/854 944/1931/854 939/2013/854
f 925/2014/855 913/1943/855 938/1963/855 937/2015/855
f 921/1965/856 925/2016/856 937/2017/856 943/1966/856
f 916/1999/857 915/1998/857 942/2000/857 941/2018/857
f 951/2019/858 948/2020/858 949/2021/858 950/2022/858
f 945/2023/859 952/2024/859 948/2025/859 951/2002/859
f 946/2026/860 947/2027/860 952/2024/860 945/2023/860
f 940/1930/861 941/2012/861 949/2028/861 948/2029/861
f 937/2015/862 938/1963/863 946/2030/863 945/2031/864
f 943/2001/849 937/2032/862 945/2023/864 951/2002/850
f 944/1931/865 940/1930/865 948/2029/865 952/2033/865
f 941/2018/866 942/2000/866 950/2003/866 949/2034/866
f 953/2035/867 954/2036/867 956/2037/867 955/2038/867
f 946/2039/868 938/2040/868 953/2041/868 955/2042/868
f 947/2027/869 946/2026/869 955/2043/869 956/2044/869
f 939/2004/870 947/2007/870 956/2045/870 954/2046/870
f 959/2047/871 957/2048/871 965/2049/871 967/2050/871
f 964/2051/872 963/2052/872 959/2053/872 960/2054/872
f 963/2055/873 962/2056/873 957/2048/873 959/2047/873
f 961/2057/874 964/2058/874 960/2059/874 958/2060/874
f 939/2004/875 954/2046/875 964/2058/875 961/2057/875
f 953/2041/876 938/2040/876 962/2056/876 963/2055/876
f 954/2036/877 953/2035/877 963/2052/877 964/2051/877
f 962/2061/878 938/1963/878 913/1943/878 970/2062/878
f 965/2063/879 966/2064/879 968/2065/879 967/2066/879
f 960/2054/880 959/2053/880 967/2067/880 968/2068/880
f 958/2060/881 960/2059/881 968/2069/881 966/2070/881
f 957/2011/882 958/2010/882 966/2071/882 965/2072/882
f 969/2073/883 914/1949/883 939/2013/883 961/2074/883
f 961/2075/884 962/2061/884 970/2062/884 969/2076/884
f 969/2077/885 970/2078/885 973/2079/885 974/2080/885
f 974/2081/886 973/2082/886 977/2083/886 978/2084/886
f 970/2085/887 913/2086/887 971/2087/887 973/2088/887
f 913/2089/888 914/2090/888 972/2091/888 971/2092/888
f 914/1949/889 969/2073/889 974/2093/889 972/2094/889
f 976/2095/890 978/2096/890 977/2097/890 975/2098/890
f 973/2088/891 971/2087/891 975/2099/891 977/2100/891
f 972/2091/892 974/2101/892 978/2102/892 976/2103/892
f 971/2092/893 972/2091/893 976/2103/893 975/2104/893
f 925/2105/894 921/2106/894 979/2107/894 981/2108/894
f 921/2109/895 922/2110/895 980/2111/896 979/2112/897
f 927/2113/898 925/2105/898 981/2108/899 982/2114/900
f 981/2115/901 979/2116/901 983/2117/901 985/2118/901
f 980/2119/902 982/2120/902 986/2121/902 984/2122/902
f 982/2123/900 981/2124/899 985/2125/903 986/2126/903
f 979/2112/897 980/2111/896 984/2127/904 983/2128/904
f 986/2121/905 985/2129/905 983/2130/905 984/2122/905
f 1001/2131/906 1018/2132/906 1014/2133/906 996/2134/906
f 1003/2135/907 993/2136/907 994/2137/907 1004/2138/907
f 1002/2139/908 991/2140/908 992/2141/908 1000/2142/908
f 1005/2143/909 987/2144/910 988/2145/910 1006/2146/911
f 1010/2147/912 1005/2148/912 991/2149/912 1002/2150/912
f 1009/2151/913 1006/2152/913 988/2153/913 1001/2154/913
f 1004/2155/914 1007/2156/914 996/2157/914 990/2158/914
f 1003/2159/915 1008/2160/915 997/2161/915 993/2162/915
f 993/2136/916 997/2163/916 998/2164/916 994/2137/916
f 987/2144/917 1012/2165/917 1013/2166/917 988/2145/917
f 989/2167/918 1016/2168/918 1017/2169/918 995/2170/918
f 996/2171/919 1054/2172/919 1056/2173/919 1001/2174/919
f 995/2175/920 996/2176/920 1007/2177/920 1008/2178/920
f 1007/2177/921 998/2179/921 997/2180/921 1008/2178/921
f 1010/2181/922 1009/2182/923 1001/2183/924 999/2184/924
f 1009/2182/923 1010/2181/922 1002/2185/925 1000/2186/925
f 989/2187/926 995/2188/926 1008/2189/926 1003/2190/926
f 994/2191/927 998/2192/927 1007/2156/927 1004/2155/927
f 1000/2193/928 992/2194/928 1006/2195/928 1009/2196/928
f 999/2184/929 987/2197/929 1005/2198/929 1010/2181/929
f 991/2199/930 1005/2200/909 1006/2201/911 992/2202/930
f 989/2203/931 1003/2135/931 1004/2138/931 990/2204/931
f 1016/2205/932 1024/2206/932 1025/2207/933 1017/2208/934
f 1013/2209/935 1021/2210/935 1026/2211/935 1018/2132/935
f 1036/2212/936 1031/2213/936 1032/2214/936 1035/2215/936
f 996/2134/937 1014/2133/937 1015/2216/937 990/2217/937
f 988/2218/938 1013/2209/938 1018/2132/938 1001/2131/938
f 999/2219/939 1011/2220/939 1012/2221/939 987/2222/939
f 995/2170/940 1017/2169/940 1011/2223/940 999/2224/940
f 990/2225/941 1015/2226/941 1016/2168/941 989/2167/941
f 1025/2227/942 1024/2228/942 1023/2229/942 1022/2230/942
f 1019/2231/943 1025/2227/943 1022/2230/943 1026/2232/943
f 1020/2233/944 1019/2231/944 1026/2232/944 1021/2234/944
f 1014/2133/945 1022/2235/945 1023/2236/945 1015/2216/945
f 1011/2220/946 1019/2237/947 1020/2238/948 1012/2221/948
f 1017/2169/934 1025/2239/933 1019/2240/947 1011/2223/946
f 1018/2132/949 1026/2211/949 1022/2235/949 1014/2133/949
f 1015/2226/950 1023/2241/950 1024/2242/950 1016/2168/950
f 1027/2243/951 1029/2244/951 1030/2245/951 1028/2246/951
f 1020/2238/952 1029/2247/952 1027/2248/952 1012/2221/952
f 1021/2234/953 1030/2245/953 1029/2244/953 1020/2233/953
f 1013/2249/954 1028/2250/954 1030/2251/954 1021/2252/954
f 1033/2253/955 1041/2254/955 1039/2255/955 1031/2256/955
f 1038/2257/956 1034/2258/956 1033/2259/956 1037/2260/956
f 1037/2261/957 1033/2253/957 1031/2256/957 1036/2262/957
f 1035/2263/958 1032/2264/958 1034/2258/958 1038/2257/958
f 1013/2249/959 1035/2263/959 1038/2257/959 1028/2250/959
f 1027/2248/960 1037/2261/960 1036/2262/960 1012/2221/960
f 1028/2250/961 1038/2257/961 1037/2260/961 1027/2265/961
f 1036/2262/962 1044/2266/962 987/2222/962 1012/2221/962
f 1039/2267/963 1041/2268/963 1042/2269/963 1040/2270/963
f 1034/2258/964 1042/2271/964 1041/2272/964 1033/2259/964
f 1032/2273/965 1040/2274/965 1042/2275/965 1034/2276/965
f 1031/2213/966 1039/2277/966 1040/2278/966 1032/2214/966
f 1043/2279/967 1035/2280/967 1013/2209/967 988/2218/967
f 1035/2281/968 1043/2282/968 1044/2283/968 1036/2284/968
f 1043/2282/969 1048/2285/969 1047/2286/969 1044/2283/969
f 1048/2285/970 1052/2287/970 1051/2288/970 1047/2286/970
f 1044/2266/971 1047/2289/971 1045/2290/971 987/2222/971
f 987/2291/972 1045/2292/972 1046/2293/972 988/2294/972
f 988/2218/973 1046/2295/973 1048/2296/973 1043/2279/973
f 1050/2297/974 1049/2298/974 1051/2299/974 1052/2300/974
f 1047/2289/975 1051/2301/975 1049/2302/975 1045/2290/975
f 1046/2295/976 1050/2303/976 1052/2304/976 1048/2296/976
f 1045/2292/977 1049/2305/977 1050/2306/977 1046/2293/977
f 999/2307/978 1055/2308/978 1053/2309/978 995/2310/978
f 995/2310/979 1053/2309/980 1054/2311/981 996/2312/979
f 1001/2313/982 1056/2314/983 1055/2315/984 999/2316/982
f 1055/2317/985 1059/2318/985 1057/2319/985 1053/2320/985
f 1054/2321/986 1058/2322/986 1060/2323/986 1056/2324/986
f 1056/2325/983 1060/2326/987 1059/2327/987 1055/2328/984
f 1053/2309/980 1057/2329/988 1058/2330/988 1054/2311/981
f 1060/2331/989 1058/2332/989 1057/2333/989 1059/2334/989
f 1061/2335/990 1062/2336/990 1063/2337/990 1064/2338/990
f 1065/2339/991 1068/2340/991 1067/2341/991 1066/2342/991
f 1061/2343/992 1064/2344/992 1068/2345/992 1065/2346/992
f 1064/2347/993 1063/2348/993 1067/2349/993 1068/2350/993
f 1063/2351/994 1062/2352/994 1066/2353/994 1067/2354/994
f 1062/2355/995 1061/2356/995 1065/2357/995 1066/2358/995
f 1069/2359/996 1072/2360/996 1071/2361/996 1070/2362/996
f 1073/2363/997 1074/2364/997 1075/2365/997 1076/2366/997
f 1069/2367/998 1073/2368/998 1076/2369/998 1072/2370/998
f 1072/2371/999 1076/2372/999 1075/2373/999 1071/2374/999
f 1071/2375/1000 1075/2376/1000 1074/2377/1000 1070/2378/1000
f 1070/2379/1001 1074/2380/1001 1073/2381/1001 1069/2382/1001
f 1077/2383/997 1078/2384/997 1079/2385/997 1080/2386/997
f 1081/2387/1002 1084/2388/1002 1088/2389/1002 1085/2390/1002
f 1077/2391/1003 1080/2392/1003 1084/2388/1003 1081/2387/1003
f 1080/2393/1001 1079/2394/1001 1083/2395/1001 1084/2396/1001
f 1079/2397/1004 1078/2398/1004 1082/2399/1005 1083/2400/1005
f 1078/2401/999 1077/2402/999 1081/2403/999 1082/2404/999
f 1087/2405/1006 1086/2406/1006 1090/2407/1006 1091/2408/1006
f 1084/2396/1001 1083/2395/1001 1087/2409/1001 1088/2410/1001
f 1083/2400/1005 1082/2399/1005 1086/2406/1007 1087/2405/1007
f 1082/2404/999 1081/2403/999 1085/2411/999 1086/2412/999
f 1091/2408/1008 1090/2407/1008 1094/2413/1008 1095/2414/1008
f 1086/2412/999 1085/2411/999 1089/2415/999 1090/2416/999
f 1085/2390/1009 1088/2389/1009 1092/2417/1009 1089/2418/1009
f 1088/2410/1001 1087/2409/1001 1091/2419/1001 1092/2420/1001
f 1093/2421/1010 1096/2422/1010 1095/2423/1010 1094/2424/1010
f 1090/2416/999 1089/2415/999 1093/2425/999 1094/2426/999
f 1089/2418/1011 1092/2417/1011 1096/2427/1011 1093/2428/1011
f 1092/2420/1001 1091/2419/1001 1095/2429/1001 1096/2430/1001
f 1097/2431/1012 1098/2432/1012 1099/2433/1012 1100/2434/1012
f 1101/2435/1013 1104/2436/1013 1103/2437/1013 1102/2438/1013
f 1097/2439/1014 1100/2440/1014 1104/2441/1014 1101/2442/1014
f 1100/2443/1001 1099/2444/1001 1103/2445/1001 1104/2446/1001
f 1099/2447/1015 1098/2448/1015 1102/2449/1015 1103/2450/1015
f 1098/2451/999 1097/2452/999 1101/2453/999 1102/2454/999
f 1105/2455/1001 1106/2456/1001 1108/2457/1001 1107/2458/1001 1122/2459/1001 1123/2460/1001 1124/2461/1001 1125/2462/1001 1126/2463/1001 1159/2464/1001 1155/2465/1001 1157/2466/1001 1161/2467/1001 1163/2468/1001 1127/2469/1001 1128/2470/1001 1129/2471/1001 1130/2472/1001
f 1107/2473/1016 1108/2474/1017 1112/2475/1017 1111/2476/1018
f 1111/2477/999 1112/2478/999 1110/2479/999 1109/2480/999 1113/2481/999 1114/2482/999 1115/2483/999 1116/2484/1019 1164/2485/1019 1162/2486/999 1158/2487/999 1156/2488/999 1160/2489/999 1117/2490/999 1118/2491/999 1119/2492/999 1120/2493/999 1121/2494/999
f 1109/2495/1020 1110/2496/1020 1106/2497/1020 1105/2498/1020
f 1164/2485/1019 1116/2484/1019 1175/2499/1019 1176/2500/1019
f 1112/2501/1021 1108/2502/1021 1106/2503/1021 1110/2504/1021
f 1130/2505/1022 1113/2506/1022 1109/2507/1022 1105/2508/1022
f 1114/2509/1023 1129/2510/1023 1128/2511/1023 1115/2512/1023
f 1115/2513/996 1128/2514/996 1127/2515/996 1116/2516/996
f 1113/2506/1024 1130/2505/1024 1129/2517/1024 1114/2518/1024
f 1117/2519/1025 1126/2520/1025 1125/2521/1025 1118/2522/1025
f 1119/2492/999 1118/2491/999 1135/2523/999 1131/2524/999 1132/2525/999
f 1138/2526/1026 1139/2527/1026 1154/2528/1026 1153/2529/1026
f 1123/2460/1027 1122/2459/1027 1148/2530/1027 1149/2531/1027
f 1133/2532/1028 1124/2461/1029 1150/2533/1030 1152/2534/1028
f 1134/2535/1001 1133/2532/1001 1139/2536/1001 1140/2537/1001 1142/2538/1001
f 1122/2459/1031 1107/2458/1031 1144/2539/1031 1148/2530/1031
f 1125/2462/1001 1124/2461/1001 1133/2532/1001 1134/2535/1001 1136/2540/1001
f 1118/2522/1032 1125/2521/1032 1136/2541/1032 1135/2542/1032
f 1135/2543/1033 1136/2544/1033 1134/2545/1033 1131/2546/1033
f 1137/2547/1034 1141/2548/1034 1179/2549/1034 1177/2550/1034
f 1132/2525/999 1131/2524/999 1141/2548/999 1137/2547/999 1138/2551/999
f 1107/2473/1016 1111/2476/1018 1143/2552/1035 1144/2553/1035
f 1146/2554/1036 1150/2555/1037 1149/2556/1038 1147/2557/1038
f 1141/2558/1039 1168/2559/1039 1182/2560/1039 1179/2561/1039
f 1147/2557/1040 1149/2556/1040 1148/2562/1040 1145/2563/1040
f 1144/2564/1041 1143/2565/1041 1145/2566/1041 1148/2567/1041
f 1150/2555/1037 1146/2554/1036 1151/2568/1042 1152/2569/1042
f 1152/2569/1043 1151/2568/1043 1153/2570/1043 1154/2571/1043
f 1120/2493/1044 1119/2492/1045 1146/2572/1046 1147/2573/1044
f 1132/2525/1047 1138/2551/1047 1153/2574/1047 1151/2575/1047
f 1124/2461/1029 1123/2460/1048 1149/2531/1048 1150/2533/1030
f 1139/2536/1049 1133/2532/1049 1152/2534/1049 1154/2576/1049
f 1121/2494/1050 1120/2493/1050 1147/2573/1050 1145/2577/1050
f 1119/2492/1045 1132/2525/1051 1151/2575/1051 1146/2572/1046
f 1111/2477/1052 1121/2494/1052 1145/2577/1052 1143/2578/1052
f 1156/2579/1053 1155/2580/1053 1159/2581/1053 1160/2582/1053
f 1158/2583/1054 1157/2584/1054 1155/2580/1054 1156/2579/1054
f 1160/2585/1055 1159/2586/1055 1126/2520/1055 1117/2519/1055
f 1162/2587/1056 1161/2588/1056 1157/2584/1056 1158/2583/1056
f 1164/2589/1057 1163/2590/1057 1161/2588/1057 1162/2587/1057
f 1168/2591/999 1165/2592/1019 1169/2593/1019 1172/2594/1019
f 1141/2548/999 1131/2524/999 1165/2592/1019 1168/2591/999
f 1131/2546/1058 1134/2545/1058 1166/2595/1058 1165/2596/1058
f 1134/2535/1001 1142/2538/1001 1167/2597/1059 1166/2598/1059
f 1169/2599/1060 1170/2600/1060 1171/2601/1060 1172/2602/1060
f 1165/2603/1061 1166/2604/1061 1170/2605/1061 1169/2606/1061
f 1167/2607/1062 1168/2608/1062 1172/2609/1062 1171/2610/1062
f 1166/2598/1059 1167/2597/1059 1171/2611/1001 1170/2612/1001
f 1175/2613/1063 1174/2614/1063 1173/2615/1063 1176/2616/1063
f 1127/2469/1001 1163/2468/1001 1173/2617/1001 1174/2618/1001
f 1163/2619/1064 1164/2620/1064 1176/2621/1064 1173/2622/1064
f 1116/2516/1065 1127/2515/1065 1174/2623/1065 1175/2624/1065
f 1172/2594/999 1169/2593/999 1176/2500/999 1175/2499/999
f 1174/2623/1066 1171/2610/1066 1172/2609/1066 1175/2624/1066
f 1171/2611/1001 1174/2618/1001 1173/2617/1001 1170/2612/1001
f 1176/2621/1067 1169/2606/1067 1170/2605/1067 1173/2622/1067
f 1180/2625/1068 1179/2561/1068 1182/2560/1068 1181/2626/1068
f 1179/2561/1069 1180/2625/1069 1178/2627/1069 1177/2628/1069
f 1140/2629/1070 1137/2630/1070 1177/2628/1070 1178/2627/1070
f 1167/2597/1071 1142/2538/1071 1180/2631/1071 1181/2632/1071
f 1142/2538/1072 1140/2537/1072 1178/2633/1072 1180/2631/1072
f 1168/2634/1073 1167/2635/1073 1181/2636/1073 1182/2637/1073
f 1139/2638/1074 1154/2639/1074 1188/2640/1074 1185/2641/1074
f 1178/2642/1075 1190/2643/1075 1189/2644/1075 1177/2645/1075
f 1140/2646/1076 1139/2638/1076 1185/2641/1076 1186/2647/1076
f 1178/2642/1077 1140/2648/1077 1186/2649/1077 1190/2643/1077
f 1153/2574/1078 1138/2551/1078 1184/2650/1078 1187/2651/1078
f 1154/2571/1079 1153/2570/1079 1187/2652/1079 1188/2653/1079
f 1138/2551/1080 1137/2547/1080 1183/2654/1080 1184/2650/1080
f 1177/2550/1081 1189/2655/1081 1183/2654/1081 1137/2547/1081
f 1183/2656/1082 1189/2657/1082 1190/2658/1082 1186/2659/1082 1185/2660/1082 1188/2661/1082 1187/2662/1082 1184/2663/1082
f 1191/2664/997 1192/2665/997 1193/2666/997 1194/2667/997
f 1195/2668/996 1198/2669/996 1197/2670/996 1196/2671/996
f 1191/2672/1000 1194/2673/1000 1198/2674/1000 1195/2675/1000
f 1194/2676/1059 1193/2677/1059 1197/2678/1059 1198/2679/1059
f 1193/2680/998 1192/2681/998 1196/2682/998 1197/2683/998
f 1192/2684/1019 1191/2685/1019 1195/2686/1019 1196/2687/1019
f 1199/2688/1017 1206/2689/1017 1207/2690/1017 1205/2691/1017 1204/2692/1017 1203/2693/1017 1202/2694/1017 1201/2695/1017 1200/2696/1017 1208/2697/1017
f 1214/2698/1083 1215/2699/1083 1225/2700/1083 1224/2701/1083
f 1204/2702/1084 1205/2703/1084 1215/2699/1084 1214/2698/1084
f 1201/2704/1085 1202/2705/1085 1212/2706/1085 1211/2707/1085
f 1199/2708/1086 1208/2709/1086 1209/2710/1086 1218/2711/1086
f 1207/2712/1087 1206/2713/1087 1217/2714/1087 1216/2715/1087
f 1202/2716/1088 1203/2717/1088 1213/2718/1088 1212/2719/1088
f 1208/2709/1089 1200/2720/1089 1210/2721/1089 1209/2710/1089
f 1206/2722/1090 1199/2723/1090 1218/2724/1090 1217/2725/1090
f 1203/2717/1091 1204/2726/1091 1214/2727/1091 1213/2718/1091
f 1200/2720/1092 1201/2704/1092 1211/2707/1092 1210/2721/1092
f 1205/2703/1093 1207/2712/1093 1216/2715/1093 1215/2699/1093
f 1221/2728/1094 1222/2729/1094 1232/2730/1094 1231/2731/1094
f 1211/2707/1095 1212/2706/1095 1222/2729/1095 1221/2728/1095
f 1218/2711/999 1209/2710/999 1219/2732/999 1228/2733/999
f 1216/2715/1001 1217/2714/1001 1227/2734/1001 1226/2735/1001
f 1212/2719/1096 1213/2718/1096 1223/2736/1096 1222/2737/1096
f 1209/2710/999 1210/2721/999 1220/2738/999 1219/2732/999
f 1217/2725/1097 1218/2724/1097 1228/2739/1097 1227/2740/1097
f 1213/2718/1098 1214/2727/1098 1224/2741/1098 1223/2736/1098
f 1210/2742/1099 1211/2743/1099 1221/2744/1099 1220/2745/1099
f 1215/2699/1001 1216/2715/1001 1226/2735/1001 1225/2700/1001
f 1238/2746/1020 1229/2747/1020 1230/2748/1020 1231/2749/1020 1232/2750/1020 1233/2751/1020 1234/2752/1020 1235/2753/1020 1236/2754/1020 1237/2755/1020
f 1228/2733/999 1219/2732/999 1229/2756/999 1238/2757/999
f 1226/2735/1001 1227/2734/1001 1237/2758/1059 1236/2759/1001
f 1222/2737/1100 1223/2736/1100 1233/2760/1100 1232/2761/1100
f 1219/2732/999 1220/2738/999 1230/2762/999 1229/2756/999
f 1227/2740/1101 1228/2739/1101 1238/2763/1101 1237/2764/1101
f 1223/2736/1102 1224/2741/1102 1234/2765/1102 1233/2760/1102
f 1220/2745/1103 1221/2744/1103 1231/2766/1103 1230/2767/1103
f 1225/2700/1001 1226/2735/1001 1236/2759/1001 1235/2768/1001
f 1224/2701/1104 1225/2700/1104 1235/2768/1104 1234/2769/1104
f 1239/2770/1020 1257/2771/1020 1240/2772/1020 1241/2773/1020 1242/2774/1020 1243/2775/1020 1244/2776/1020 1245/2777/1020 1255/2778/1020 1246/2779/1020
f 1247/2780/1017 1254/2781/1017 1256/2782/1017 1253/2783/1017 1252/2784/1017 1251/2785/1017 1250/2786/1017 1249/2787/1017 1248/2788/1017 1258/2789/1017
f 1241/2790/1105 1240/2791/1105 1248/2792/1105 1249/2793/1105
f 1255/2794/1106 1245/2795/1106 1253/2796/1106 1256/2797/1106
f 1244/2798/1107 1243/2799/1107 1251/2800/1107 1252/2801/1107
f 1242/2802/1108 1241/2790/1108 1249/2793/1108 1250/2803/1108
f 1257/2804/1109 1239/2805/1109 1247/2806/1109 1258/2807/1109
f 1239/2808/1110 1246/2809/1110 1254/2810/1110 1247/2811/1110
f 1245/2795/1111 1244/2812/1111 1252/2813/1111 1253/2796/1111
f 1243/2799/1112 1242/2814/1112 1250/2815/1112 1251/2800/1112
f 1246/2816/1113 1255/2794/1113 1256/2797/1113 1254/2817/1113
f 1240/2791/1114 1257/2804/1114 1258/2807/1114 1248/2792/1114
f 1259/2818/1020 1268/2819/1020 1260/2820/1020 1261/2821/1020 1262/2822/1020 1263/2823/1020 1264/2824/1020 1265/2825/1020 1267/2826/1020 1266/2827/1020
f 1269/2828/1059 1270/2829/1059 1272/2830/1059 1271/2831/1059
f 1277/2832/1115 1278/2833/1115 1276/2834/1115 1275/2835/1115
f 1275/2836/1019 1276/2837/1019 1274/2838/1019 1273/2839/1019
f 1279/2840/1116 1280/2841/1116 1270/2842/1116 1269/2843/1116
f 1277/2844/1117 1275/2845/1117 1273/2846/1117 1279/2847/1117
f 1278/2848/1118 1272/2849/1118 1270/2850/1118 1280/2851/1118
f 1276/2852/1119 1278/2848/1119 1280/2851/1119 1274/2853/1119
f 1271/2854/1120 1277/2844/1120 1279/2847/1120 1269/2855/1120
f 1273/2856/1121 1274/2857/1121 1280/2841/1121 1279/2840/1121
f 1271/2858/1122 1272/2859/1122 1278/2833/1122 1277/2832/1122
f 1281/2860/1059 1282/2861/1059 1284/2862/1059 1283/2863/1059
f 1289/2864/1123 1292/2865/1123 1288/2866/1123 1287/2867/1123
f 1287/2868/1019 1288/2869/1019 1286/2870/1019 1285/2871/1019
f 1293/2872/1124 1296/2873/1124 1282/2874/1124 1281/2875/1124
f 1289/2876/1125 1287/2877/1125 1285/2878/1125 1294/2879/1125
f 1291/2880/1126 1284/2881/1126 1282/2882/1126 1296/2883/1126
f 1288/2884/1127 1292/2885/1127 1295/2886/1127 1286/2887/1127
f 1292/2885/1128 1291/2880/1128 1296/2883/1128 1295/2886/1128
f 1283/2888/1129 1290/2889/1129 1293/2890/1129 1281/2891/1129
f 1290/2889/1130 1289/2876/1130 1294/2879/1130 1293/2890/1130
f 1285/2892/1131 1286/2893/1131 1295/2894/1131 1294/2895/1131
f 1294/2895/1020 1295/2894/1020 1296/2873/1020 1293/2872/1020
f 1283/2896/1132 1284/2897/1132 1291/2898/1132 1290/2899/1132
f 1290/2899/1017 1291/2898/1017 1292/2865/1017 1289/2864/1017
f 1298/2900/1133 1297/2901/1133 1303/2902/1133 1304/2903/1133
f 1301/2904/1107 1300/2905/1107 1306/2906/1107 1307/2907/1107
f 1299/2908/1108 1298/2900/1108 1304/2903/1108 1305/2909/1108
f 1302/2910/1134 1301/2911/1134 1307/2912/1134 1308/2913/1134
f 1299/2908/1105 1305/2909/1105 1311/2914/1105 1309/2915/1105
f 1310/2916/1112 1309/2917/1112 1311/2918/1112 1312/2919/1112
f 1300/2920/1020 1299/2921/1020 1309/2922/1020 1310/2923/1020
f 1306/2924/1111 1300/2925/1111 1310/2926/1111 1312/2927/1111
f 1305/2928/1017 1306/2929/1017 1312/2930/1017 1311/2931/1017
f 1303/2932/1017 1308/2933/1017 1307/2934/1017 1306/2929/1017 1305/2928/1017 1304/2935/1017
f 1297/2936/1020 1298/2937/1020 1299/2921/1020 1300/2920/1020 1301/2938/1020 1302/2939/1020
f 1330/2940/1128 1331/2941/1128 1332/2942/1128 1329/2943/1128
f 1319/2944/1135 1334/2945/1135 1344/2946/1135 1341/2947/1135
f 1335/2948/1019 1333/2949/1019 1334/2950/1019 1319/2951/1019
f 1338/2952/1059 1336/2953/1059 1337/2954/1059 1340/2955/1059
f 1320/2956/1136 1339/2957/1136 1327/2958/1136 1328/2959/1136
f 1321/2960/1059 1322/2961/1059 1339/2962/1059 1320/2963/1059
f 1316/2964/1137 1315/2965/1137 1322/2961/1137 1321/2960/1137
f 1315/2966/1138 1316/2967/1138 1314/2968/1138 1313/2969/1138
f 1331/2941/1139 1330/2940/1139 1336/2970/1139 1338/2971/1139
f 1329/2943/1140 1332/2942/1140 1333/2972/1140 1335/2973/1140
f 1342/2974/1130 1341/2947/1130 1344/2946/1130 1343/2975/1130
f 1340/2955/1141 1337/2954/1141 1342/2976/1141 1343/2977/1141
f 1314/2968/1142 1324/2978/1142 1323/2979/1142 1313/2969/1142
f 1318/2980/999 1317/2981/999 1323/2982/999 1324/2983/999
f 1315/2984/1017 1313/2985/1017 1330/2986/1017 1329/2987/1017
f 1314/2988/1020 1316/2989/1020 1332/2990/1020 1331/2991/1020
f 1321/2992/1020 1320/2993/1020 1334/2994/1020 1333/2995/1020
f 1322/2996/1017 1315/2984/1017 1329/2987/1017 1335/2997/1017
f 1323/2998/1017 1317/2999/1017 1337/3000/1017 1336/3001/1017
f 1324/3002/1020 1314/2988/1020 1331/2991/1020 1338/3003/1020
f 1316/2989/1020 1321/2992/1020 1333/2995/1020 1332/2990/1020
f 1339/3004/1017 1322/2996/1017 1335/2997/1017 1319/3005/1017
f 1313/2985/1017 1323/2998/1017 1336/3001/1017 1330/2986/1017
f 1318/3006/1020 1324/3002/1020 1338/3003/1020 1340/3007/1020
f 1325/3008/1017 1327/3009/1017 1341/3010/1017 1342/3011/1017
f 1328/3012/1020 1326/3013/1020 1343/3014/1020 1344/3015/1020
f 1320/2993/1020 1328/3012/1020 1344/3015/1020 1334/2994/1020
f 1327/3009/1017 1339/3004/1017 1319/3005/1017 1341/3010/1017
f 1317/2999/1017 1325/3008/1017 1342/3011/1017 1337/3000/1017
f 1326/3013/1020 1318/3006/1020 1340/3007/1020 1343/3014/1020
f 1327/2958/1128 1325/3016/1128 1326/3017/1128 1328/2959/1128
f 1318/2980/1143 1326/3018/1143 1325/3019/1143 1317/2981/1143
f 1345/3020/1128 1346/3021/1128 1348/3022/1128 1347/3023/1128
f 1349/3024/1138 1351/3025/1138 1352/3026/1138 1350/3027/1138
f 1347/3028/1019 1348/3029/1019 1352/3030/1019 1351/3031/1019
f 1346/3032/1001 1345/3033/1001 1349/3034/1001 1350/3035/1001
f 1348/3036/1020 1346/3037/1020 1350/3038/1020 1352/3039/1020
f 1345/3040/1017 1347/3041/1017 1351/3042/1017 1349/3043/1017
f 1353/3044/1020 1354/3045/1020 1355/3046/1020 1356/3047/1020 1357/3048/1020 1358/3049/1020 1359/3050/1020 1360/3051/1020
f 1361/3052/1017 1368/3053/1017 1367/3054/1017 1366/3055/1017 1365/3056/1017 1364/3057/1017 1363/3058/1017 1362/3059/1017
f 1355/3060/1105 1354/3061/1105 1362/3062/1105 1363/3063/1105
f 1360/3064/1144 1359/3065/1144 1367/3066/1144 1368/3067/1144
f 1358/3068/1145 1357/3069/1145 1365/3070/1145 1366/3071/1145
f 1356/3072/1108 1355/3060/1108 1363/3063/1108 1364/3073/1108
f 1354/3074/1146 1353/3075/1146 1361/3076/1146 1362/3077/1146
f 1353/3075/1147 1360/3078/1147 1368/3079/1147 1361/3076/1147
f 1359/3065/1111 1358/3080/1111 1366/3081/1111 1367/3066/1111
f 1357/3069/1112 1356/3082/1112 1364/3083/1112 1365/3070/1112
f 1369/3084/1020 1370/3085/1020 1371/3086/1020 1372/3087/1020 1373/3088/1020 1374/3089/1020 1375/3090/1020 1376/3091/1020
f 1377/3092/1017 1384/3093/1017 1383/3094/1017 1382/3095/1017 1381/3096/1017 1380/3097/1017 1379/3098/1017 1378/3099/1017
f 1376/3100/1144 1375/3101/1144 1383/3102/1144 1384/3103/1144
f 1374/3104/1145 1373/3105/1145 1381/3106/1145 1382/3107/1145
f 1372/3108/1108 1371/3109/1108 1379/3110/1108 1380/3111/1108
f 1370/3112/1148 1369/3113/1148 1377/3114/1148 1378/3115/1148
f 1369/3113/1149 1376/3116/1149 1384/3117/1149 1377/3114/1149
f 1375/3101/1111 1374/3118/1111 1382/3119/1111 1383/3102/1111
f 1373/3105/1112 1372/3120/1112 1380/3121/1112 1381/3106/1112
f 1371/3109/1105 1370/3122/1105 1378/3123/1105 1379/3110/1105
f 1385/3124/1020 1386/3125/1020 1387/3126/1020 1388/3127/1020 1389/3128/1020 1390/3129/1020 1391/3130/1020 1392/3131/1020
f 1393/3132/1017 1400/3133/1017 1399/3134/1017 1398/3135/1017 1397/3136/1017 1396/3137/1017 1395/3138/1017 1394/3139/1017
f 1392/3140/1144 1391/3141/1144 1399/3142/1144 1400/3143/1144
f 1390/3144/1145 1389/3145/1145 1397/3146/1145 1398/3147/1145
f 1388/3148/1108 1387/3149/1108 1395/3150/1108 1396/3151/1108
f 1386/1415/1146 1385/3152/1146 1393/3153/1146 1394/3154/1146
f 1385/3152/1147 1392/3155/1147 1400/3156/1147 1393/3153/1147
f 1391/3141/1111 1390/3157/1111 1398/3158/1111 1399/3142/1111
f 1389/3145/1112 1388/3159/1112 1396/3160/1112 1397/3146/1112
f 1387/3149/1105 1386/3161/1105 1394/3162/1105 1395/3150/1105
f 1401/3163/1020 1402/3164/1020 1403/3165/1020 1404/3166/1020 1405/3167/1020 1406/3168/1020 1407/3169/1020 1408/3170/1020
f 1409/3171/1017 1416/3172/1017 1415/3173/1017 1414/3174/1017 1413/3175/1017 1412/3176/1017 1411/3177/1017 1410/3178/1017
f 1408/3179/1144 1407/3180/1144 1415/3181/1144 1416/3182/1144
f 1406/3183/1145 1405/3184/1145 1413/3185/1145 1414/3186/1145
f 1404/3187/1108 1403/3188/1108 1411/3189/1108 1412/3190/1108
f 1402/3191/1146 1401/3192/1146 1409/3193/1146 1410/3194/1146
f 1401/3192/1147 1408/3195/1147 1416/3196/1147 1409/3193/1147
f 1407/3180/1111 1406/3197/1111 1414/3198/1111 1415/3181/1111
f 1405/3184/1112 1404/3199/1112 1412/3200/1112 1413/3185/1112
f 1403/3188/1105 1402/3201/1105 1410/3202/1105 1411/3189/1105
f 1420/3203/1150 1421/3204/1150 1429/3205/1150 1428/3206/1150
f 1431/3207/1151 1432/3208/1151 1440/3209/1151 1439/3210/1151
f 1423/3211/1152 1424/3212/1152 1432/3208/1152 1431/3207/1152
f 1418/3213/1153 1419/3214/1153 1427/3215/1153 1426/3216/1153
f 1421/3204/1154 1422/3217/1154 1430/3218/1154 1429/3205/1154
f 1424/3219/1155 1417/3220/1155 1425/3221/1155 1432/3222/1155
f 1417/3220/1156 1418/3223/1156 1426/3224/1156 1425/3221/1156
f 1419/3214/1157 1420/3225/1157 1428/3226/1157 1427/3215/1157
f 1422/3227/1158 1423/3211/1158 1431/3207/1158 1430/3228/1158
f 1433/3229/1020 1434/3230/1020 1435/3231/1020 1436/3232/1020 1437/3233/1020 1438/3234/1020 1439/3235/1020 1440/3236/1020
f 1429/3205/1159 1430/3218/1159 1438/3237/1159 1437/3238/1159
f 1427/3215/1160 1428/3226/1160 1436/3239/1160 1435/3240/1160
f 1425/3221/1161 1426/3224/1161 1434/3241/1161 1433/3242/1161
f 1432/3222/1162 1425/3221/1162 1433/3242/1162 1440/3243/1162
f 1430/3228/1163 1431/3207/1163 1439/3210/1163 1438/3244/1163
f 1428/3206/1164 1429/3205/1164 1437/3238/1164 1436/3245/1164
f 1426/3216/1165 1427/3215/1165 1435/3240/1165 1434/3246/1165
f 1419/3247/1166 1418/3248/1166 1442/3249/1166 1443/3250/1166
f 1441/3251/1017 1448/3252/1017 1447/3253/1017 1446/3254/1017 1445/3255/1017 1444/3256/1017 1443/3250/1017 1442/3249/1017
f 1424/3212/1167 1423/3211/1167 1447/3257/1167 1448/3258/1167
f 1422/3217/1168 1421/3204/1168 1445/3259/1168 1446/3260/1168
f 1420/3225/1169 1419/3214/1169 1443/3261/1169 1444/3262/1169
f 1418/3248/1170 1417/3263/1170 1441/3251/1170 1442/3249/1170
f 1417/3263/1171 1424/3264/1171 1448/3252/1171 1441/3251/1171
f 1423/3211/1172 1422/3227/1172 1446/3265/1172 1447/3257/1172
f 1421/3204/1173 1420/3203/1173 1444/3266/1173 1445/3259/1173
f 1452/3267/1174 1453/3268/1174 1461/3269/1174 1460/3270/1174
f 1463/3271/1175 1464/3272/1175 1472/3273/1175 1471/3274/1175
f 1455/3275/1176 1456/3276/1176 1464/3272/1176 1463/3271/1176
f 1450/3277/1177 1451/3278/1177 1459/3279/1177 1458/3280/1177
f 1453/3268/1178 1454/3281/1178 1462/3282/1178 1461/3269/1178
f 1456/3283/1179 1449/3284/1179 1457/3285/1179 1464/3286/1179
f 1449/3284/1180 1450/3287/1180 1458/3288/1180 1457/3285/1180
f 1451/3278/1181 1452/3289/1181 1460/3290/1181 1459/3279/1181
f 1454/3291/1182 1455/3275/1182 1463/3271/1182 1462/3292/1182
f 1465/3293/1020 1466/3294/1020 1467/3295/1020 1468/3296/1020 1469/3297/1020 1470/3298/1020 1471/3299/1020 1472/3300/1020
f 1461/3269/1183 1462/3282/1183 1470/3301/1183 1469/3302/1183
f 1459/3279/1184 1460/3290/1184 1468/3303/1184 1467/3304/1184
f 1457/3285/1185 1458/3288/1185 1466/3305/1185 1465/3306/1185
f 1464/3286/1186 1457/3285/1186 1465/3306/1186 1472/3307/1186
f 1462/3292/1187 1463/3271/1187 1471/3274/1187 1470/3308/1187
f 1460/3270/1188 1461/3269/1188 1469/3302/1188 1468/3309/1188
f 1458/3280/1189 1459/3279/1189 1467/3304/1189 1466/3310/1189
f 1455/3275/1190 1454/3291/1190 1478/3311/1190 1479/3312/1190
f 1454/3281/1191 1453/3268/1191 1477/3313/1191 1478/3314/1191
f 1453/3268/1192 1452/3267/1192 1476/3315/1192 1477/3313/1192
f 1452/3316/1193 1451/3317/1193 1475/3318/1193 1476/3319/1193
f 1451/3317/1194 1450/3320/1194 1474/3321/1194 1475/3318/1194
f 1450/3320/1195 1449/3322/1195 1473/3323/1195 1474/3321/1195
f 1449/3322/1196 1456/3324/1196 1480/3325/1196 1473/3323/1196
f 1456/3276/1197 1455/3275/1197 1479/3312/1197 1480/3326/1197
f 1473/3323/1017 1480/3325/1017 1479/3327/1017 1478/3328/1017 1477/3329/1017 1476/3319/1017 1475/3318/1017 1474/3321/1017
f 1484/3330/1198 1485/3331/1198 1493/3332/1198 1492/3333/1198
f 1495/3334/1199 1496/3335/1199 1504/3336/1199 1503/3337/1199
f 1487/3338/1200 1488/3339/1200 1496/3335/1200 1495/3334/1200
f 1482/3340/1201 1483/3341/1201 1491/3342/1201 1490/3343/1201
f 1485/3331/1202 1486/3344/1202 1494/3345/1202 1493/3332/1202
f 1488/3346/1203 1481/3347/1203 1489/3348/1203 1496/3349/1203
f 1481/3347/1204 1482/3350/1204 1490/3351/1204 1489/3348/1204
f 1483/3341/1205 1484/3352/1205 1492/3353/1205 1491/3342/1205
f 1486/3354/1206 1487/3338/1206 1495/3334/1206 1494/3355/1206
f 1497/3356/1020 1498/3357/1020 1499/3358/1020 1500/3359/1020 1501/3360/1020 1502/3361/1020 1503/3362/1020 1504/3363/1020
f 1493/3332/1207 1494/3345/1207 1502/3364/1207 1501/3365/1207
f 1491/3342/1208 1492/3353/1208 1500/3366/1208 1499/3367/1208
f 1489/3348/1209 1490/3351/1209 1498/3368/1209 1497/3369/1209
f 1496/3349/1210 1489/3348/1210 1497/3369/1210 1504/3370/1210
f 1494/3371/1211 1495/3372/1211 1503/3362/1211 1502/3361/1211
f 1492/3373/1212 1493/3374/1212 1501/3360/1212 1500/3359/1212
f 1490/3343/1213 1491/3342/1213 1499/3367/1213 1498/3375/1213
f 1505/3376/999 1507/3377/999 1508/3378/999 1506/3379/999
f 1507/3380/1020 1511/3381/1020 1512/3382/1020 1508/3383/1020
f 1511/3384/1001 1509/3385/1001 1510/3386/1001 1512/3387/1001
f 1509/3388/1214 1505/3389/1214 1506/3390/1214 1510/3391/1214
f 1507/3392/1021 1505/3393/1021 1509/3394/1021 1511/3395/1021
f 1512/3396/1130 1510/3397/1130 1506/3398/1130 1508/3399/1130
f 1513/3400/999 1515/3401/999 1516/3402/999 1514/3403/999
f 1515/3404/1020 1519/3405/1020 1520/3406/1020 1516/3407/1020
f 1519/3408/1001 1517/3409/1001 1518/3410/1001 1520/3411/1001
f 1517/3412/1017 1513/3413/1017 1514/3414/1017 1518/3415/1017
f 1515/3416/1128 1513/3417/1128 1517/3418/1128 1519/3419/1128
f 1520/3420/1130 1518/3421/1130 1514/3422/1130 1516/3423/1130
f 1545/3424/1215 1522/3425/1215 1524/3426/1215 1546/3427/1215
f 1546/3428/1017 1524/3429/1017 1528/3430/1017 1547/3431/1017
f 1547/3432/1216 1528/3433/1216 1526/3434/1216 1548/3435/1216
f 1548/3436/1020 1526/3437/1020 1522/3438/1020 1545/3439/1020
f 1558/3440/1017 1559/3441/1017 1565/3442/1017 1566/3443/1017
f 1528/3444/1128 1524/3445/1128 1522/3446/1128 1526/3447/1128
f 1529/3448/1217 1530/3449/1217 1532/3450/1217 1531/3451/1217
f 1531/3452/1218 1532/3453/1218 1610/3454/1218 1536/3455/1218 1535/3456/1218
f 1535/3457/1219 1536/3458/1219 1534/3459/1219 1533/3460/1219
f 1533/3461/1220 1534/3462/1220 1530/3463/1220 1529/3464/1220
f 1586/3465/1017 1585/3466/1017 1539/3467/1017 1537/3468/1017
f 1532/3450/1001 1530/3449/1001 1541/3469/1001 1542/3470/1001
f 1539/3471/1019 1540/3472/1019 1592/3473/1019 1591/3474/1019
f 1587/3475/1221 1586/3476/1221 1537/3477/1221 1538/3478/1221
f 1585/3479/1222 1588/3480/1222 1540/3472/1222 1539/3471/1222
f 1588/3481/1223 1587/3482/1223 1538/3483/1223 1540/3484/1223
f 1543/3485/1224 1609/3486/1224 1542/3487/1224 1541/3488/1224 1544/3489/1224
f 1530/3463/1130 1534/3462/1130 1544/3490/1130 1541/3491/1130
f 1536/3455/1225 1610/3454/1225 1611/3492/1225 1612/3493/1225
f 1534/3459/999 1536/3458/999 1543/3494/999 1544/3495/999
f 1551/3496/1020 1548/3436/1020 1545/3439/1020 1552/3497/1020
f 1550/3498/1226 1547/3432/1226 1548/3435/1226 1551/3499/1226
f 1549/3500/1017 1546/3428/1017 1547/3431/1017 1550/3501/1017
f 1552/3502/1227 1545/3424/1227 1546/3427/1227 1549/3503/1227
f 1556/3504/1228 1552/3502/1228 1549/3503/1228 1553/3505/1228
f 1553/3506/1017 1549/3500/1017 1550/3501/1017 1554/3507/1017
f 1554/3508/1229 1550/3498/1229 1551/3499/1229 1555/3509/1229
f 1555/3510/1020 1551/3496/1020 1552/3497/1020 1556/3511/1020
f 1525/3512/1020 1555/3510/1020 1556/3511/1020 1521/3513/1020
f 1527/3514/1230 1554/3508/1230 1555/3509/1230 1525/3515/1230
f 1554/3508/1230 1527/3514/1230 1559/3516/1230 1560/3517/1230
f 1521/3518/1231 1556/3519/1231 1553/3520/1232 1523/3521/1232
f 1558/3440/1017 1557/3522/1017 1560/3523/1017 1559/3441/1017
f 1525/3512/1020 1521/3513/1020 1562/3524/1020 1564/3525/1020
f 1553/3520/1128 1554/3526/1128 1560/3527/1128 1557/3528/1128
f 1523/3521/1232 1553/3520/1232 1557/3528/1232 1558/3529/1232
f 1563/3530/1233 1564/3531/1234 1570/3532/1234 1569/3533/1233
f 1566/3443/1017 1565/3442/1017 1571/3534/1017 1572/3535/1017
f 1523/3536/1059 1558/3537/1001 1566/3538/1001 1561/3539/1059
f 1559/3516/1019 1527/3514/1019 1563/3540/1019 1565/3541/1019
f 1521/3542/1059 1523/3536/1059 1561/3539/1059 1562/3543/1059
f 1527/3514/1019 1525/3515/1019 1564/3544/1019 1563/3540/1019
f 1567/3545/1059 1572/3546/1001 1578/3547/1001 1573/3548/1059
f 1570/3549/1020 1568/3550/1020 1574/3551/1020 1576/3552/1020
f 1562/3543/1235 1561/3539/1235 1567/3545/1235 1568/3553/1235
f 1565/3554/1236 1563/3530/1233 1569/3533/1233 1571/3555/1236
f 1564/3525/1020 1562/3524/1020 1568/3550/1020 1570/3549/1020
f 1561/3539/1235 1566/3538/1235 1572/3546/1235 1567/3545/1235
f 1574/3556/1237 1573/3548/1237 1579/3557/1237 1580/3558/1237
f 1575/3559/1238 1576/3560/1238 1582/3561/1238 1581/3562/1238
f 1572/3535/1017 1571/3534/1017 1577/3563/1017 1578/3564/1017
f 1569/3565/999 1570/3566/999 1576/3560/999 1575/3559/999
f 1568/3553/1059 1567/3545/1059 1573/3548/1059 1574/3556/1059
f 1571/3567/1019 1569/3565/999 1575/3559/999 1577/3568/1019
f 1579/3569/1130 1581/3570/1130 1582/3571/1130 1580/3572/1130
f 1581/3570/1130 1579/3569/1130 1584/3573/1130 1583/3574/1130
f 1577/3568/1238 1575/3559/1238 1581/3562/1238 1583/3575/1238
f 1576/3552/1020 1574/3551/1020 1580/3576/1020 1582/3577/1020
f 1573/3548/1237 1578/3547/1237 1584/3578/1237 1579/3557/1237
f 1578/3564/1017 1577/3563/1017 1583/3579/1017 1584/3580/1017
f 1533/3581/1020 1529/3582/1020 1587/3482/1020 1588/3481/1020
f 1535/3457/1019 1533/3460/1019 1588/3480/1019 1585/3479/1019
f 1529/3448/1059 1531/3451/1059 1586/3583/1059 1587/3584/1059
f 1531/3452/1017 1535/3456/1017 1585/3466/1017 1586/3465/1017
f 1592/3585/1020 1590/3586/1020 1594/3587/1020 1596/3588/1020
f 1538/3589/1001 1537/3590/1001 1589/3591/1001 1590/3592/1001
f 1540/3484/1020 1538/3483/1020 1590/3586/1020 1592/3585/1020
f 1537/3468/1017 1539/3467/1017 1591/3593/1017 1589/3594/1017
f 1595/3595/1239 1596/3596/1239 1600/3597/1239 1599/3598/1239
f 1589/3594/1017 1591/3593/1017 1595/3599/1017 1593/3600/1017
f 1591/3601/1240 1592/3602/1240 1596/3596/1240 1595/3595/1240
f 1590/3592/1241 1589/3591/1241 1593/3603/1241 1594/3604/1241
f 1600/3605/1020 1598/3606/1020 1602/3607/1020 1604/3608/1020
f 1594/3604/1242 1593/3603/1242 1597/3609/1242 1598/3610/1242
f 1596/3596/1243 1594/3611/1243 1598/3612/1243 1600/3597/1243
f 1593/3600/1017 1595/3599/1017 1599/3613/1017 1597/3614/1017
f 1601/3615/1244 1603/3616/1244 1607/3617/1244 1605/3618/1244
f 1597/3614/1017 1599/3613/1017 1603/3616/1017 1601/3615/1017
f 1599/3619/999 1600/3620/999 1604/3621/999 1603/3622/999
f 1598/3610/1001 1597/3609/1001 1601/3623/1059 1602/3624/1059
f 1605/3625/1138 1607/3626/1138 1608/3627/1138 1606/3628/1138
f 1603/3622/999 1604/3621/999 1608/3629/999 1607/3630/999
f 1602/3624/1059 1601/3623/1059 1605/3631/1059 1606/3632/1059
f 1604/3633/1245 1602/3634/1245 1606/3628/1245 1608/3627/1245
f 1532/3450/1246 1542/3470/1246 1615/3635/1246 1621/3636/1246 1616/3637/1246
f 1612/3638/1247 1611/3639/1247 1619/3640/1247 1613/3641/1247 1614/3642/1247 1620/3643/1247
f 1543/3494/1248 1536/3458/1248 1612/3644/1248 1620/3645/1248 1614/3646/1248
f 1609/3486/1249 1543/3485/1249 1614/3647/1249 1613/3648/1249
f 1610/3649/1250 1609/3650/1250 1613/3651/1250 1619/3652/1250 1611/3653/1250
f 1617/3654/1251 1622/3655/1251 1618/3656/1251 1616/3657/1251 1621/3658/1251 1615/3659/1251
f 1610/3454/1252 1532/3453/1252 1616/3660/1252 1618/3661/1252
f 1609/3662/1253 1610/3663/1253 1618/3664/1253 1622/3665/1253 1617/3666/1253
f 1542/3487/1254 1609/3486/1254 1617/3667/1254 1615/3668/1254
f 1623/3669/1146 1624/3670/1146 1626/3671/1146 1625/3672/1146
f 1625/3673/1105 1626/3674/1105 1628/3675/1105 1627/3676/1105
f 1627/3676/1108 1628/3675/1108 1630/3677/1108 1629/3678/1108
f 1629/3679/1112 1630/3680/1112 1632/3681/1112 1631/3682/1112
f 1631/3682/1145 1632/3681/1145 1634/3683/1145 1633/3684/1145
f 1633/3685/1111 1634/3686/1111 1636/3687/1111 1635/3688/1111
f 1635/3688/1144 1636/3687/1144 1638/3689/1144 1637/3690/1144
f 1637/3691/1147 1638/3692/1147 1624/3670/1147 1623/3669/1147
f 1629/3679/1255 1631/3682/1255 1643/3693/1255 1642/3694/1255
f 1645/3695/1256 1646/3696/1256 1654/3697/1256 1653/3698/1256
f 1635/3688/1257 1637/3690/1257 1646/3696/1257 1645/3695/1257
f 1625/3673/1258 1627/3676/1258 1641/3699/1258 1640/3700/1258
f 1631/3682/1259 1633/3684/1259 1644/3701/1259 1643/3693/1259
f 1637/3691/1260 1623/3669/1260 1639/3702/1260 1646/3703/1260
f 1623/3669/1261 1625/3672/1261 1640/3704/1261 1639/3702/1261
f 1627/3676/1262 1629/3678/1262 1642/3705/1262 1641/3699/1262
f 1633/3685/1263 1635/3688/1263 1645/3695/1263 1644/3706/1263
f 1647/3707/1020 1648/3708/1020 1649/3709/1020 1650/3710/1020 1651/3711/1020 1652/3712/1020 1653/3713/1020 1654/3714/1020
f 1643/3693/1264 1644/3701/1264 1652/3715/1264 1651/3716/1264
f 1641/3699/1265 1642/3705/1265 1650/3717/1265 1649/3718/1265
f 1639/3702/1266 1640/3704/1266 1648/3719/1266 1647/3720/1266
f 1646/3703/1267 1639/3702/1267 1647/3720/1267 1654/3721/1267
f 1644/3706/1268 1645/3695/1268 1653/3698/1268 1652/3722/1268
f 1642/3694/1269 1643/3693/1269 1651/3716/1269 1650/3723/1269
f 1640/3700/1270 1641/3699/1270 1649/3718/1270 1648/3724/1270
f 1655/3725/1146 1656/3726/1146 1658/3727/1146 1657/3728/1146
f 1657/3729/1105 1658/3730/1105 1660/3731/1105 1659/3732/1105
f 1659/3732/1108 1660/3731/1108 1662/3733/1108 1661/3734/1108
f 1661/3735/1112 1662/3736/1112 1664/3737/1112 1663/3738/1112
f 1663/3738/1145 1664/3737/1145 1666/3739/1145 1665/3740/1145
f 1665/3741/1111 1666/3742/1111 1668/3743/1111 1667/3744/1111
f 1662/3745/1271 1660/3746/1271 1689/3747/1271 1690/3748/1271
f 1667/3744/1144 1668/3743/1144 1670/3749/1144 1669/3750/1144
f 1669/3751/1147 1670/3752/1147 1656/3726/1147 1655/3725/1147
f 1661/3735/1272 1663/3738/1272 1675/3753/1272 1674/3754/1272
f 1677/3755/1273 1678/3756/1273 1686/3757/1273 1685/3758/1273
f 1667/3744/1274 1669/3750/1274 1678/3759/1274 1677/3760/1274
f 1657/3729/1275 1659/3732/1275 1673/3761/1275 1672/3762/1275
f 1663/3738/1276 1665/3740/1276 1676/3763/1276 1675/3753/1276
f 1669/3751/1277 1655/3725/1277 1671/3764/1277 1678/3765/1277
f 1655/3725/1278 1657/3728/1278 1672/3766/1278 1671/3764/1278
f 1659/3732/1279 1661/3734/1279 1674/3767/1279 1673/3761/1279
f 1665/3741/1280 1667/3744/1280 1677/3760/1280 1676/3768/1280
f 1679/3769/1020 1680/3770/1020 1681/3771/1020 1682/3772/1020 1683/3773/1020 1684/3774/1020 1685/3758/1020 1686/3757/1020
f 1675/3775/1281 1676/3776/1281 1684/3774/1281 1683/3773/1281
f 1673/3761/1282 1674/3767/1282 1682/3777/1282 1681/3778/1282
f 1671/3764/1283 1672/3766/1283 1680/3779/1283 1679/3780/1283
f 1678/3765/1284 1671/3764/1284 1679/3780/1284 1686/3781/1284
f 1676/3776/1285 1677/3755/1285 1685/3758/1285 1684/3774/1285
f 1674/3782/1286 1675/3775/1286 1683/3773/1286 1682/3772/1286
f 1672/3762/1287 1673/3761/1287 1681/3778/1287 1680/3783/1287
f 1687/3784/1017 1688/3785/1017 1694/3786/1017 1693/3787/1017 1692/3788/1017 1691/3789/1017 1690/3748/1017 1689/3747/1017
f 1668/3743/1288 1666/3742/1288 1692/3790/1288 1693/3791/1288
f 1664/3792/1289 1662/3745/1289 1690/3748/1289 1691/3789/1289
f 1670/3793/1290 1668/3794/1290 1693/3787/1290 1694/3786/1290
f 1660/3746/1291 1658/3795/1291 1687/3784/1291 1689/3747/1291
f 1666/3796/1292 1664/3792/1292 1691/3789/1292 1692/3788/1292
f 1656/3797/1293 1670/3793/1293 1694/3786/1293 1688/3785/1293
f 1658/3795/1294 1656/3797/1294 1688/3785/1294 1687/3784/1294
